<?xml version="1.0" encoding="UTF-8"?>
<kml xmlns="http://www.opengis.net/kml/2.2">
  <Document>
    <name>EPark Map 2025</name>
    <description>View pay machine locations, zones and the event parking region. </description>
    <Style id="icon-1735-01579B-normal">
      <IconStyle>
        <color>ff9b5701</color>
        <scale>1</scale>
        <Icon>
          <href>https://www.gstatic.com/mapspro/images/stock/503-wht-blank_maps.png</href>
        </Icon>
      </IconStyle>
      <LabelStyle>
        <scale>0</scale>
      </LabelStyle>
    </Style>
    <Style id="icon-1735-01579B-highlight">
      <IconStyle>
        <color>ff9b5701</color>
        <scale>1</scale>
        <Icon>
          <href>https://www.gstatic.com/mapspro/images/stock/503-wht-blank_maps.png</href>
        </Icon>
      </IconStyle>
      <LabelStyle>
        <scale>1</scale>
      </LabelStyle>
    </Style>
    <StyleMap id="icon-1735-01579B">
      <Pair>
        <key>normal</key>
        <styleUrl>#icon-1735-01579B-normal</styleUrl>
      </Pair>
      <Pair>
        <key>highlight</key>
        <styleUrl>#icon-1735-01579B-highlight</styleUrl>
      </Pair>
    </StyleMap>
    <Style id="icon-1735-E65100-normal">
      <IconStyle>
        <color>ff0051e6</color>
        <scale>1</scale>
        <Icon>
          <href>https://www.gstatic.com/mapspro/images/stock/503-wht-blank_maps.png</href>
        </Icon>
      </IconStyle>
      <LabelStyle>
        <scale>0</scale>
      </LabelStyle>
    </Style>
    <Style id="icon-1735-E65100-highlight">
      <IconStyle>
        <color>ff0051e6</color>
        <scale>1</scale>
        <Icon>
          <href>https://www.gstatic.com/mapspro/images/stock/503-wht-blank_maps.png</href>
        </Icon>
      </IconStyle>
      <LabelStyle>
        <scale>1</scale>
      </LabelStyle>
    </Style>
    <StyleMap id="icon-1735-E65100">
      <Pair>
        <key>normal</key>
        <styleUrl>#icon-1735-E65100-normal</styleUrl>
      </Pair>
      <Pair>
        <key>highlight</key>
        <styleUrl>#icon-1735-E65100-highlight</styleUrl>
      </Pair>
    </StyleMap>
    <Style id="poly-009D57-1200-77-normal">
      <LineStyle>
        <color>ff579d00</color>
        <width>1.2</width>
      </LineStyle>
      <PolyStyle>
        <color>4d579d00</color>
        <fill>1</fill>
        <outline>1</outline>
      </PolyStyle>
    </Style>
    <Style id="poly-009D57-1200-77-highlight">
      <LineStyle>
        <color>ff579d00</color>
        <width>1.8</width>
      </LineStyle>
      <PolyStyle>
        <color>4d579d00</color>
        <fill>1</fill>
        <outline>1</outline>
      </PolyStyle>
    </Style>
    <StyleMap id="poly-009D57-1200-77">
      <Pair>
        <key>normal</key>
        <styleUrl>#poly-009D57-1200-77-normal</styleUrl>
      </Pair>
      <Pair>
        <key>highlight</key>
        <styleUrl>#poly-009D57-1200-77-highlight</styleUrl>
      </Pair>
    </StyleMap>
    <Style id="poly-0288D1-1200-219-normal">
      <LineStyle>
        <color>ffd18802</color>
        <width>1.2</width>
      </LineStyle>
      <PolyStyle>
        <color>dbd18802</color>
        <fill>1</fill>
        <outline>1</outline>
      </PolyStyle>
    </Style>
    <Style id="poly-0288D1-1200-219-highlight">
      <LineStyle>
        <color>ffd18802</color>
        <width>1.8</width>
      </LineStyle>
      <PolyStyle>
        <color>dbd18802</color>
        <fill>1</fill>
        <outline>1</outline>
      </PolyStyle>
    </Style>
    <StyleMap id="poly-0288D1-1200-219">
      <Pair>
        <key>normal</key>
        <styleUrl>#poly-0288D1-1200-219-normal</styleUrl>
      </Pair>
      <Pair>
        <key>highlight</key>
        <styleUrl>#poly-0288D1-1200-219-highlight</styleUrl>
      </Pair>
    </StyleMap>
    <Style id="poly-0BA9CC-1200-77-normal">
      <LineStyle>
        <color>ffcca90b</color>
        <width>1.2</width>
      </LineStyle>
      <PolyStyle>
        <color>4dcca90b</color>
        <fill>1</fill>
        <outline>1</outline>
      </PolyStyle>
    </Style>
    <Style id="poly-0BA9CC-1200-77-highlight">
      <LineStyle>
        <color>ffcca90b</color>
        <width>1.8</width>
      </LineStyle>
      <PolyStyle>
        <color>4dcca90b</color>
        <fill>1</fill>
        <outline>1</outline>
      </PolyStyle>
    </Style>
    <StyleMap id="poly-0BA9CC-1200-77">
      <Pair>
        <key>normal</key>
        <styleUrl>#poly-0BA9CC-1200-77-normal</styleUrl>
      </Pair>
      <Pair>
        <key>highlight</key>
        <styleUrl>#poly-0BA9CC-1200-77-highlight</styleUrl>
      </Pair>
    </StyleMap>
    <Style id="poly-4186F0-605-255-normal">
      <LineStyle>
        <color>fff08641</color>
        <width>0.605</width>
      </LineStyle>
      <PolyStyle>
        <color>fff08641</color>
        <fill>1</fill>
        <outline>1</outline>
      </PolyStyle>
    </Style>
    <Style id="poly-4186F0-605-255-highlight">
      <LineStyle>
        <color>fff08641</color>
        <width>0.9075</width>
      </LineStyle>
      <PolyStyle>
        <color>fff08641</color>
        <fill>1</fill>
        <outline>1</outline>
      </PolyStyle>
    </Style>
    <StyleMap id="poly-4186F0-605-255">
      <Pair>
        <key>normal</key>
        <styleUrl>#poly-4186F0-605-255-normal</styleUrl>
      </Pair>
      <Pair>
        <key>highlight</key>
        <styleUrl>#poly-4186F0-605-255-highlight</styleUrl>
      </Pair>
    </StyleMap>
    <Style id="poly-4186F0-605-255-nodesc-normal">
      <LineStyle>
        <color>fff08641</color>
        <width>0.605</width>
      </LineStyle>
      <PolyStyle>
        <color>fff08641</color>
        <fill>1</fill>
        <outline>1</outline>
      </PolyStyle>
      <BalloonStyle>
        <text><![CDATA[<h3>$[name]</h3>]]></text>
      </BalloonStyle>
    </Style>
    <Style id="poly-4186F0-605-255-nodesc-highlight">
      <LineStyle>
        <color>fff08641</color>
        <width>0.9075</width>
      </LineStyle>
      <PolyStyle>
        <color>fff08641</color>
        <fill>1</fill>
        <outline>1</outline>
      </PolyStyle>
      <BalloonStyle>
        <text><![CDATA[<h3>$[name]</h3>]]></text>
      </BalloonStyle>
    </Style>
    <StyleMap id="poly-4186F0-605-255-nodesc">
      <Pair>
        <key>normal</key>
        <styleUrl>#poly-4186F0-605-255-nodesc-normal</styleUrl>
      </Pair>
      <Pair>
        <key>highlight</key>
        <styleUrl>#poly-4186F0-605-255-nodesc-highlight</styleUrl>
      </Pair>
    </StyleMap>
    <Style id="poly-62AF44-1200-77-normal">
      <LineStyle>
        <color>ff44af62</color>
        <width>1.2</width>
      </LineStyle>
      <PolyStyle>
        <color>4d44af62</color>
        <fill>1</fill>
        <outline>1</outline>
      </PolyStyle>
    </Style>
    <Style id="poly-62AF44-1200-77-highlight">
      <LineStyle>
        <color>ff44af62</color>
        <width>1.8</width>
      </LineStyle>
      <PolyStyle>
        <color>4d44af62</color>
        <fill>1</fill>
        <outline>1</outline>
      </PolyStyle>
    </Style>
    <StyleMap id="poly-62AF44-1200-77">
      <Pair>
        <key>normal</key>
        <styleUrl>#poly-62AF44-1200-77-normal</styleUrl>
      </Pair>
      <Pair>
        <key>highlight</key>
        <styleUrl>#poly-62AF44-1200-77-highlight</styleUrl>
      </Pair>
    </StyleMap>
    <Style id="poly-7C3592-1200-76-nodesc-normal">
      <LineStyle>
        <color>ff92357c</color>
        <width>1.2</width>
      </LineStyle>
      <PolyStyle>
        <color>4c92357c</color>
        <fill>1</fill>
        <outline>1</outline>
      </PolyStyle>
      <BalloonStyle>
        <text><![CDATA[<h3>$[name]</h3>]]></text>
      </BalloonStyle>
    </Style>
    <Style id="poly-7C3592-1200-76-nodesc-highlight">
      <LineStyle>
        <color>ff92357c</color>
        <width>1.8</width>
      </LineStyle>
      <PolyStyle>
        <color>4c92357c</color>
        <fill>1</fill>
        <outline>1</outline>
      </PolyStyle>
      <BalloonStyle>
        <text><![CDATA[<h3>$[name]</h3>]]></text>
      </BalloonStyle>
    </Style>
    <StyleMap id="poly-7C3592-1200-76-nodesc">
      <Pair>
        <key>normal</key>
        <styleUrl>#poly-7C3592-1200-76-nodesc-normal</styleUrl>
      </Pair>
      <Pair>
        <key>highlight</key>
        <styleUrl>#poly-7C3592-1200-76-nodesc-highlight</styleUrl>
      </Pair>
    </StyleMap>
    <Style id="poly-7C3592-1200-77-normal">
      <LineStyle>
        <color>ff92357c</color>
        <width>1.2</width>
      </LineStyle>
      <PolyStyle>
        <color>4d92357c</color>
        <fill>1</fill>
        <outline>1</outline>
      </PolyStyle>
    </Style>
    <Style id="poly-7C3592-1200-77-highlight">
      <LineStyle>
        <color>ff92357c</color>
        <width>1.8</width>
      </LineStyle>
      <PolyStyle>
        <color>4d92357c</color>
        <fill>1</fill>
        <outline>1</outline>
      </PolyStyle>
    </Style>
    <StyleMap id="poly-7C3592-1200-77">
      <Pair>
        <key>normal</key>
        <styleUrl>#poly-7C3592-1200-77-normal</styleUrl>
      </Pair>
      <Pair>
        <key>highlight</key>
        <styleUrl>#poly-7C3592-1200-77-highlight</styleUrl>
      </Pair>
    </StyleMap>
    <Style id="poly-7CCFA9-1200-77-normal">
      <LineStyle>
        <color>ffa9cf7c</color>
        <width>1.2</width>
      </LineStyle>
      <PolyStyle>
        <color>4da9cf7c</color>
        <fill>1</fill>
        <outline>1</outline>
      </PolyStyle>
    </Style>
    <Style id="poly-7CCFA9-1200-77-highlight">
      <LineStyle>
        <color>ffa9cf7c</color>
        <width>1.8</width>
      </LineStyle>
      <PolyStyle>
        <color>4da9cf7c</color>
        <fill>1</fill>
        <outline>1</outline>
      </PolyStyle>
    </Style>
    <StyleMap id="poly-7CCFA9-1200-77">
      <Pair>
        <key>normal</key>
        <styleUrl>#poly-7CCFA9-1200-77-normal</styleUrl>
      </Pair>
      <Pair>
        <key>highlight</key>
        <styleUrl>#poly-7CCFA9-1200-77-highlight</styleUrl>
      </Pair>
    </StyleMap>
    <Style id="poly-93D7E8-1200-76-normal">
      <LineStyle>
        <color>ffe8d793</color>
        <width>1.2</width>
      </LineStyle>
      <PolyStyle>
        <color>4ce8d793</color>
        <fill>1</fill>
        <outline>1</outline>
      </PolyStyle>
    </Style>
    <Style id="poly-93D7E8-1200-76-highlight">
      <LineStyle>
        <color>ffe8d793</color>
        <width>1.8</width>
      </LineStyle>
      <PolyStyle>
        <color>4ce8d793</color>
        <fill>1</fill>
        <outline>1</outline>
      </PolyStyle>
    </Style>
    <StyleMap id="poly-93D7E8-1200-76">
      <Pair>
        <key>normal</key>
        <styleUrl>#poly-93D7E8-1200-76-normal</styleUrl>
      </Pair>
      <Pair>
        <key>highlight</key>
        <styleUrl>#poly-93D7E8-1200-76-highlight</styleUrl>
      </Pair>
    </StyleMap>
    <Style id="poly-D698AD-1200-77-normal">
      <LineStyle>
        <color>ffad98d6</color>
        <width>1.2</width>
      </LineStyle>
      <PolyStyle>
        <color>4dad98d6</color>
        <fill>1</fill>
        <outline>1</outline>
      </PolyStyle>
    </Style>
    <Style id="poly-D698AD-1200-77-highlight">
      <LineStyle>
        <color>ffad98d6</color>
        <width>1.8</width>
      </LineStyle>
      <PolyStyle>
        <color>4dad98d6</color>
        <fill>1</fill>
        <outline>1</outline>
      </PolyStyle>
    </Style>
    <StyleMap id="poly-D698AD-1200-77">
      <Pair>
        <key>normal</key>
        <styleUrl>#poly-D698AD-1200-77-normal</styleUrl>
      </Pair>
      <Pair>
        <key>highlight</key>
        <styleUrl>#poly-D698AD-1200-77-highlight</styleUrl>
      </Pair>
    </StyleMap>
    <Style id="poly-DB4436-1200-77-normal">
      <LineStyle>
        <color>ff3644db</color>
        <width>1.2</width>
      </LineStyle>
      <PolyStyle>
        <color>4d3644db</color>
        <fill>1</fill>
        <outline>1</outline>
      </PolyStyle>
    </Style>
    <Style id="poly-DB4436-1200-77-highlight">
      <LineStyle>
        <color>ff3644db</color>
        <width>1.8</width>
      </LineStyle>
      <PolyStyle>
        <color>4d3644db</color>
        <fill>1</fill>
        <outline>1</outline>
      </PolyStyle>
    </Style>
    <StyleMap id="poly-DB4436-1200-77">
      <Pair>
        <key>normal</key>
        <styleUrl>#poly-DB4436-1200-77-normal</styleUrl>
      </Pair>
      <Pair>
        <key>highlight</key>
        <styleUrl>#poly-DB4436-1200-77-highlight</styleUrl>
      </Pair>
    </StyleMap>
    <Style id="poly-F4EB37-1200-77-normal">
      <LineStyle>
        <color>ff37ebf4</color>
        <width>1.2</width>
      </LineStyle>
      <PolyStyle>
        <color>4d37ebf4</color>
        <fill>1</fill>
        <outline>1</outline>
      </PolyStyle>
    </Style>
    <Style id="poly-F4EB37-1200-77-highlight">
      <LineStyle>
        <color>ff37ebf4</color>
        <width>1.8</width>
      </LineStyle>
      <PolyStyle>
        <color>4d37ebf4</color>
        <fill>1</fill>
        <outline>1</outline>
      </PolyStyle>
    </Style>
    <StyleMap id="poly-F4EB37-1200-77">
      <Pair>
        <key>normal</key>
        <styleUrl>#poly-F4EB37-1200-77-normal</styleUrl>
      </Pair>
      <Pair>
        <key>highlight</key>
        <styleUrl>#poly-F4EB37-1200-77-highlight</styleUrl>
      </Pair>
    </StyleMap>
    <Style id="poly-F4EB37-2000-76-nodesc-normal">
      <LineStyle>
        <color>ff37ebf4</color>
        <width>2</width>
      </LineStyle>
      <PolyStyle>
        <color>4c37ebf4</color>
        <fill>1</fill>
        <outline>1</outline>
      </PolyStyle>
      <BalloonStyle>
        <text><![CDATA[<h3>$[name]</h3>]]></text>
      </BalloonStyle>
    </Style>
    <Style id="poly-F4EB37-2000-76-nodesc-highlight">
      <LineStyle>
        <color>ff37ebf4</color>
        <width>3</width>
      </LineStyle>
      <PolyStyle>
        <color>4c37ebf4</color>
        <fill>1</fill>
        <outline>1</outline>
      </PolyStyle>
      <BalloonStyle>
        <text><![CDATA[<h3>$[name]</h3>]]></text>
      </BalloonStyle>
    </Style>
    <StyleMap id="poly-F4EB37-2000-76-nodesc">
      <Pair>
        <key>normal</key>
        <styleUrl>#poly-F4EB37-2000-76-nodesc-normal</styleUrl>
      </Pair>
      <Pair>
        <key>highlight</key>
        <styleUrl>#poly-F4EB37-2000-76-nodesc-highlight</styleUrl>
      </Pair>
    </StyleMap>
    <Style id="poly-F8971B-2000-76-nodesc-normal">
      <LineStyle>
        <color>ff1b97f8</color>
        <width>2</width>
      </LineStyle>
      <PolyStyle>
        <color>4c1b97f8</color>
        <fill>1</fill>
        <outline>1</outline>
      </PolyStyle>
      <BalloonStyle>
        <text><![CDATA[<h3>$[name]</h3>]]></text>
      </BalloonStyle>
    </Style>
    <Style id="poly-F8971B-2000-76-nodesc-highlight">
      <LineStyle>
        <color>ff1b97f8</color>
        <width>3</width>
      </LineStyle>
      <PolyStyle>
        <color>4c1b97f8</color>
        <fill>1</fill>
        <outline>1</outline>
      </PolyStyle>
      <BalloonStyle>
        <text><![CDATA[<h3>$[name]</h3>]]></text>
      </BalloonStyle>
    </Style>
    <StyleMap id="poly-F8971B-2000-76-nodesc">
      <Pair>
        <key>normal</key>
        <styleUrl>#poly-F8971B-2000-76-nodesc-normal</styleUrl>
      </Pair>
      <Pair>
        <key>highlight</key>
        <styleUrl>#poly-F8971B-2000-76-nodesc-highlight</styleUrl>
      </Pair>
    </StyleMap>
    <Folder>
      <name>EPark Zones</name>
      <Placemark>
        <name>1001</name>
        <description><![CDATA[18 Stalls<br>Rate: $2.00 / HR M to F; $1.00 / HR Sat to Sun <br>2 Hours Max<br><br>Hours of Operation<br>08:00 to 21:00 M to Sat<br>10:00 to 17:00 Sun                                                       <br><br><br>How to pay for parking?<br>Scanning QR codes<br>Pay online on the parking: webpage: https://hotspotparking.com/users/products/edmontonparking <br>Download Hotspot Parking Transit Taxis app through Google Play or Apple Store. Create an account and pay through the app.<br>Create a HotSpot account online and link a payment card to pay through phone: 1-855-712-5888 ]]></description>
        <styleUrl>#poly-4186F0-605-255</styleUrl>
        <Polygon>
          <outerBoundaryIs>
            <LinearRing>
              <tessellate>1</tessellate>
              <coordinates>
                -113.4867511,53.5459323,0
                -113.4867226,53.5458768,0
                -113.4841373,53.5463249,0
                -113.4841696,53.5463762,0
                -113.4867511,53.5459323,0
              </coordinates>
            </LinearRing>
          </outerBoundaryIs>
        </Polygon>
      </Placemark>
      <Placemark>
        <name>1002</name>
        <description><![CDATA[23 Stalls<br>Rate: $2.00 / HR M to F; $1.00 / HR Sat to Sun <br>2 Hours Max<br><br>Hours of Operation<br>08:00 to 21:00 M to Sat<br>10:00 to 17:00 Sun<br><br><br>How to pay for parking?<br>Scanning QR codes<br>Pay online on the parking: webpage: https://hotspotparking.com/users/products/edmontonparking <br>Download Hotspot Parking Transit Taxis app through Google Play or Apple Store. Create an account and pay through the app.<br>Create a HotSpot account online and link a payment card to pay through phone: 1-855-712-5888 ]]></description>
        <styleUrl>#poly-4186F0-605-255</styleUrl>
        <Polygon>
          <outerBoundaryIs>
            <LinearRing>
              <tessellate>1</tessellate>
              <coordinates>
                -113.4866992,53.5458123,0
                -113.4866697,53.5457547,0
                -113.4841872,53.5461735,0
                -113.4842204,53.5462262,0
                -113.4866992,53.5458123,0
              </coordinates>
            </LinearRing>
          </outerBoundaryIs>
        </Polygon>
      </Placemark>
      <Placemark>
        <name>1003</name>
        <description><![CDATA[11 Stalls<br>Rate: $2.00 / HR M to F; $1.00 / HR Sat to Sun<br>2 Hours Max<br>Tow Away M to F<br>15:30 - 18:00<br><br>Hours of Operation<br>08:00 to 21:00 M to Sat<br>10:00 to 17:00 Sun<br><br>How to pay for parking?<br>Scanning QR codes<br>Pay online on the parking: webpage: https://hotspotparking.com/users/products/edmontonparking <br>Download Hotspot Parking Transit Taxis app through Google Play or Apple Store. Create an account and pay through the app.<br>Create a HotSpot account online and link a payment card to pay through phone: 1-855-712-5888]]></description>
        <styleUrl>#poly-4186F0-605-255</styleUrl>
        <Polygon>
          <outerBoundaryIs>
            <LinearRing>
              <tessellate>1</tessellate>
              <coordinates>
                -113.4868106,53.545696,0
                -113.4865571,53.5450674,0
                -113.4864531,53.5450855,0
                -113.486718,53.5457069,0
                -113.4868106,53.545696,0
              </coordinates>
            </LinearRing>
          </outerBoundaryIs>
        </Polygon>
      </Placemark>
      <Placemark>
        <name>1007</name>
        <description><![CDATA[19 Stalls<br>Rate: $2.00 / HR M to F; $1.00 / HR Sat to Sun<br>2 Hours Max<br><br>Hours of Operation<br>08:00 to 21:00 M to Sat<br>10:00 to 17:00 Sun<br><br>How to pay for parking?<br>Scanning QR codes<br>Pay online on the parking: webpage: https://hotspotparking.com/users/products/edmontonparking <br>Download Hotspot Parking Transit Taxis app through Google Play or Apple Store. Create an account and pay through the app.<br>Create a HotSpot account online and link a payment card to pay through phone: 1-855-712-5888]]></description>
        <styleUrl>#poly-4186F0-605-255</styleUrl>
        <Polygon>
          <outerBoundaryIs>
            <LinearRing>
              <tessellate>1</tessellate>
              <coordinates>
                -113.485083,53.5434,0
                -113.485049,53.5433384,0
                -113.4824033,53.5437649,0
                -113.4824353,53.5438118,0
                -113.485083,53.5434,0
              </coordinates>
            </LinearRing>
          </outerBoundaryIs>
        </Polygon>
      </Placemark>
      <Placemark>
        <name>1008</name>
        <description><![CDATA[16 Stalls<br>Rate: $2.00 / HR M to F; $1.00 / HR Sat to Sun<br>2 Hours Max<br><br>Hours of Operation<br>08:00 to 21:00 M to Sat<br>10:00 to 17:00 Sun<br><br>How to pay for parking?<br>Scanning QR codes<br>Pay online on the parking: webpage: https://hotspotparking.com/users/products/edmontonparking <br>Download Hotspot Parking Transit Taxis app through Google Play or Apple Store. Create an account and pay through the app.<br>Create a HotSpot account online and link a payment card to pay through phone: 1-855-712-5888 ]]></description>
        <styleUrl>#poly-4186F0-605-255</styleUrl>
        <Polygon>
          <outerBoundaryIs>
            <LinearRing>
              <tessellate>1</tessellate>
              <coordinates>
                -113.4856188,53.5431736,0
                -113.4855855,53.5431138,0
                -113.4828897,53.5435622,0
                -113.4829211,53.5436213,0
                -113.4856188,53.5431736,0
              </coordinates>
            </LinearRing>
          </outerBoundaryIs>
        </Polygon>
      </Placemark>
      <Placemark>
        <name>1010</name>
        <description><![CDATA[16 Stalls<br>Rate: $2.00 / HR M to F; $1.00 / HR Sat to Sun<br>2 Hours Max<br><br>Hours of Operation<br>08:00 to 21:00 M to Sat<br>10:00 to 17:00 Sun<br><br>How to pay for parking?<br>Scanning QR codes<br>Pay online on the parking: webpage: https://hotspotparking.com/users/products/edmontonparking <br>Download Hotspot Parking Transit Taxis app through Google Play or Apple Store. Create an account and pay through the app.<br>Create a HotSpot account online and link a payment card to pay through phone: 1-855-712-5888 ]]></description>
        <styleUrl>#poly-4186F0-605-255</styleUrl>
        <Polygon>
          <outerBoundaryIs>
            <LinearRing>
              <tessellate>1</tessellate>
              <coordinates>
                -113.4851461,53.5423462,0
                -113.4843552,53.5426088,0
                -113.4840027,53.5427138,0
                -113.4835563,53.5428985,0
                -113.4827318,53.5433346,0
                -113.4828285,53.5433871,0
                -113.4836399,53.5429643,0
                -113.4840096,53.5427864,0
                -113.4844222,53.5426556,0
                -113.4851937,53.5424099,0
                -113.4851461,53.5423462,0
              </coordinates>
            </LinearRing>
          </outerBoundaryIs>
        </Polygon>
      </Placemark>
      <Placemark>
        <name>1015</name>
        <description><![CDATA[13 Stalls<br>Rate: $2.00 / HR M to F; $1.00 / HR Sat to Sun<br>2 Hours Max<br><br>Hours of Operation<br>08:00 to 21:00 M to Sat<br>10:00 to 17:00 Sun<br><br>How to pay for parking?<br>Scanning QR codes<br>Pay online on the parking: webpage:https://hotspotparking.com/users/products/edmontonparking <br>Download Hotspot Parking Transit Taxis app through Google Play or Apple Store. Create an account and pay through the app.<br>Create a HotSpot account online and link a payment card to pay through phone: 1-855-712-5888 ]]></description>
        <styleUrl>#poly-4186F0-605-255</styleUrl>
        <Polygon>
          <outerBoundaryIs>
            <LinearRing>
              <tessellate>1</tessellate>
              <coordinates>
                -113.4844566,53.5487449,0
                -113.4842369,53.5483142,0
                -113.484022,53.5483563,0
                -113.4842473,53.548777,0
                -113.4844566,53.5487449,0
              </coordinates>
            </LinearRing>
          </outerBoundaryIs>
        </Polygon>
      </Placemark>
      <Placemark>
        <name>1023</name>
        <description><![CDATA[12 Stalls<br>Rate: $2.00 / HR M to F; $1.00 / HR Sat to Sun<br>2 Hours Max<br><br>Hours of Operation<br>08:00 to 21:00 M to Sat<br>10:00 to 17:00 Sun<br><br>How to pay for parking?<br>Scanning QR codes<br>Pay online on the parking: webpage: https://hotspotparking.com/users/products/edmontonparking <br>Download Hotspot Parking Transit Taxis app through Google Play or Apple Store. Create an account and pay through the app.<br>Create a HotSpot account online and link a payment card to pay through phone: 1-855-712-5888 ]]></description>
        <styleUrl>#poly-4186F0-605-255</styleUrl>
        <Polygon>
          <outerBoundaryIs>
            <LinearRing>
              <tessellate>1</tessellate>
              <coordinates>
                -113.4854784,53.5452312,0
                -113.4854479,53.5451531,0
                -113.4838214,53.5454347,0
                -113.4838545,53.5455041,0
                -113.4854784,53.5452312,0
              </coordinates>
            </LinearRing>
          </outerBoundaryIs>
        </Polygon>
      </Placemark>
      <Placemark>
        <name>1026</name>
        <description><![CDATA[3 Stalls<br>Rate: $2.00 / HR M to F; $1.00 / HR Sat to Sun<br>2 Hours Max<br>Tow Away M to F<br>15:30 - 18:00<br><br>Hours of Operation<br>08:00 to 21:00 M to Sat<br>10:00 to 17:00 Sun<br><br>How to pay for parking?<br>Scanning QR codes<br>Pay online on the parking: webpage: https://hotspotparking.com/users/products/edmontonparking <br>Download Hotspot Parking Transit Taxis app through Google Play or Apple Store. Create an account and pay through the app.<br>Create a HotSpot account online and link a payment card to pay through phone: 1-855-712-5888]]></description>
        <styleUrl>#poly-4186F0-605-255</styleUrl>
        <Polygon>
          <outerBoundaryIs>
            <LinearRing>
              <tessellate>1</tessellate>
              <coordinates>
                -113.4864319,53.5447722,0
                -113.4863422,53.5445605,0
                -113.4862468,53.5445769,0
                -113.4863264,53.5447911,0
                -113.4864319,53.5447722,0
              </coordinates>
            </LinearRing>
          </outerBoundaryIs>
        </Polygon>
      </Placemark>
      <Placemark>
        <name>1029</name>
        <description><![CDATA[3 Stalls<br>Rate: $3.50 / HR M to F; $1.00 / HR Sat to Sun<br>2 Hours Max<br><br>Hours of Operation<br>08:00 to 21:00 M to Sat (see exceptions below) <br>10:00 to 17:00 Sun<br><br>Event Rates:<br>Rate $3.50 / HR <br>5 Hours Max<br><br>On Non-event Nights:<br>No Pay 21:00 to 08:00]]></description>
        <styleUrl>#poly-4186F0-605-255</styleUrl>
        <Polygon>
          <outerBoundaryIs>
            <LinearRing>
              <tessellate>1</tessellate>
              <coordinates>
                -113.4858048,53.5428553,0
                -113.4858437,53.5428489,0
                -113.4858168,53.5427827,0
                -113.4857793,53.5427891,0
                -113.4858048,53.5428553,0
              </coordinates>
            </LinearRing>
          </outerBoundaryIs>
        </Polygon>
      </Placemark>
      <Placemark>
        <name>1030 </name>
        <description><![CDATA[14 Stalls<br>Rate: $3.50 / HR M to F; $1.00 / HR Sat to Sun<br>2 Hours Max<br><br>Hours of Operation<br>08:00 to 21:00 M to Sat (see exceptions below)<br>10:00 to 17:00 Sun <br><br>Event Rates:<br>Rate $3.50 / HR <br>5 Hours Max<br><br>On Non-event Nights:<br>No Pay 21:00 to 08:00<br><br>How to pay for parking?<br>Scanning QR codes<br>Pay online on the parking: webpage: https://hotspotparking.com/users/products/edmontonparking <br>Download Hotspot Parking Transit Taxis app through Google Play or Apple Store. Create an account and pay through the app.<br>Create a HotSpot account online and link a payment card to pay through phone: 1-855-712-5888]]></description>
        <styleUrl>#poly-4186F0-605-255</styleUrl>
        <Polygon>
          <outerBoundaryIs>
            <LinearRing>
              <tessellate>1</tessellate>
              <coordinates>
                -113.4858325,53.5421126,0
                -113.485913,53.5421923,0
                -113.4878871,53.5415516,0
                -113.4878173,53.5414528,0
                -113.4858325,53.5421126,0
              </coordinates>
            </LinearRing>
          </outerBoundaryIs>
        </Polygon>
      </Placemark>
      <Placemark>
        <name>1032</name>
        <description><![CDATA[15 Stalls<br>Rate: $3.50 / HR M to F; $1.00 / HR Sat to Sun<br>2 Hours Max<br><br>Hours of Operation<br>08:00 to 21:00 M to Sat (see exceptions below)<br>10:00 to 17:00 Sun<br><br>All parking stall closed from 6/16/2025 until 09/02/2025 Civic Event <br><br>Event Rates:<br>Rate $3.50 / HR <br>5 Hours Max<br><br>On Non-event Nights:<br>No Pay 21:00 to 08:00<br><br>How to pay for parking?<br>Scanning QR codes<br>Pay online on the parking: webpage: https://hotspotparking.com/users/products/edmontonparking <br>Download Hotspot Parking Transit Taxis app through Google Play or Apple Store. Create an account and pay through the app.<br>Create a HotSpot account online and link a payment card to pay through phone: 1-855-712-5888]]></description>
        <styleUrl>#poly-4186F0-605-255</styleUrl>
        <Polygon>
          <outerBoundaryIs>
            <LinearRing>
              <tessellate>1</tessellate>
              <coordinates>
                -113.4891158,53.5444142,0
                -113.4889549,53.5436301,0
                -113.4888261,53.5436396,0
                -113.4889871,53.5444206,0
                -113.4891158,53.5444142,0
              </coordinates>
            </LinearRing>
          </outerBoundaryIs>
        </Polygon>
      </Placemark>
      <Placemark>
        <name>1033</name>
        <description><![CDATA[3 Stalls<br>Rate: $3.50 / HR M to F; $1.00 / HR Sat to Sun<br>2 Hours Max<br><br>Hours of Operation<br>08:00 to 21:00 M to Sat (see exceptions below) <br>10:00 to 17:00 Sun<br>2 Hours Max<br><br>Event Rates:<br>Rate $3.50 / HR <br>5 Hours Max<br><br>On Non-event Nights:<br>No Pay 21:00 to 08:00<br><br>How to pay for parking?<br>Scanning QR codes<br>Pay online on the parking: webpage: https://hotspotparking.com/users/products/edmontonparking <br>Download Hotspot Parking Transit Taxis app through Google Play or Apple Store. Create an account and pay through the app.<br>Create a HotSpot account online and link a payment card to pay through phone: 1-855-712-5888]]></description>
        <styleUrl>#poly-4186F0-605-255</styleUrl>
        <Polygon>
          <outerBoundaryIs>
            <LinearRing>
              <tessellate>1</tessellate>
              <coordinates>
                -113.4883514,53.5445623,0
                -113.4877648,53.5446546,0
                -113.4877963,53.5447301,0
                -113.4883829,53.544634,0
                -113.4883514,53.5445623,0
              </coordinates>
            </LinearRing>
          </outerBoundaryIs>
        </Polygon>
      </Placemark>
      <Placemark>
        <name>1034-Temporarily Closed</name>
        <description><![CDATA[11 Stalls<br>Rate: $3.50 / HR M to F; $1.00 / HR Sat to Sun<br>2 Hours Max<br><br>Hours of Operation<br>08:00 to 21:00 M to Sat (see exceptions below) <br>10:00 to 17:00 Sun<br>2 Hours Max<br><br>Event Rates:<br>Rate $3.50 / HR <br>5 Hours Max<br><br>On Non-event Nights:<br>No Pay 21:00 to 08:00<br><br>How to pay for parking?<br>Scanning QR codes<br>Pay online on the parking: webpage: https://hotspotparking.com/users/products/edmontonparking <br>Download Hotspot Parking Transit Taxis app through Google Play or Apple Store. Create an account and pay through the app.<br>Create a HotSpot account online and link a payment card to pay through phone: 1-855-712-5888]]></description>
        <styleUrl>#poly-4186F0-605-255</styleUrl>
        <Polygon>
          <outerBoundaryIs>
            <LinearRing>
              <tessellate>1</tessellate>
              <coordinates>
                -113.4891935,53.5451625,0
                -113.4890924,53.5451708,0
                -113.4892403,53.546059,0
                -113.4893493,53.5460533,0
                -113.4891935,53.5451625,0
              </coordinates>
            </LinearRing>
          </outerBoundaryIs>
        </Polygon>
      </Placemark>
      <Placemark>
        <name>1035</name>
        <description><![CDATA[11 Stalls<br>Rate: $3.50 / HR M to F; $1.00 / HR Sat to Sun<br>2 Hours Max<br><br>Hours of Operation<br>08:00 to 21:00 M to Sat (see exceptions below) <br>10:00 to 17:00 Sun<br>2 Hours Max<br><br>Event Rates:<br>Rate $3.50 / HR <br>5 Hours Max<br><br>On Non-event Nights:<br>No Pay 21:00 to 08:00<br><br>How to pay for parking?<br>Scanning QR codes<br>Pay online on the parking: webpage: https://hotspotparking.com/users/products/edmontonparking <br>Download Hotspot Parking Transit Taxis app through Google Play or Apple Store. Create an account and pay through the app.<br>Create a HotSpot account online and link a payment card to pay through phone: 1-855-712-5888]]></description>
        <styleUrl>#poly-4186F0-605-255</styleUrl>
        <Polygon>
          <outerBoundaryIs>
            <LinearRing>
              <tessellate>1</tessellate>
              <coordinates>
                -113.4892216,53.5462117,0
                -113.4892116,53.5461547,0
                -113.48793,53.546332,0
                -113.4875011,53.5463938,0
                -113.4875381,53.5464627,0
                -113.4879585,53.5464003,0
                -113.4892216,53.5462117,0
              </coordinates>
            </LinearRing>
          </outerBoundaryIs>
        </Polygon>
      </Placemark>
      <Placemark>
        <name>1036</name>
        <description><![CDATA[4 Stalls<br>Rate: $3.50 / HR M to F; $1.00 / HR Sat to Sun<br>2 Hours Max<br><br>Hours of Operation<br>08:00 to 21:00 M to Sat (see exceptions below) <br>10:00 to 17:00 Sun<br>2 Hours Max<br><br>Event Rates:<br>Rate $3.50 / HR <br>5 Hours Max<br><br>On Non-event Nights:<br>No Pay 21:00 to 08:00<br><br>How to pay for parking?<br>Scanning QR codes<br>Pay online on the parking: webpage: https://hotspotparking.com/users/products/edmontonparking <br>Download Hotspot Parking Transit Taxis app through Google Play or Apple Store. Create an account and pay through the app.<br>Create a HotSpot account online and link a payment card to pay through phone: 1-855-712-5888]]></description>
        <styleUrl>#poly-4186F0-605-255</styleUrl>
        <Polygon>
          <outerBoundaryIs>
            <LinearRing>
              <tessellate>1</tessellate>
              <coordinates>
                -113.4889372,53.542142,0
                -113.4888298,53.5415292,0
                -113.4887337,53.5415335,0
                -113.4888315,53.5421488,0
                -113.4889372,53.542142,0
              </coordinates>
            </LinearRing>
          </outerBoundaryIs>
        </Polygon>
      </Placemark>
      <Placemark>
        <name>1037</name>
        <description><![CDATA[9 Stalls<br>Rate: $3.50 / HR M to F; $1.00 / HR Sat to Sun<br>2 Hours Max<br><br>Hours of Operation<br>08:00 to 21:00 M to Sat (see exceptions below) <br>10:00 to 17:00 Sun<br>2 Hours Max<br><br>Event Rates:<br>Rate $3.50 / HR <br>5 Hours Max<br><br>On Non-event Nights:<br>No Pay 21:00 to 08:00<br><br>How to pay for parking?<br>Scanning QR codes<br>Pay online on the parking: webpage: https://hotspotparking.com/users/products/edmontonparking <br>Download Hotspot Parking Transit Taxis app through Google Play or Apple Store. Create an account and pay through the app.<br>Create a HotSpot account online and link a payment card to pay through phone: 1-855-712-5888]]></description>
        <styleUrl>#poly-4186F0-605-255</styleUrl>
        <Polygon>
          <outerBoundaryIs>
            <LinearRing>
              <tessellate>1</tessellate>
              <coordinates>
                -113.4872238,53.5457163,0
                -113.4869776,53.5451075,0
                -113.4868868,53.5451181,0
                -113.4871066,53.5457337,0
                -113.4872238,53.5457163,0
              </coordinates>
            </LinearRing>
          </outerBoundaryIs>
        </Polygon>
      </Placemark>
      <Placemark>
        <name>1039 </name>
        <description><![CDATA[11 Stalls<br>Rate: $3.50 / HR M to F; $1.00 / HR Sat to Sun<br>2 Hours Max<br><br>Hours of Operation<br>08:00 to 21:00 M to Sat (see exceptions below) <br>10:00 to 17:00 Sun<br>2 Hours Max<br><br>Event Rates:<br>Rate $3.50 / HR <br>5 Hours Max<br><br>On Non-event Nights:<br>No Pay 21:00 to 08:00<br><br>How to pay for parking?<br>Scanning QR codes<br>Pay online on the parking: webpage: https://hotspotparking.com/users/products/edmontonparking <br>Download Hotspot Parking Transit Taxis app through Google Play or Apple Store. Create an account and pay through the app.<br>Create a HotSpot account online and link a payment card to pay through phone: 1-855-712-5888]]></description>
        <styleUrl>#poly-4186F0-605-255</styleUrl>
        <Polygon>
          <outerBoundaryIs>
            <LinearRing>
              <tessellate>1</tessellate>
              <coordinates>
                -113.4866018,53.5438971,0
                -113.4882004,53.543521,0
                -113.4881521,53.5434477,0
                -113.4865374,53.5438238,0
                -113.4866018,53.5438971,0
              </coordinates>
            </LinearRing>
          </outerBoundaryIs>
        </Polygon>
      </Placemark>
      <Placemark>
        <name>1041</name>
        <description><![CDATA[7 Stalls<br>Rate: $3.50 / HR M to F; $1.00 / HR Sat to Sun<br>2 Hours Max<br><br>Hours of Operation<br>08:00 to 21:00 M to Sat (see exceptions below) <br>10:00 to 17:00 Sun<br>2 Hours Max<br><br>Event Rates:<br>Rate $3.50 / HR <br>5 Hours Max<br><br>On Non-event Nights:<br>No Pay 21:00 to 08:00<br><br>How to pay for parking?<br>Scanning QR codes<br>Pay online on the parking: webpage: https://hotspotparking.com/users/products/edmontonparking <br>Download Hotspot Parking Transit Taxis app through Google Play or Apple Store. Create an account and pay through the app.<br>Create a HotSpot account online and link a payment card to pay through phone: 1-855-712-5888]]></description>
        <styleUrl>#poly-4186F0-605-255</styleUrl>
        <Polygon>
          <outerBoundaryIs>
            <LinearRing>
              <tessellate>1</tessellate>
              <coordinates>
                -113.4889282,53.5446916,0
                -113.4889252,53.5446255,0
                -113.488205,53.544712,0
                -113.4880976,53.5447269,0
                -113.4881166,53.5447906,0
                -113.4889282,53.5446916,0
              </coordinates>
            </LinearRing>
          </outerBoundaryIs>
        </Polygon>
      </Placemark>
      <Placemark>
        <name>1042</name>
        <description><![CDATA[12 Stalls<br>Rate: $3.50 / HR M to F; $1.00 / HR Sat to Sun<br>2 Hours Max<br><br>Hours of Operation<br>08:00 to 21:00 M to Sat (see exceptions below) <br>10:00 to 17:00 Sun<br>2 Hours Max<br><br>Event Rates:<br>Rate $3.50 / HR <br>5 Hours Max<br><br>On Non-event Nights:<br>No Pay 21:00 to 08:00<br><br>How to pay for parking?<br>Scanning QR codes<br>Pay online on the parking: webpage: https://hotspotparking.com/users/products/edmontonparking <br>Download Hotspot Parking Transit Taxis app through Google Play or Apple Store. Create an account and pay through the app.<br>Create a HotSpot account online and link a payment card to pay through phone: 1-855-712-5888]]></description>
        <styleUrl>#poly-4186F0-605-255</styleUrl>
        <Polygon>
          <outerBoundaryIs>
            <LinearRing>
              <tessellate>1</tessellate>
              <coordinates>
                -113.4925583,53.5454038,0
                -113.492502,53.5450261,0
                -113.4923089,53.5450373,0
                -113.4923759,53.5454102,0
                -113.4925583,53.5454038,0
              </coordinates>
            </LinearRing>
          </outerBoundaryIs>
        </Polygon>
      </Placemark>
      <Placemark>
        <name>1043</name>
        <description><![CDATA[5 Stalls<br>Rate: $3.50 / HR M to F; $1.00 / HR Sat to Sun<br>2 Hours Max<br><br>Hours of Operation<br>08:00 to 21:00 M to Sat (see exceptions below) <br>10:00 to 17:00 Sun<br><br>Event Rates:<br>Rate $3.50 / HR <br>5 Hours Max<br><br>On Non-event Nights:<br>No Pay 21:00 to 08:00<br><br>How to pay for parking?<br>Scanning QR codes<br>Pay online on the parking: webpage: https://hotspotparking.com/users/products/edmontonparking <br>Download Hotspot Parking Transit Taxis app through Google Play or Apple Store. Create an account and pay through the app.<br>Create a HotSpot account online and link a payment card to pay through phone: 1-855-712-5888]]></description>
        <styleUrl>#poly-4186F0-605-255</styleUrl>
        <Polygon>
          <outerBoundaryIs>
            <LinearRing>
              <tessellate>1</tessellate>
              <coordinates>
                -113.4918599,53.5455269,0
                -113.4912054,53.5455779,0
                -113.4912108,53.5456289,0
                -113.4918652,53.5455779,0
                -113.4918599,53.5455269,0
              </coordinates>
            </LinearRing>
          </outerBoundaryIs>
        </Polygon>
      </Placemark>
      <Placemark>
        <name>1044</name>
        <description><![CDATA[9 Stalls<br>Rate: $3.50 / HR M to F; $1.00 / HR Sat to Sun<br>Tow Away M to F<br>07:00 - 09:00 and 15:30 - 18:00<br><br>Hours of Operation<br>08:00 to 21:00 M to Sat<br>10:00 to 17:00 Sun<br>(see exceptions below)<br><br>Event Rates:<br>Rate $3.50 / HR <br>5 Hours Max<br><br>On Non-event Nights:<br>No Pay 21:00 to 07:00<br><br>How to pay for parking?<br>Scanning QR codes<br>Pay online on the parking: webpage: https://hotspotparking.com/users/products/edmontonparking <br>Download Hotspot Parking Transit Taxis app through Google Play or Apple Store. Create an account and pay through the app.<br>Create a HotSpot account online and link a payment card to pay through phone: 1-855-712-5888]]></description>
        <styleUrl>#poly-4186F0-605-255</styleUrl>
        <Polygon>
          <outerBoundaryIs>
            <LinearRing>
              <tessellate>1</tessellate>
              <coordinates>
                -113.4930393,53.5410625,0
                -113.4921697,53.5411244,0
                -113.492183,53.5411852,0
                -113.4930487,53.5411213,0
                -113.4930393,53.5410625,0
              </coordinates>
            </LinearRing>
          </outerBoundaryIs>
        </Polygon>
      </Placemark>
      <Placemark>
        <name>1045</name>
        <description><![CDATA[3 Stalls<br>Rate: $3.50 / HR M to F; $1.00 / HR Sat to Sun<br>Tow Away M to F<br>07:00 - 09:00 and 15:30 - 18:00<br>2 Hours Max<br><br>Hours of Operation<br>08:00 to 21:00 M to Sat<br>10:00 to 17:00 Sun<br>(see exceptions below)<br><br>Event Rates:<br>Rate $3.50 / HR <br>5 Hours Max<br><br>On Non-event Nights:<br>No Pay 21:00 to 07:00<br><br>How to pay for parking?<br>Scanning QR codes<br>Pay online on the parking: webpage: https://hotspotparking.com/users/products/edmontonparking <br>Download Hotspot Parking Transit Taxis app through Google Play or Apple Store. Create an account and pay through the app.<br>Create a HotSpot account online and link a payment card to pay through phone: 1-855-712-5888]]></description>
        <styleUrl>#poly-4186F0-605-255</styleUrl>
        <Polygon>
          <outerBoundaryIs>
            <LinearRing>
              <tessellate>1</tessellate>
              <coordinates>
                -113.491909,53.5411383,0
                -113.4916946,53.5411502,0
                -113.4917042,53.5412028,0
                -113.4919173,53.5411923,0
                -113.491909,53.5411383,0
              </coordinates>
            </LinearRing>
          </outerBoundaryIs>
        </Polygon>
      </Placemark>
      <Placemark>
        <name>1046</name>
        <description><![CDATA[2 Stalls<br>Rate: $4.50 / HR M to F; $1.00 / HR Sat to Sun<br>2 Hours Max<br><br>Hours of Operation<br>08:00 to 21:00 M to Sat <br>10:00 to 17:00 Sun<br><br>Event Rates:<br>Rate $4.50 / HR <br>5 Hours Max<br><br>On Non-event Nights:<br>No Pay 21:00 to 08:00<br><br>How to pay for parking?<br>Scanning QR codes<br>Pay online on the parking: webpage: https://hotspotparking.com/users/products/edmontonparking <br>Download Hotspot Parking Transit Taxis app through Google Play or Apple Store. Create an account and pay through the app.<br>Create a HotSpot account online and link a payment card to pay through phone: 1-855-712-5888]]></description>
        <styleUrl>#poly-4186F0-605-255</styleUrl>
        <Polygon>
          <outerBoundaryIs>
            <LinearRing>
              <tessellate>1</tessellate>
              <coordinates>
                -113.4920903,53.5415769,0
                -113.4920403,53.5413072,0
                -113.4919274,53.5413181,0
                -113.4919706,53.5415844,0
                -113.4920903,53.5415769,0
              </coordinates>
            </LinearRing>
          </outerBoundaryIs>
        </Polygon>
      </Placemark>
      <Placemark>
        <name>1047</name>
        <description><![CDATA[4 Stalls<br>Rate: $4.50 / HR M to F; $1.00 / HR Sat to Sun<br>2 Hours Max<br><br>Hours of Operation<br>08:00 to 21:00 M to Sat <br>10:00 to 17:00 Sun<br><br><br> <br>Civic Events Partial Closure: <br>6/5/2025 at 6:00am - 9/30/2025 : 3 stalls will be available<br><br><br>Event Rates:<br>Rate $4.50 / HR <br>5 Hours Max<br><br>On Non-event Nights:<br>No Pay 21:00 to 08:00<br><br>How to pay for parking?<br>Scanning QR codes<br>Pay online on the parking: webpage: https://hotspotparking.com/users/products/edmontonparking <br>Download Hotspot Parking Transit Taxis app through Google Play or Apple Store. Create an account and pay through the app.<br>Create a HotSpot account online and link a payment card to pay through phone: 1-855-712-5888]]></description>
        <styleUrl>#poly-4186F0-605-255</styleUrl>
        <Polygon>
          <outerBoundaryIs>
            <LinearRing>
              <tessellate>1</tessellate>
              <coordinates>
                -113.4920882,53.5421412,0
                -113.492081,53.5420902,0
                -113.4914179,53.542134,0
                -113.4914255,53.5421805,0
                -113.4920882,53.5421412,0
              </coordinates>
            </LinearRing>
          </outerBoundaryIs>
        </Polygon>
      </Placemark>
      <Placemark>
        <name>1048</name>
        <description><![CDATA[14 Stalls<br>Rate: $4.50 / HR M to F; $1.00 / HR Sat to Sun<br>2 Hours Max<br><br>Hours of Operation<br>08:00 to 21:00 M to Sat <br>10:00 to 17:00 Sun<br><br>Event Rates:<br>Rate $4.50 / HR <br>5 Hours Max<br><br>On Non-event Nights:<br>No Pay 21:00 to 08:00<br><br>How to pay for parking?<br>Scanning QR codes<br>Pay online on the parking: webpage: https://hotspotparking.com/users/products/edmontonparking <br>Download Hotspot Parking Transit Taxis app through Google Play or Apple Store. Create an account and pay through the app.<br>Create a HotSpot account online and link a payment card to pay through phone: 1-855-712-5888]]></description>
        <styleUrl>#poly-4186F0-605-255</styleUrl>
        <Polygon>
          <outerBoundaryIs>
            <LinearRing>
              <tessellate>1</tessellate>
              <coordinates>
                -113.4920282,53.5422047,0
                -113.4911986,53.5422561,0
                -113.4912239,53.5423271,0
                -113.49205,53.5422862,0
                -113.4920282,53.5422047,0
              </coordinates>
            </LinearRing>
          </outerBoundaryIs>
        </Polygon>
      </Placemark>
      <Placemark>
        <name>1049</name>
        <description><![CDATA[3 Stalls<br>Rate: $4.50 / HR M to F; $1.00 / HR Sat to Sun<br>2 Hours Max<br><br>Hours of Operation<br>08:00 to 21:00 M to Sat <br>10:00 to 17:00 Sun<br><br>Event Rates:<br>Rate $4.50 / HR <br>5 Hours Max<br><br>On Non-event Nights:<br>No Pay 21:00 to 08:00<br><br>How to pay for parking?<br>Scanning QR codes<br>Pay online on the parking: webpage: https://hotspotparking.com/users/products/edmontonparking <br>Download Hotspot Parking Transit Taxis app through Google Play or Apple Store. Create an account and pay through the app.<br>Create a HotSpot account online and link a payment card to pay through phone: 1-855-712-5888]]></description>
        <styleUrl>#poly-4186F0-605-255</styleUrl>
        <Polygon>
          <outerBoundaryIs>
            <LinearRing>
              <tessellate>1</tessellate>
              <coordinates>
                -113.4923192,53.5426743,0
                -113.4922495,53.5423051,0
                -113.492151,53.5423119,0
                -113.4922146,53.5426787,0
                -113.4923192,53.5426743,0
              </coordinates>
            </LinearRing>
          </outerBoundaryIs>
        </Polygon>
      </Placemark>
      <Placemark>
        <name>1050</name>
        <description><![CDATA[5 Stalls<br>Rate: $4.50 / HR M to F; $1.00 / HR Sat to Sun<br>2 Hours Max<br><br>Hours of Operation<br>08:00 to 21:00 M to Sat <br>10:00 to 17:00 Sun<br><br>Event Rates:<br>Rate $4.50 / HR <br>5 Hours Max<br><br>On Non-event Nights:<br>No Pay 21:00 to 08:00<br><br>How to pay for parking?<br>Scanning QR codes<br>Pay online on the parking: webpage: https://hotspotparking.com/users/products/edmontonparking <br>Download Hotspot Parking Transit Taxis app through Google Play or Apple Store. Create an account and pay through the app.<br>Create a HotSpot account online and link a payment card to pay through phone: 1-855-712-5888]]></description>
        <styleUrl>#poly-4186F0-605-255</styleUrl>
        <Polygon>
          <outerBoundaryIs>
            <LinearRing>
              <tessellate>1</tessellate>
              <coordinates>
                -113.4925023,53.5425968,0
                -113.4924414,53.5423032,0
                -113.4923581,53.5423043,0
                -113.4924123,53.5425996,0
                -113.4925023,53.5425968,0
              </coordinates>
            </LinearRing>
          </outerBoundaryIs>
        </Polygon>
      </Placemark>
      <Placemark>
        <name>1051</name>
        <description><![CDATA[4 Stalls<br>Rate: $4.50 / HR M to F; $1.00 / HR Sat to Sun<br>2 Hours Max<br><br>Hours of Operation<br>08:00 to 21:00 M to Sat <br>10:00 to 17:00 Sun<br><br>Event Rates:<br>Rate $4.50 / HR <br>5 Hours Max<br><br>On Non-event Nights:<br>No Pay 21:00 to 08:00<br><br>How to pay for parking?<br>Scanning QR codes<br>Pay online on the parking: webpage: https://hotspotparking.com/users/products/edmontonparking <br>Download Hotspot Parking Transit Taxis app through Google Play or Apple Store. Create an account and pay through the app.<br>Create a HotSpot account online and link a payment card to pay through phone: 1-855-712-5888]]></description>
        <styleUrl>#poly-4186F0-605-255</styleUrl>
        <Polygon>
          <outerBoundaryIs>
            <LinearRing>
              <tessellate>1</tessellate>
              <coordinates>
                -113.492431,53.5420102,0
                -113.4923515,53.5415939,0
                -113.4922086,53.5416037,0
                -113.492286,53.5420202,0
                -113.492431,53.5420102,0
              </coordinates>
            </LinearRing>
          </outerBoundaryIs>
        </Polygon>
      </Placemark>
      <Placemark>
        <name>1052</name>
        <description><![CDATA[3 out 10  Stalls operational<br>Rate: $3.50 / HR M to F; $1.00 / HR Sat to Sun<br>Tow Away M to F<br>07:00 - 09:00 and 15:30 - 18:00<br>2 Hours Max<br><br>Hours of Operation<br>08:00 to 21:00 M to Sat<br>10:00 to 17:00 Sun<br>(see exceptions below)<br><br>Event Rates:<br>Rate $3.50 / HR <br>5 Hours Max<br><br>On Non-event Nights:<br>No Pay 21:00 to 07:00<br><br>How to pay for parking?<br>Scanning QR codes<br>Pay online on the parking: webpage: https://hotspotparking.com/users/products/edmontonparking <br>Download Hotspot Parking Transit Taxis app through Google Play or Apple Store. Create an account and pay through the app.<br>Create a HotSpot account online and link a payment card to pay through phone: 1-855-712-5888]]></description>
        <styleUrl>#poly-4186F0-605-255</styleUrl>
        <Polygon>
          <outerBoundaryIs>
            <LinearRing>
              <tessellate>1</tessellate>
              <coordinates>
                -113.4933687,53.5444047,0
                -113.492919,53.5443642,0
                -113.4911611,53.5444766,0
                -113.4911701,53.5445383,0
                -113.4921698,53.5444676,0
                -113.4929178,53.544427,0
                -113.4933519,53.544463,0
                -113.4933687,53.5444047,0
              </coordinates>
            </LinearRing>
          </outerBoundaryIs>
        </Polygon>
      </Placemark>
      <Placemark>
        <name>1056</name>
        <description><![CDATA[5 Stalls<br>Rate: $3.50 / HR M to F; $1.00 / HR Sat to Sun<br>2 Hours Max<br><br>Hours of Operation<br>08:00 to 21:00 M to Sat (see exceptions below) <br>10:00 to 17:00 Sun<br><br>Event Rates:<br>Rate $3.50 / HR <br>5 Hours Max<br><br>How to pay for parking?<br>Scanning QR codes<br>Pay online on the parking: webpage: https://hotspotparking.com/users/products/edmontonparking <br>Download Hotspot Parking Transit Taxis app through Google Play or Apple Store. Create an account and pay through the app.<br>Create a HotSpot account online and link a payment card to pay through phone: 1-855-712-5888 <br><br>On Non-event Nights:<br>No Pay 21:00 to 08:00]]></description>
        <styleUrl>#poly-4186F0-605-255</styleUrl>
        <Polygon>
          <outerBoundaryIs>
            <LinearRing>
              <tessellate>1</tessellate>
              <coordinates>
                -113.4972256,53.5447109,0
                -113.4972256,53.5446415,0
                -113.4958014,53.5446487,0
                -113.4958067,53.5447268,0
                -113.4972256,53.5447109,0
              </coordinates>
            </LinearRing>
          </outerBoundaryIs>
        </Polygon>
      </Placemark>
      <Placemark>
        <name>1057</name>
        <description><![CDATA[3 Stalls<br>Rate: $3.50 / HR M to F; $1.00 / HR Sat to Sun<br>Hours of Operation<br>08:00 to 21:00 M to Sat<br>2 Hours Max<br><br>Event Rates:<br>Rate $3.50 / HR <br>5 Hours Max<br><br>How to pay for parking?<br>Scanning QR codes<br>Pay online on the parking: webpage: https://hotspotparking.com/users/products/edmontonparking <br>Download Hotspot Parking Transit Taxis app through Google Play or Apple Store. Create an account and pay through the app.<br>Create a HotSpot account online and link a payment card to pay through phone: 1-855-712-5888 ]]></description>
        <styleUrl>#poly-4186F0-605-255</styleUrl>
        <Polygon>
          <outerBoundaryIs>
            <LinearRing>
              <tessellate>1</tessellate>
              <coordinates>
                -113.4963724,53.5445533,0
                -113.4963724,53.5444967,0
                -113.4960787,53.5445007,0
                -113.4960787,53.5445541,0
                -113.4963724,53.5445533,0
              </coordinates>
            </LinearRing>
          </outerBoundaryIs>
        </Polygon>
      </Placemark>
      <Placemark>
        <name>1058</name>
        <description><![CDATA[11 Stalls<br>Rate: $3.50 / HR M to F; $1.00 / HR Sat to Sun<br>2 Hours Max<br><br>Hours of Operation<br>08:00 to 21:00 M to Sat (see exceptions below) <br>10:00 to 17:00 Sun<br><br>Event Rates:<br>Rate $3.50 / HR <br>5 Hours Max<br><br>On Non-event Nights:<br>No Pay 21:00 to 08:00<br><br>How to pay for parking?<br>Scanning QR codes<br>Pay online on the parking: webpage: https://hotspotparking.com/users/products/edmontonparking <br>Download Hotspot Parking Transit Taxis app through Google Play or Apple Store. Create an account and pay through the app.<br>Create a HotSpot account online and link a payment card to pay through phone: 1-855-712-5888]]></description>
        <styleUrl>#poly-4186F0-605-255</styleUrl>
        <Polygon>
          <outerBoundaryIs>
            <LinearRing>
              <tessellate>1</tessellate>
              <coordinates>
                -113.4957942,53.5420255,0
                -113.4957973,53.5413261,0
                -113.4956506,53.5413269,0
                -113.4956551,53.5420259,0
                -113.4957942,53.5420255,0
              </coordinates>
            </LinearRing>
          </outerBoundaryIs>
        </Polygon>
      </Placemark>
      <Placemark>
        <name>1059</name>
        <description><![CDATA[4 Stalls<br>Rate: $2.00 / HR M to F; $1.00 / HR Sat to Sun<br>2 Hours Max<br>Tow Away M to F<br>07:00 to 09:00 and 15:30 - 18:00<br><br>Hours of Operation<br>08:00 to 21:00 M to Sat (see exceptions below) <br>10:00 to 17:00 Sun<br><br><br>Event rates:<br>Rate $3.50 / HR <br>5 Hours Max<br><br>On Non-event Nights:<br>No Pay 21:00 to 07:00<br><br>How to pay for parking?<br>Scanning QR codes<br>Pay online on the parking: webpage: https://hotspotparking.com/users/products/edmontonparking <br>Download Hotspot Parking Transit Taxis app through Google Play or Apple Store. Create an account and pay through the app.<br>Create a HotSpot account online and link a payment card to pay through phone: 1-855-712-5888]]></description>
        <styleUrl>#poly-4186F0-605-255</styleUrl>
        <Polygon>
          <outerBoundaryIs>
            <LinearRing>
              <tessellate>1</tessellate>
              <coordinates>
                -113.4939391,53.5419033,0
                -113.4939364,53.5416722,0
                -113.4938294,53.5416718,0
                -113.4938256,53.5419062,0
                -113.4939391,53.5419033,0
              </coordinates>
            </LinearRing>
          </outerBoundaryIs>
        </Polygon>
      </Placemark>
      <Placemark>
        <name>1061- Closed until December 15th, 2025.</name>
        <description><![CDATA[5 Stalls<br>Rate: $2.00 / HR M to F; $1.00 / HR Sat to Sun<br>2 Hours Max<br>Tow Away M to F<br>07:00 to 09:00 and 15:30 - 18:00<br><br>Hours of Operation<br>08:00 to 21:00 M to Sat (see exceptions below) <br>10:00 to 17:00 Sun<br><br><br>Event Rates:<br>Rate $3.50 / HR <br>5 Hours Max<br><br>On Non-event Nights:<br>No Pay 21:00 to 07:00<br><br>How to pay for parking?<br>Scanning QR codes<br>Pay online on the parking: webpage: https://hotspotparking.com/users/products/edmontonparking <br>Download Hotspot Parking Transit Taxis app through Google Play or Apple Store. Create an account and pay through the app.<br>Create a HotSpot account online and link a payment card to pay through phone: 1-855-712-5888]]></description>
        <styleUrl>#poly-4186F0-605-255</styleUrl>
        <Polygon>
          <outerBoundaryIs>
            <LinearRing>
              <tessellate>1</tessellate>
              <coordinates>
                -113.4936945,53.5426616,0
                -113.4936831,53.5422221,0
                -113.4935601,53.5422216,0
                -113.4935603,53.5426651,0
                -113.4936945,53.5426616,0
              </coordinates>
            </LinearRing>
          </outerBoundaryIs>
        </Polygon>
      </Placemark>
      <Placemark>
        <name>1062</name>
        <description><![CDATA[7 Stalls<br>Rate: $2.00 / HR M to F; $1.00 / HR Sat to Sun<br>2 Hours Max<br>Tow Away M to F<br>07:00 to 09:00 and 15:30 - 18:00<br><br>Hours of Operation<br>08:00 to 21:00 M to Sat (see exceptions below) <br>10:00 to 17:00 Sun<br><br><br>On Non-event Nights:<br>No Pay 21:00 to 07:00<br><br>How to pay for parking?<br>Scanning QR codes<br>Pay online on the parking webpage: https://hotspotparking.com/users/products/edmontonparking <br>Download Hotspot Parking Transit Taxis app through Google Play or Apple Store. Create an account and pay through the app.<br>Create a HotSpot account online and link a payment card to pay through phone: 1-855-712-5888 ]]></description>
        <styleUrl>#poly-4186F0-605-255</styleUrl>
        <Polygon>
          <outerBoundaryIs>
            <LinearRing>
              <tessellate>1</tessellate>
              <coordinates>
                -113.4935226,53.5395812,0
                -113.4919908,53.5394273,0
                -113.4919934,53.5394838,0
                -113.4935102,53.539638,0
                -113.4935226,53.5395812,0
              </coordinates>
            </LinearRing>
          </outerBoundaryIs>
        </Polygon>
      </Placemark>
      <Placemark>
        <name>1063</name>
        <description><![CDATA[6 Stalls<br>Rate: $2.00 / HR M to F; $1.00 / HR Sat to Sun <br>2 Hours Max<br><br>Hours of Operation<br>08:00 to 21:00 M to Sat<br>10:00 to 17:00 Sun<br><br>How to pay for parking?<br>Scanning QR codes<br>Pay online on the parking: webpage: https://hotspotparking.com/users/products/edmontonparking <br>Download Hotspot Parking Transit Taxis app through Google Play or Apple Store. Create an account and pay through the app.<br>Create a HotSpot account online and link a payment card to pay through phone: 1-855-712-5888]]></description>
        <styleUrl>#poly-4186F0-605-255</styleUrl>
        <Polygon>
          <outerBoundaryIs>
            <LinearRing>
              <tessellate>1</tessellate>
              <coordinates>
                -113.4846361,53.5423826,0
                -113.4845909,53.5423216,0
                -113.4837205,53.5426443,0
                -113.4837762,53.5426894,0
                -113.4846361,53.5423826,0
              </coordinates>
            </LinearRing>
          </outerBoundaryIs>
        </Polygon>
      </Placemark>
      <Placemark>
        <name>1064</name>
        <description><![CDATA[8 Stalls<br>Rate: $2.00/ HR M to F; $1.00 / HR Sat<br>2 Hours Max<br><br>Hours of Operation<br>08:00 to 21:00 M to Sat<br>10:00 to 17:00 Sun<br><br>Tow Away M to F<br>07:00 - 09:00 and 15:30 - 18:30<br><br>How to pay for parking?<br>Scanning QR codes<br>Pay online on the parking: webpage: https://hotspotparking.com/users/products/edmontonparking <br>Download Hotspot Parking Transit Taxis app through Google Play or Apple Store. Create an account and pay through the app.<br>Create a HotSpot account online and link a payment card to pay through phone: 1-855-712-5888]]></description>
        <styleUrl>#poly-4186F0-605-255</styleUrl>
        <Polygon>
          <outerBoundaryIs>
            <LinearRing>
              <tessellate>1</tessellate>
              <coordinates>
                -113.4832121,53.5429868,0
                -113.4831373,53.5429394,0
                -113.4822742,53.5433713,0
                -113.4823469,53.543421,0
                -113.4832121,53.5429868,0
              </coordinates>
            </LinearRing>
          </outerBoundaryIs>
        </Polygon>
      </Placemark>
      <Placemark>
        <name>2001</name>
        <description><![CDATA[6 Stalls<br>Rate: $3.50 / HR M to F; $1.00 / HR Sat to Sun<br>2 Hours Max<br><br>Hours of Operation<br>08:00 to 21:00 M to Sat (see exceptions below) <br>10:00 to 17:00 Sun<br><br>Event Rates:<br>Rate $3.50 / HR <br>5 Hours Max<br><br>How to pay for parking?<br>Scanning QR codes<br>Pay online on the parking: webpage: https://hotspotparking.com/users/products/edmontonparking <br>Download Hotspot Parking Transit Taxis app through Google Play or Apple Store. Create an account and pay through the app.<br>Create a HotSpot account online and link a payment card to pay through phone: 1-855-712-5888 <br><br>On Non-event Nights:<br>No Pay 21:00 to 08:00]]></description>
        <styleUrl>#poly-4186F0-605-255</styleUrl>
        <Polygon>
          <outerBoundaryIs>
            <LinearRing>
              <tessellate>1</tessellate>
              <coordinates>
                -113.4973417,53.5425571,0
                -113.4973374,53.54204,0
                -113.497196,53.5420351,0
                -113.497208,53.5425583,0
                -113.4973417,53.5425571,0
              </coordinates>
            </LinearRing>
          </outerBoundaryIs>
        </Polygon>
      </Placemark>
      <Placemark>
        <name>2002</name>
        <description><![CDATA[6 Stalls<br>Rate: $4.50 / HR M to F; $1.00 / HR Sat to Sun<br>2 Hours Max<br><br>Hours of Operation<br>08:00 to 21:00 M to Sat <br>10:00 to 17:00 Sun<br><br>Event Rates:<br>Rate $4.50 / HR <br>5 Hours Max<br><br>How to pay for parking?<br>Scanning QR codes<br>Pay online on the parking: webpage: https://hotspotparking.com/users/products/edmontonparking <br>Download Hotspot Parking Transit Taxis app through Google Play or Apple Store. Create an account and pay through the app.<br>Create a HotSpot account online and link a payment card to pay through phone: 1-855-712-5888 <br><br>On Non-event Nights:<br>No Pay 21:00 to 08:00]]></description>
        <styleUrl>#poly-4186F0-605-255</styleUrl>
        <Polygon>
          <outerBoundaryIs>
            <LinearRing>
              <tessellate>1</tessellate>
              <coordinates>
                -113.4973322,53.5444308,0
                -113.4973289,53.5435442,0
                -113.4972126,53.5435456,0
                -113.4972309,53.5444306,0
                -113.4973322,53.5444308,0
              </coordinates>
            </LinearRing>
          </outerBoundaryIs>
        </Polygon>
      </Placemark>
      <Placemark>
        <name>2004</name>
        <description><![CDATA[4 Stalls<br>Rate: $4.50 / HR M to F; $1.00 / HR Sat to Sun<br>2 Hours Max<br><br>Hours of Operation<br>08:00 to 21:00 M to Sat <br>10:00 to 17:00 Sun<br><br>Event Rates:<br>Rate $4.50 / HR <br>5 Hours Max<br><br>How to pay for parking?<br>Scanning QR codes<br>Pay online on the parking: webpage: https://hotspotparking.com/users/products/edmontonparking <br>Download Hotspot Parking Transit Taxis app through Google Play or Apple Store. Create an account and pay through the app.<br>Create a HotSpot account online and link a payment card to pay through phone: 1-855-712-5888 <br><br>On Non-event Nights:<br>No Pay 21:00 to 08:00]]></description>
        <styleUrl>#poly-4186F0-605-255</styleUrl>
        <Polygon>
          <outerBoundaryIs>
            <LinearRing>
              <tessellate>1</tessellate>
              <coordinates>
                -113.497616,53.543817,0
                -113.4976057,53.5434955,0
                -113.4974895,53.5434963,0
                -113.4974858,53.5438179,0
                -113.497616,53.543817,0
              </coordinates>
            </LinearRing>
          </outerBoundaryIs>
        </Polygon>
      </Placemark>
      <Placemark>
        <name>2005</name>
        <description><![CDATA[15 Stalls<br>Rate: $3.50 / HR M to F; $1.00 / HR Sat to Sun<br>Hours of Operation<br>08:00 to 21:00 M to Sat (see exceptions below) 2 Hours Max<br><br>Event Rates:<br>Rate $3.50 / HR<br>5 Hours Max<br><br>On Non-event Nights:<br>No Pay 21:00 to 08:00<br><br>How to pay for parking?<br>Scanning QR codes<br>Pay online on the parking: webpage: https://hotspotparking.com/users/products/edmontonparking <br>Download Hotspot Parking Transit Taxis app through Google Play or Apple Store. Create an account and pay through the app.<br>Create a HotSpot account online and link a payment card to pay through phone: 1-855-712-5888 ]]></description>
        <styleUrl>#poly-4186F0-605-255</styleUrl>
        <Polygon>
          <outerBoundaryIs>
            <LinearRing>
              <tessellate>1</tessellate>
              <coordinates>
                -113.4976285,53.542522,0
                -113.4976078,53.5415503,0
                -113.4974358,53.5415516,0
                -113.4974305,53.5425188,0
                -113.4976285,53.542522,0
              </coordinates>
            </LinearRing>
          </outerBoundaryIs>
        </Polygon>
      </Placemark>
      <Placemark>
        <name>2006</name>
        <description><![CDATA[11 Stalls<br>Rate: $4.50 / HR M to F; $1.00 / HR Sat to Sun<br>2 Hours Max<br><br>Hours of Operation<br>08:00 to 21:00 M to Sat <br>10:00 to 17:00 Sun<br><br>Event Rates:<br>Rate $4.50 / HR <br>5 Hours Max<br><br>How to pay for parking?<br>Scanning QR codes<br>Pay online on the parking: webpage: https://hotspotparking.com/users/products/edmontonparking <br>Download Hotspot Parking Transit Taxis app through Google Play or Apple Store. Create an account and pay through the app.<br>Create a HotSpot account online and link a payment card to pay through phone: 1-855-712-5888 <br><br>On Non-event Nights:<br>No Pay 21:00 to 08:00]]></description>
        <styleUrl>#poly-4186F0-605-255</styleUrl>
        <Polygon>
          <outerBoundaryIs>
            <LinearRing>
              <tessellate>1</tessellate>
              <coordinates>
                -113.4991495,53.5427336,0
                -113.499171,53.542646,0
                -113.499241,53.542446,0
                -113.499244,53.541511,0
                -113.499177,53.541273,0
                -113.4991579,53.5411955,0
                -113.4989887,53.5411925,0
                -113.4990097,53.5427428,0
                -113.4991495,53.5427336,0
              </coordinates>
            </LinearRing>
          </outerBoundaryIs>
        </Polygon>
      </Placemark>
      <Placemark>
        <name>2007</name>
        <description><![CDATA[9 Stalls<br>Rate: $4.50 / HR M to F; $1.00 / HR Sat to Sun<br>2 Hours Max<br><br>Hours of Operation<br>08:00 to 21:00 M to Sat <br>10:00 to 17:00 Sun<br><br>Event Rates:<br>Rate $4.50 / HR <br>5 Hours Max<br><br>On Non-event Nights:<br>No Pay 21:00 to 08:00<br><br>How to pay for parking?<br>Scanning QR codes<br>Pay online on the parking: webpage: https://hotspotparking.com/users/products/edmontonparking <br>Download Hotspot Parking Transit Taxis app through Google Play or Apple Store. Create an account and pay through the app.<br>Create a HotSpot account online and link a payment card to pay through phone: 1-855-712-5888 ]]></description>
        <styleUrl>#poly-4186F0-605-255</styleUrl>
        <Polygon>
          <outerBoundaryIs>
            <LinearRing>
              <tessellate>1</tessellate>
              <coordinates>
                -113.4991684,53.5443016,0
                -113.4991497,53.5432915,0
                -113.4990104,53.5432979,0
                -113.4989836,53.5443019,0
                -113.4991684,53.5443016,0
              </coordinates>
            </LinearRing>
          </outerBoundaryIs>
        </Polygon>
      </Placemark>
      <Placemark>
        <name>2008</name>
        <description><![CDATA[7 Stalls <br>Rate: $2.00 / HR M to F; $1.00 / HR Sat to Sun<br>2 Hours Max<br><br>Hours of Operation<br>08:00 to 21:00 M to Sat (see exceptions below)<br>10:00 to 17:00 Sun<br><br>Event Rates:<br>Rate $3.50 / HR <br>5 Hours Max<br><br>On Non-event Nights:<br>No Pay 21:00 to 08:00<br><br>How to pay for parking?<br>Scanning QR codes<br>Pay online on the parking: webpage: https://hotspotparking.com/users/products/edmontonparking <br>Download Hotspot Parking Transit Taxis app through Google Play or Apple Store. Create an account and pay through the app.<br>Create a HotSpot account online and link a payment card to pay through phone: 1-855-712-5888 ]]></description>
        <styleUrl>#poly-4186F0-605-255</styleUrl>
        <Polygon>
          <outerBoundaryIs>
            <LinearRing>
              <tessellate>1</tessellate>
              <coordinates>
                -113.4990392,53.5445845,0
                -113.4990441,53.5444874,0
                -113.4983563,53.5444993,0
                -113.4975492,53.5444928,0
                -113.4975478,53.5445909,0
                -113.4983539,53.5445933,0
                -113.4990392,53.5445845,0
              </coordinates>
            </LinearRing>
          </outerBoundaryIs>
        </Polygon>
      </Placemark>
      <Placemark>
        <name>2009</name>
        <description><![CDATA[6 Stalls<br>Rate: $4.50 / HR M to F; $1.00 / HR Sat to Sun<br>2 Hours Max<br><br>Hours of Operation<br>08:00 to 21:00 M to Sat <br>10:00 to 17:00 Sun<br><br>Event Rates:<br>Rate $4.50 / HR <br>5 Hours Max<br><br>How to pay for parking?<br>Scanning QR codes<br>Pay online on the parking: webpage: https://hotspotparking.com/users/products/edmontonparking <br>Download Hotspot Parking Transit Taxis app through Google Play or Apple Store. Create an account and pay through the app.<br>Create a HotSpot account online and link a payment card to pay through phone: 1-855-712-5888 <br>On Non-event Nights:<br>No Pay 21:00 to 08:00]]></description>
        <styleUrl>#poly-4186F0-605-255</styleUrl>
        <Polygon>
          <outerBoundaryIs>
            <LinearRing>
              <tessellate>1</tessellate>
              <coordinates>
                -113.4991656,53.5458718,0
                -113.4991445,53.5448087,0
                -113.4989937,53.5448085,0
                -113.499002,53.5458678,0
                -113.4991656,53.5458718,0
              </coordinates>
            </LinearRing>
          </outerBoundaryIs>
        </Polygon>
      </Placemark>
      <Placemark>
        <name>2010</name>
        <description><![CDATA[11 Stalls<br>Rate: $4.50 / HR M to F; $1.00 / HR Sat to Sun<br>2 Hours Max<br><br>Hours of Operation<br>08:00 to 21:00 M to Sat <br>10:00 to 17:00 Sun<br><br>Event Rates:<br>Rate $4.50 / HR <br>5 Hours Max<br><br>On Non-event Nights:<br>No Pay 21:00 to 08:00<br><br>How to pay for parking?<br>Scanning QR codes<br>Pay online on the parking: webpage: https://hotspotparking.com/users/products/edmontonparking <br>Download Hotspot Parking Transit Taxis app through Google Play or Apple Store. Create an account and pay through the app.<br>Create a HotSpot account online and link a payment card to pay through phone: 1-855-712-5888 ]]></description>
        <styleUrl>#poly-4186F0-605-255</styleUrl>
        <Polygon>
          <outerBoundaryIs>
            <LinearRing>
              <tessellate>1</tessellate>
              <coordinates>
                -113.4994663,53.5460385,0
                -113.499476,53.5447561,0
                -113.499332,53.5447583,0
                -113.499319,53.5460373,0
                -113.4994663,53.5460385,0
              </coordinates>
            </LinearRing>
          </outerBoundaryIs>
        </Polygon>
      </Placemark>
      <Placemark>
        <name>2011</name>
        <description><![CDATA[4 Stalls<br>Rate: $2.00 / HR M to F; $1.00 / HR Sat to Sun<br>2 Hours Max<br><br>Tow Away M to F<br>15:30 - 18:00<br><br>Hours of Operation<br>08:00 to 21:00 M to Sat (see exceptions below)<br>10:00 to 17:00 Sun <br><br>Event Rates:<br>Rate $3.50 / HR <br>5 Hours Max<br><br>On Non-event Nights:<br>No Pay 21:00 to 08:00<br><br>How to pay for parking?<br>Scanning QR codes<br>Pay online on the parking: webpage: https://hotspotparking.com/users/products/edmontonparking <br>Download Hotspot Parking Transit Taxis app through Google Play or Apple Store. Create an account and pay through the app.<br>Create a HotSpot account online and link a payment card to pay through phone: 1-855-712-5888 ]]></description>
        <styleUrl>#poly-4186F0-605-255</styleUrl>
        <Polygon>
          <outerBoundaryIs>
            <LinearRing>
              <tessellate>1</tessellate>
              <coordinates>
                -113.5008626,53.5447172,0
                -113.5008689,53.5446249,0
                -113.4994876,53.5446228,0
                -113.4994956,53.5447226,0
                -113.5008626,53.5447172,0
              </coordinates>
            </LinearRing>
          </outerBoundaryIs>
        </Polygon>
      </Placemark>
      <Placemark>
        <name>2012</name>
        <description><![CDATA[5 Stalls<br>Rate: $2.00 / HR M to F; $1.00 / HR Sat to Sun<br>2 Hours Max<br><br>Hours of Operation<br>08:00 to 21:00 M to Sat (see exceptions below)<br>10:00 to 17:00 Sun<br><br>Event Rates:<br>Rate $3.50 / HR <br>5 Hours Max<br><br>On Non-event Nights:<br>No Pay 21:00 to 08:00<br><br>How to pay for parking?<br>Scanning QR codes<br>Pay online on the parking: webpage: https://hotspotparking.com/users/products/edmontonparking <br>Download Hotspot Parking Transit Taxis app through Google Play or Apple Store. Create an account and pay through the app.<br>Create a HotSpot account online and link a payment card to pay through phone: 1-855-712-5888 ]]></description>
        <styleUrl>#poly-4186F0-605-255</styleUrl>
        <Polygon>
          <outerBoundaryIs>
            <LinearRing>
              <tessellate>1</tessellate>
              <coordinates>
                -113.5001196,53.5445585,0
                -113.500117,53.5444857,0
                -113.4994543,53.5444893,0
                -113.499457,53.5445593,0
                -113.5001196,53.5445585,0
              </coordinates>
            </LinearRing>
          </outerBoundaryIs>
        </Polygon>
      </Placemark>
      <Placemark>
        <name>2013</name>
        <description><![CDATA[8 Stalls<br>Rate: $4.50 / HR M to F; $1.00 / HR Sat to Sun<br>2 Hours Max<br><br>Hours of Operation<br>08:00 to 21:00 M to Sat <br>10:00 to 17:00 Sun<br><br>Event Rates:<br>Rate $4.50 / HR <br>5 Hours Max<br><br>On Non-event Nights:<br>No Pay 21:00 to 08:00<br><br>How to pay for parking?<br>Scanning QR codes<br>Pay online on the parking: webpage: https://hotspotparking.com/users/products/edmontonparking <br>Download Hotspot Parking Transit Taxis app through Google Play or Apple Store. Create an account and pay through the app.<br>Create a HotSpot account online and link a payment card to pay through phone: 1-855-712-5888 ]]></description>
        <styleUrl>#poly-4186F0-605-255</styleUrl>
        <Polygon>
          <outerBoundaryIs>
            <LinearRing>
              <tessellate>1</tessellate>
              <coordinates>
                -113.4993135,53.5440485,0
                -113.4994302,53.5440477,0
                -113.4994234,53.5433732,0
                -113.4993224,53.5433726,0
                -113.4993135,53.5440485,0
              </coordinates>
            </LinearRing>
          </outerBoundaryIs>
        </Polygon>
      </Placemark>
      <Placemark>
        <name>2014 </name>
        <description><![CDATA[14 Stalls<br>Rate: $4.50 / HR M to F; $1.00 / HR Sat to Sun<br>2 Hours Max<br><br>Hours of Operation<br>08:00 to 21:00 M to Sat <br>10:00 to 17:00 Sun<br><br>Event Rates:<br>Rate $4.50 / HR <br>5 Hours Max<br><br>How to pay for parking?<br>Scanning QR codes<br>Pay online on the parking: webpage: https://hotspotparking.com/users/products/edmontonparking <br>Download Hotspot Parking Transit Taxis app through Google Play or Apple Store. Create an account and pay through the app.<br>Create a HotSpot account online and link a payment card to pay through phone: 1-855-712-5888 <br><br>On Non-event Nights:<br>No Pay 21:00 to 08:00]]></description>
        <styleUrl>#poly-4186F0-605-255</styleUrl>
        <Polygon>
          <outerBoundaryIs>
            <LinearRing>
              <tessellate>1</tessellate>
              <coordinates>
                -113.4995033,53.5428237,0
                -113.4995035,53.5411951,0
                -113.4993558,53.5411941,0
                -113.4993455,53.5413758,0
                -113.499289,53.54149,0
                -113.499274,53.54245,0
                -113.499356,53.542642,0
                -113.4993469,53.5428217,0
                -113.4995033,53.5428237,0
              </coordinates>
            </LinearRing>
          </outerBoundaryIs>
        </Polygon>
      </Placemark>
      <Placemark>
        <name>2015</name>
        <description><![CDATA[9 Stalls<br>Rate: $3.50 / HR M to F; $1.00 / HR Sat to Sun<br>Hours of Operation<br>08:00 to 21:00 M to Sat (see exceptions below) <br>2 Hours Max<br><br>Event Rates:<br>Rate $3.50 / HR <br>5 Hours Max<br><br>On Non-event Nights:<br>No Pay 21:00 to 08:00<br><br>How to pay for parking?<br>Scanning QR codes<br>Pay online on the parking: webpage: https://hotspotparking.com/users/products/edmontonparking <br>Download Hotspot Parking Transit Taxis app through Google Play or Apple Store. Create an account and pay through the app.<br>Create a HotSpot account online and link a payment card to pay through phone: 1-855-712-5888 ]]></description>
        <styleUrl>#poly-4186F0-605-255</styleUrl>
        <Polygon>
          <outerBoundaryIs>
            <LinearRing>
              <tessellate>1</tessellate>
              <coordinates>
                -113.498982,53.5409964,0
                -113.4977872,53.5409968,0
                -113.4977914,53.5410529,0
                -113.4989795,53.5410562,0
                -113.498982,53.5409964,0
              </coordinates>
            </LinearRing>
          </outerBoundaryIs>
        </Polygon>
      </Placemark>
      <Placemark>
        <name>2018</name>
        <description><![CDATA[7 Stalls<br>Rate: $2.00 / HR M to F; $1.00 / HR Sat to Sun<br>2 Hours Max<br><br>Hours of Operation<br>08:00 to 21:00 M to Sat (see exceptions below)<br>10:00 to 17:00 Sun<br><br>Event Rates:<br>Rate $3.50 / HR <br>5 Hours Max<br><br>On Non-event Nights:<br>No Pay 21:00 to 08:00<br><br>How to pay for parking?<br>Scanning QR codes<br>Pay online on the parking: webpage: https://hotspotparking.com/users/products/edmontonparking <br>Download Hotspot Parking Transit Taxis app through Google Play or Apple Store. Create an account and pay through the app.<br>Create a HotSpot account online and link a payment card to pay through phone: 1-855-712-5888 ]]></description>
        <styleUrl>#poly-4186F0-605-255</styleUrl>
        <Polygon>
          <outerBoundaryIs>
            <LinearRing>
              <tessellate>1</tessellate>
              <coordinates>
                -113.5004908,53.5430553,0
                -113.4994421,53.543056,0
                -113.4994461,53.5431253,0
                -113.5004975,53.5431261,0
                -113.5004908,53.5430553,0
              </coordinates>
            </LinearRing>
          </outerBoundaryIs>
        </Polygon>
      </Placemark>
      <Placemark>
        <name>2020</name>
        <description><![CDATA[6 Stalls<br>Rate: $2.00 / HR M to F; $1.00 / HR Sat to Sun<br>2 Hours Max<br><br>Tow Away M to F<br>07:00 to 09:00 and 15:30 - 18:00<br><br>Hours of Operation<br>08:00 to 21:00 M to Sat (see exceptions below) <br>10:00 to 17:00 Sun<br><br><br>Event Rates:<br>Rate $3.50 / HR <br>5 Hours Max<br><br>On Non-event Nights:<br>No Pay 21:00 to 07:00<br><br>How to pay for parking?<br>Scanning QR codes<br>Pay online on the parking: webpage: https://hotspotparking.com/users/products/edmontonparking <br>Download Hotspot Parking Transit Taxis app through Google Play or Apple Store. Create an account and pay through the app.<br>Create a HotSpot account online and link a payment card to pay through phone: 1-855-712-5888 ]]></description>
        <styleUrl>#poly-4186F0-605-255</styleUrl>
        <Polygon>
          <outerBoundaryIs>
            <LinearRing>
              <tessellate>1</tessellate>
              <coordinates>
                -113.5010375,53.5444123,0
                -113.5010442,53.5435844,0
                -113.5009139,53.5435862,0
                -113.5009073,53.5444115,0
                -113.5010375,53.5444123,0
              </coordinates>
            </LinearRing>
          </outerBoundaryIs>
        </Polygon>
      </Placemark>
      <Placemark>
        <name>2021</name>
        <description><![CDATA[5 Stalls<br>Rate: $2.00 / HR M to F; $1.00 / HR Sat to Sun<br><br>Tow Away M to F<br>07:00 - 09:00<br>15:30 - 18:00<br><br>Hours of Operation<br>08:00 to 21:00 M to Sat (see exceptions below)<br>10:00 to 17:00 Sun<br><br>Event Rates:<br>Rate $3.50 / HR <br>5 Hours Max<br><br>On Non-event Nights:<br>No Pay 21:00 to 08:00<br><br>How to pay for parking?<br>Scanning QR codes<br>Pay online on the parking: webpage: https://hotspotparking.com/users/products/edmontonparking <br>Download Hotspot Parking Transit Taxis app through Google Play or Apple Store. Create an account and pay through the app.<br>Create a HotSpot account online and link a payment card to pay through phone: 1-855-712-5888 ]]></description>
        <styleUrl>#poly-4186F0-605-255</styleUrl>
        <Polygon>
          <outerBoundaryIs>
            <LinearRing>
              <tessellate>1</tessellate>
              <coordinates>
                -113.5010103,53.5456254,0
                -113.5010098,53.5452266,0
                -113.5009082,53.5452271,0
                -113.5009008,53.5456226,0
                -113.5010103,53.5456254,0
              </coordinates>
            </LinearRing>
          </outerBoundaryIs>
        </Polygon>
      </Placemark>
      <Placemark>
        <name>2022</name>
        <description><![CDATA[8 Stalls<br>Rate: $2.00 / HR M to F; $1.00 / HR Sat to Sun<br>2 Hours Max<br><br>Hours of Operation<br>08:00 to 21:00 M to Sat (see exceptions below)<br>10:00 to 17:00 Sun<br><br>Event Rates:<br>Rate $3.50 / HR <br>5 Hours Max<br><br>On Non-event Nights:<br>No Pay 21:00 to 08:00<br><br>How to pay for parking?<br>Scanning QR codes<br>Pay online on the parking: webpage: https://hotspotparking.com/users/products/edmontonparking <br>Download Hotspot Parking Transit Taxis app through Google Play or Apple Store. Create an account and pay through the app.<br>Create a HotSpot account online and link a payment card to pay through phone: 1-855-712-5888 ]]></description>
        <styleUrl>#poly-4186F0-605-255</styleUrl>
        <Polygon>
          <outerBoundaryIs>
            <LinearRing>
              <tessellate>1</tessellate>
              <coordinates>
                -113.5026857,53.5446545,0
                -113.5014335,53.5446456,0
                -113.5014392,53.5447155,0
                -113.5026891,53.5447175,0
                -113.5026857,53.5446545,0
              </coordinates>
            </LinearRing>
          </outerBoundaryIs>
        </Polygon>
      </Placemark>
      <Placemark>
        <name>2023</name>
        <description><![CDATA[6 Stalls<br>Rate: $2.00 / HR M to F; $1.00 / HR Sat to Sun<br>2 Hours Max<br><br>Hours of Operation<br>08:00 to 21:00 M to Sat (see exceptions below)<br>10:00 to 17:00 Sun<br>Event Rates:<br>Rate $3.50 / HR <br>5 Hours Max<br><br>On Non-event Nights:<br>No Pay 21:00 to 08:00<br><br>How to pay for parking?<br>Scanning QR codes<br>Pay online on the parking: webpage: https://hotspotparking.com/users/products/edmontonparking <br>Download Hotspot Parking Transit Taxis app through Google Play or Apple Store. Create an account and pay through the app.<br>Create a HotSpot account online and link a payment card to pay through phone: 1-855-712-5888 ]]></description>
        <styleUrl>#poly-4186F0-605-255</styleUrl>
        <Polygon>
          <outerBoundaryIs>
            <LinearRing>
              <tessellate>1</tessellate>
              <coordinates>
                -113.5024914,53.544581,0
                -113.5024914,53.5445109,0
                -113.5013649,53.5444982,0
                -113.5013757,53.5445618,0
                -113.5024914,53.544581,0
              </coordinates>
            </LinearRing>
          </outerBoundaryIs>
        </Polygon>
      </Placemark>
      <Placemark>
        <name>2024</name>
        <description><![CDATA[11 Stalls<br>Rate: $2.00 / HR M to F; $1.00 / HR Sat to Sun<br><br>Tow Away M to F<br>07:00 to 09:00 and 15:30 - 18:00<br><br>Hours of Operation<br>08:00 to 21:00 M to Sat (see exceptions below) <br>10:00 to 17:00 Sun<br><br>Event Rates:<br>Rate $3.50 / HR <br>5 Hours Max<br><br>On Non-event Nights:<br>No Pay 21:00 to 07:00<br><br>How to pay for parking?<br>Scanning QR codes<br>Pay online on the parking: webpage: https://hotspotparking.com/users/products/edmontonparking <br>Download Hotspot Parking Transit Taxis app through Google Play or Apple Store. Create an account and pay through the app.<br>Create a HotSpot account online and link a payment card to pay through phone: 1-855-712-5888 ]]></description>
        <styleUrl>#poly-4186F0-605-255</styleUrl>
        <Polygon>
          <outerBoundaryIs>
            <LinearRing>
              <tessellate>1</tessellate>
              <coordinates>
                -113.5012937,53.5440105,0
                -113.5013098,53.5431536,0
                -113.5011881,53.5431534,0
                -113.5011762,53.5440088,0
                -113.5012937,53.5440105,0
              </coordinates>
            </LinearRing>
          </outerBoundaryIs>
        </Polygon>
      </Placemark>
      <Placemark>
        <name>2025</name>
        <description><![CDATA[5 Stalls<br>Rate: $2.00 / HR M to F; $1.00 / HR Sat to Sun<br>2 Hours Max<br><br>Hours of Operation<br>08:00 to 21:00 M to Sat (see exceptions below)<br>10:00 to 17:00 Sun<br><br>Event Rates:<br>Rate $3.50 / HR <br>5 Hours Max<br><br>On Non-event Nights:<br>No Pay 21:00 to 08:00<br><br>How to pay for parking?<br>Scanning QR codes<br>Pay online on the parking: webpage: https://hotspotparking.com/users/products/edmontonparking <br>Download Hotspot Parking Transit Taxis app through Google Play or Apple Store. Create an account and pay through the app.<br>Create a HotSpot account online and link a payment card to pay through phone: 1-855-712-5888 ]]></description>
        <styleUrl>#poly-4186F0-605-255</styleUrl>
        <Polygon>
          <outerBoundaryIs>
            <LinearRing>
              <tessellate>1</tessellate>
              <coordinates>
                -113.5012762,53.5423254,0
                -113.501267,53.541614,0
                -113.5011605,53.5416216,0
                -113.5011885,53.5423214,0
                -113.5012762,53.5423254,0
              </coordinates>
            </LinearRing>
          </outerBoundaryIs>
        </Polygon>
      </Placemark>
      <Placemark>
        <name>2026</name>
        <description><![CDATA[13 Stalls<br>Rate: $2.00 / HR M to F; $1.00 / HR Sat to Sun<br>2 Hours Max<br><br>Hours of Operation<br>08:00 to 21:00 M to Sat (see exceptions below)<br>10:00 to 17:00 Sun<br><br>Construction Full Closure:<br>6/26/2025 - Starting at 09:00 - Ends on 10/31/2025<br><br>Event Rates:<br>Rate $3.50 / HR <br>5 Hours Max<br><br>On Non-event Nights:<br>No Pay 21:00 to 08:00<br><br>How to pay for parking?<br>Scanning QR codes<br>Pay online on the parking: webpage: https://hotspotparking.com/users/products/edmontonparking <br>Download Hotspot Parking Transit Taxis app through Google Play or Apple Store. Create an account and pay through the app.<br>Create a HotSpot account online and link a payment card to pay through phone: 1-855-712-5888 ]]></description>
        <styleUrl>#poly-4186F0-605-255</styleUrl>
        <Polygon>
          <outerBoundaryIs>
            <LinearRing>
              <tessellate>1</tessellate>
              <coordinates>
                -113.5027787,53.5418335,0
                -113.502781,53.5428193,0
                -113.5028611,53.542818,0
                -113.502871,53.5418329,0
                -113.5027787,53.5418335,0
              </coordinates>
            </LinearRing>
          </outerBoundaryIs>
        </Polygon>
      </Placemark>
      <Placemark>
        <name>2027</name>
        <description><![CDATA[10 Stalls<br>Rate: $2.00 / HR M to F; $1.00 / HR Sat to Sun<br>2 Hours Max<br><br>Hours of Operation<br>08:00 to 21:00 M to Sat (see exceptions below)<br>10:00 to 17:00 Sun<br><br>Event Rates:<br>Rate $3.50 / HR <br>5 Hours Max<br><br>On Non-event Nights:<br>No Pay 21:00 to 08:00<br><br>How to pay for parking?<br>Scanning QR codes<br>Pay online on the parking: webpage: https://hotspotparking.com/users/products/edmontonparking <br>Download Hotspot Parking Transit Taxis app through Google Play or Apple Store. Create an account and pay through the app.<br>Create a HotSpot account online and link a payment card to pay through phone: 1-855-712-5888 ]]></description>
        <styleUrl>#poly-4186F0-605-255</styleUrl>
        <Polygon>
          <outerBoundaryIs>
            <LinearRing>
              <tessellate>1</tessellate>
              <coordinates>
                -113.5028601,53.5438965,0
                -113.5028479,53.5431781,0
                -113.5027562,53.5431768,0
                -113.5027664,53.5438983,0
                -113.5028601,53.5438965,0
              </coordinates>
            </LinearRing>
          </outerBoundaryIs>
        </Polygon>
      </Placemark>
      <Placemark>
        <name>2028</name>
        <description><![CDATA[12 Stalls<br>Rate: $2.00 / HR M to F; $1.00 / HR Sat to Sun<br>2 Hours Max<br><br>Hours of Operation<br>08:00 to 21:00 M to Sat (see exceptions below)<br>10:00 to 17:00 Sun<br><br>Event Rates:<br>Rate $3.50 / HR <br>5 Hours Max<br><br>On Non-event Nights:<br>No Pay 21:00 to 08:00<br><br>How to pay for parking?<br>Scanning QR codes<br>Pay online on the parking: webpage: https://hotspotparking.com/users/products/edmontonparking <br>Download Hotspot Parking Transit Taxis app through Google Play or Apple Store. Create an account and pay through the app.<br>Create a HotSpot account online and link a payment card to pay through phone: 1-855-712-5888 ]]></description>
        <styleUrl>#poly-4186F0-605-255</styleUrl>
        <Polygon>
          <outerBoundaryIs>
            <LinearRing>
              <tessellate>1</tessellate>
              <coordinates>
                -113.5028502,53.545761,0
                -113.5028487,53.5447871,0
                -113.5027339,53.5447883,0
                -113.5027396,53.545762,0
                -113.5028502,53.545761,0
              </coordinates>
            </LinearRing>
          </outerBoundaryIs>
        </Polygon>
      </Placemark>
      <Placemark>
        <name>2029</name>
        <description><![CDATA[5 Stalls<br>Rate: $2.00 / HR M to F; $1.00 / HR Sat to Sun<br>2 Hours Max<br><br>Hours of Operation<br>08:00 to 21:00 M to Sat (see exceptions below)<br>10:00 to 17:00 Sun<br><br>Event Rates:<br>Rate $3.50 / HR <br>5 Hours Max<br><br>On Non-event Nights:<br>No Pay 21:00 to 08:00<br><br>How to pay for parking?<br>Scanning QR codes<br>Pay online on the parking: webpage: https://hotspotparking.com/users/products/edmontonparking <br>Download Hotspot Parking Transit Taxis app through Google Play or Apple Store. Create an account and pay through the app.<br>Create a HotSpot account online and link a payment card to pay through phone: 1-855-712-5888 ]]></description>
        <styleUrl>#poly-4186F0-605-255</styleUrl>
        <Polygon>
          <outerBoundaryIs>
            <LinearRing>
              <tessellate>1</tessellate>
              <coordinates>
                -113.5030928,53.5453785,0
                -113.5030882,53.5450204,0
                -113.5029455,53.545013,0
                -113.5029509,53.5453803,0
                -113.5030928,53.5453785,0
              </coordinates>
            </LinearRing>
          </outerBoundaryIs>
        </Polygon>
      </Placemark>
      <Placemark>
        <name>2032- south of 103 Ave termpararily closed - west of 106 St operational</name>
        <description><![CDATA[9 Stalls<br>Rate: $2.00 / HR M to F; $1.00 / HR Sat to Sun<br>2 Hours Max<br><br>Hours of Operation<br>08:00 to 21:00 M to Sat (see exceptions below)<br>10:00 to 17:00 Sun<br><br>Event Rates:<br>Rate $3.50 / HR <br>5 Hours Max<br><br>On Non-event Nights:<br>No Pay 21:00 to 08:00<br><br>How to pay for parking?<br>Scanning QR codes<br>Pay online on the parking: webpage: https://hotspotparking.com/users/products/edmontonparking <br>Download Hotspot Parking Transit Taxis app through Google Play or Apple Store. Create an account and pay through the app.<br>Create a HotSpot account online and link a payment card to pay through phone: 1-855-712-5888 ]]></description>
        <styleUrl>#poly-4186F0-605-255</styleUrl>
        <Polygon>
          <outerBoundaryIs>
            <LinearRing>
              <tessellate>1</tessellate>
              <coordinates>
                -113.5030791,53.5445093,0
                -113.5030775,53.5435697,0
                -113.5029555,53.5435681,0
                -113.5029559,53.5445766,0
                -113.5034654,53.5445792,0
                -113.5034681,53.5445052,0
                -113.5030791,53.5445093,0
              </coordinates>
            </LinearRing>
          </outerBoundaryIs>
        </Polygon>
      </Placemark>
      <Placemark>
        <name>2033-Temporarily closed until Oct 31, 2025</name>
        <description><![CDATA[5 Stalls<br>Rate: $2.00 / HR M to F; $1.00 / HR Sat to Sun<br>2 Hours Max<br><br>Hours of Operation<br>08:00 to 21:00 M to Sat (see exceptions below)<br>10:00 to 17:00 Sun<br><br>Construction Full Closure:<br>6/26/2025 - Starting at 09:00 - Ends on 10/31/2025<br><br>Event Rates:<br>Rate $3.50 / HR <br>5 Hours Max<br><br>On Non-event Nights:<br>No Pay 21:00 to 08:00<br><br>How to pay for parking?<br>Scanning QR codes<br>Pay online on the parking: webpage: https://hotspotparking.com/users/products/edmontonparking <br>Download Hotspot Parking Transit Taxis app through Google Play or Apple Store. Create an account and pay through the app.<br>Create a HotSpot account online and link a payment card to pay through phone: 1-855-712-5888 ]]></description>
        <styleUrl>#poly-4186F0-605-255</styleUrl>
        <Polygon>
          <outerBoundaryIs>
            <LinearRing>
              <tessellate>1</tessellate>
              <coordinates>
                -113.5030801,53.5424543,0
                -113.5030775,53.5419087,0
                -113.5029472,53.5419073,0
                -113.5029455,53.5424527,0
                -113.5030801,53.5424543,0
              </coordinates>
            </LinearRing>
          </outerBoundaryIs>
        </Polygon>
      </Placemark>
      <Placemark>
        <name>2034</name>
        <description><![CDATA[8 Stalls<br>Rate: $2.00 / HR M to F; $1.00 / HR Sat to Sun<br>2 Hours Max<br><br>Hours of Operation<br>08:00 to 21:00 M to Sat (see exceptions below)<br>10:00 to 17:00 Sun<br><br>Event Rates:<br>Rate $3.50 / HR <br>5 Hours Max<br><br>On Non-event Nights:<br>No Pay 21:00 to 08:00<br><br>How to pay for parking?<br>Scanning QR codes<br>Pay online on the parking: webpage: https://hotspotparking.com/users/products/edmontonparking <br>Download Hotspot Parking Transit Taxis app through Google Play or Apple Store. Create an account and pay through the app.<br>Create a HotSpot account online and link a payment card to pay through phone: 1-855-712-5888 ]]></description>
        <styleUrl>#poly-4186F0-605-255</styleUrl>
        <Polygon>
          <outerBoundaryIs>
            <LinearRing>
              <tessellate>1</tessellate>
              <coordinates>
                -113.5017837,53.5410701,0
                -113.5025826,53.5410734,0
                -113.5025852,53.5409938,0
                -113.5017827,53.5409952,0
                -113.5017837,53.5410701,0
              </coordinates>
            </LinearRing>
          </outerBoundaryIs>
        </Polygon>
      </Placemark>
      <Placemark>
        <name>2035</name>
        <description><![CDATA[2 Stalls<br>Rate: $2.00 / HR M to F; $1.00 / HR Sat to Sun<br>2 Hours Max<br><br>Hours of Operation<br>08:00 to 21:00 M to Sat (see exceptions below)<br>10:00 to 17:00 Sun<br><br>Event Rates:<br>Rate $3.50 / HR <br>5 Hours Max<br><br>On Non-event Nights:<br>No Pay 21:00 to 08:00<br><br>How to pay for parking?<br>Scanning QR codes<br>Pay online on the parking: webpage: https://hotspotparking.com/users/products/edmontonparking <br>Download Hotspot Parking Transit Taxis app through Google Play or Apple Store. Create an account and pay through the app.<br>Create a HotSpot account online and link a payment card to pay through phone: 1-855-712-5888 ]]></description>
        <styleUrl>#poly-4186F0-605-255</styleUrl>
        <Polygon>
          <outerBoundaryIs>
            <LinearRing>
              <tessellate>1</tessellate>
              <coordinates>
                -113.5044504,53.5409976,0
                -113.5040188,53.5409964,0
                -113.5040215,53.5410844,0
                -113.5044517,53.5410848,0
                -113.5044504,53.5409976,0
              </coordinates>
            </LinearRing>
          </outerBoundaryIs>
        </Polygon>
      </Placemark>
      <Placemark>
        <name>2036-Temporarily closed until Oct 31, 2025</name>
        <description><![CDATA[4 Stalls<br>Rate: $2.00 / HR M to F; $1.00 / HR Sat to Sun<br><br>Tow Away M to F<br>07:00 - 09:00<br>Hours of Operation<br>08:00 to 21:00 M to Sat<br>(see exceptions below)<br><br>Event Rates:<br>Rate $3.50 / HR <br>5 Hours Max<br><br>On Non-event Nights:<br>No Pay 21:00 to 07:00<br><br>How to pay for parking?<br>Scanning QR codes<br>Pay online on the parking: webpage: https://hotspotparking.com/users/products/edmontonparking <br>Download Hotspot Parking Transit Taxis app through Google Play or Apple Store. Create an account and pay through the app.<br>Create a HotSpot account online and link a payment card to pay through phone: 1-855-712-5888 ]]></description>
        <styleUrl>#poly-4186F0-605-255</styleUrl>
        <Polygon>
          <outerBoundaryIs>
            <LinearRing>
              <tessellate>1</tessellate>
              <coordinates>
                -113.5012967,53.545835,0
                -113.5012956,53.5449959,0
                -113.5011854,53.5449943,0
                -113.5011901,53.5458368,0
                -113.5012967,53.545835,0
              </coordinates>
            </LinearRing>
          </outerBoundaryIs>
        </Polygon>
      </Placemark>
      <Placemark>
        <name>2037</name>
        <description><![CDATA[6 Stalls<br>Rate: $2.00 / HR M to F; $1.00 / HR Sat to Sun<br>2 Hours Max<br><br>Hours of Operation<br>08:00 to 21:00 M to Sat (see exceptions below)<br>10:00 to 17:00 Sun<br><br>Event Rates:<br>Rate $3.50 / HR <br>5 Hours Max<br><br>On Non-event Nights:<br>No Pay 21:00 to 08:00<br><br>How to pay for parking?<br>Scanning QR codes<br>Pay online on the parking: webpage: https://hotspotparking.com/users/products/edmontonparking <br>Download Hotspot Parking Transit Taxis app through Google Play or Apple Store. Create an account and pay through the app.<br>Create a HotSpot account online and link a payment card to pay through phone: 1-855-712-5888 ]]></description>
        <styleUrl>#poly-4186F0-605-255</styleUrl>
        <Polygon>
          <outerBoundaryIs>
            <LinearRing>
              <tessellate>1</tessellate>
              <coordinates>
                -113.5023978,53.5430628,0
                -113.5013309,53.5430572,0
                -113.5013356,53.5431074,0
                -113.5023998,53.5431086,0
                -113.5023978,53.5430628,0
              </coordinates>
            </LinearRing>
          </outerBoundaryIs>
        </Polygon>
      </Placemark>
      <Placemark>
        <name>2039 - permanently closed</name>
        <description><![CDATA[7 Stalls<br>Rate: $2.00 / HR M to F; $1.00 / HR Sat to Sun<br>2 Hours Max<br><br>Hours of Operation<br>08:00 to 21:00 M to Sat (see exceptions below)<br>10:00 to 17:00 Sun<br><br>Event Rates:<br>Rate $3.50 / HR <br>5 Hours Max<br><br>How to pay for parking?<br>Scanning QR codes<br>Pay online on the parking: webpage: https://hotspotparking.com/users/products/edmontonparking <br>Download Hotspot Parking Transit Taxis app through Google Play or Apple Store. Create an account and pay through the app.<br>Create a HotSpot account online and link a payment card to pay through phone: 1-855-712-5888 <br><br>On Non-event Nights:<br>No Pay 21:00 to 08:00]]></description>
        <styleUrl>#poly-4186F0-605-255</styleUrl>
        <Polygon>
          <outerBoundaryIs>
            <LinearRing>
              <tessellate>1</tessellate>
              <coordinates>
                -113.5042157,53.5430673,0
                -113.5031891,53.5430684,0
                -113.5031836,53.5431346,0
                -113.5042137,53.5431334,0
                -113.5042157,53.5430673,0
              </coordinates>
            </LinearRing>
          </outerBoundaryIs>
        </Polygon>
      </Placemark>
      <Placemark>
        <name>2041</name>
        <description><![CDATA[3 out of the 17 Stalls operational<br>Rate: $2.00 / HR M to F; $1.00 / HR Sat to Sun<br>2 Hours Max<br><br>Hours of Operation<br>08:00 to 21:00 M to Sat (see exceptions below)<br>10:00 to 17:00 Sun<br><br>Event Rates:<br>Rate $3.50 / HR <br>5 Hours Max<br><br>On Non-event Nights:<br>No Pay 21:00 to 08:00<br><br>How to pay for parking?<br>Scanning QR codes<br>Pay online on the parking: webpage: https://hotspotparking.com/users/products/edmontonparking <br>Download Hotspot Parking Transit Taxis app through Google Play or Apple Store. Create an account and pay through the app.<br>Create a HotSpot account online and link a payment card to pay through phone: 1-855-712-5888 ]]></description>
        <styleUrl>#poly-4186F0-605-255</styleUrl>
        <Polygon>
          <outerBoundaryIs>
            <LinearRing>
              <tessellate>1</tessellate>
              <coordinates>
                -113.504712,53.5428519,0
                -113.504718,53.5415494,0
                -113.5046181,53.5415496,0
                -113.5046226,53.5428528,0
                -113.504712,53.5428519,0
              </coordinates>
            </LinearRing>
          </outerBoundaryIs>
        </Polygon>
      </Placemark>
      <Placemark>
        <name>2042 - permanently closed</name>
        <description><![CDATA[4 Stalls<br>Rate: $2.00 / HR M to F; $1.00 / HR Sat to Sun<br>2 Hours Max<br><br>Hours of Operation<br>08:00 to 21:00 M to Sat (see exceptions below)<br>10:00 to 17:00 Sun<br><br>Event Rates:<br>Rate $3.50 / HR <br>5 Hours Max<br><br>On Non-event Nights:<br>No Pay 21:00 to 08:00<br><br>How to pay for parking?<br>Scanning QR codes<br>Pay online on the parking: webpage: https://hotspotparking.com/users/products/edmontonparking <br>Download Hotspot Parking Transit Taxis app through Google Play or Apple Store. Create an account and pay through the app.<br>Create a HotSpot account online and link a payment card to pay through phone: 1-855-712-5888 ]]></description>
        <styleUrl>#poly-4186F0-605-255</styleUrl>
        <Polygon>
          <outerBoundaryIs>
            <LinearRing>
              <tessellate>1</tessellate>
              <coordinates>
                -113.5047083,53.5442522,0
                -113.5047164,53.543931,0
                -113.5045921,53.543933,0
                -113.5045971,53.544251,0
                -113.5047083,53.5442522,0
              </coordinates>
            </LinearRing>
          </outerBoundaryIs>
        </Polygon>
      </Placemark>
      <Placemark>
        <name>2043 - permanently closed</name>
        <description><![CDATA[11 Stalls<br>Rate: $2.00 / HR M to F; $1.00 / HR Sat to Sun<br>2 Hours Max<br><br>Hours of Operation<br>08:00 to 21:00 M to Sat (see exceptions below)<br>10:00 to 17:00 Sun<br><br>Event Rates:<br>Rate $3.50 / HR <br>5 Hours Max<br><br>On Non-event Nights:<br>No Pay 21:00 to 08:00<br><br>How to pay for parking?<br>Scanning QR codes<br>Pay online on the parking: webpage: https://hotspotparking.com/users/products/edmontonparking <br>Download Hotspot Parking Transit Taxis app through Google Play or Apple Store. Create an account and pay through the app.<br>Create a HotSpot account online and link a payment card to pay through phone: 1-855-712-5888 ]]></description>
        <styleUrl>#poly-4186F0-605-255</styleUrl>
        <Polygon>
          <outerBoundaryIs>
            <LinearRing>
              <tessellate>1</tessellate>
              <coordinates>
                -113.5047065,53.5451458,0
                -113.5047027,53.5446471,0
                -113.5038947,53.5446471,0
                -113.503894,53.5447167,0
                -113.5045821,53.5447121,0
                -113.5045795,53.5451446,0
                -113.5047065,53.5451458,0
              </coordinates>
            </LinearRing>
          </outerBoundaryIs>
        </Polygon>
      </Placemark>
      <Placemark>
        <name>2045 - permanently closed</name>
        <description><![CDATA[6 Stalls<br>Rate: $2.00 / HR M to F; $1.00 / HR Sat to Sun<br>2 Hours Max<br><br>Hours of Operation<br>08:00 to 21:00 M to Sat (see exceptions below)<br>10:00 to 17:00 Sun<br><br>Event Rates:<br>Rate $3.50 / HR <br>5 Hours Max<br><br>On Non-event Nights:<br>No Pay 21:00 to 08:00<br><br>How to pay for parking?<br>Scanning QR codes<br>Pay online on the parking: webpage: https://hotspotparking.com/users/products/edmontonparking <br>Download Hotspot Parking Transit Taxis app through Google Play or Apple Store. Create an account and pay through the app.<br>Create a HotSpot account online and link a payment card to pay through phone: 1-855-712-5888 ]]></description>
        <styleUrl>#poly-4186F0-605-255</styleUrl>
        <Polygon>
          <outerBoundaryIs>
            <LinearRing>
              <tessellate>1</tessellate>
              <coordinates>
                -113.5049355,53.5443523,0
                -113.5049465,53.5439737,0
                -113.5048309,53.5439719,0
                -113.5048309,53.5443517,0
                -113.5049355,53.5443523,0
              </coordinates>
            </LinearRing>
          </outerBoundaryIs>
        </Polygon>
      </Placemark>
      <Placemark>
        <name>2046 Permanent closure zones</name>
        <description><![CDATA[8 out of the 19 Stalls operational<br>Rate: $2.00 / HR M to F; $1.00 / HR Sat to Sun<br>2 Hours Max<br>Tow Away M to F<br>07:00 to 09:00 and 15:30 - 18:00<br><br>Hours of Operation<br>08:00 to 21:00 M to Sat (see exceptions below) <br>10:00 to 17:00 Sun<br><br>Event Rates:<br>Rate $3.50 / HR <br>5 Hours Max<br><br>On Non-event Nights:<br>No Pay 21:00 to 07:00<br><br>How to pay for parking?<br>Scanning QR codes<br>Pay online on the parking: webpage: https://hotspotparking.com/users/products/edmontonparking <br>Download Hotspot Parking Transit Taxis app through Google Play or Apple Store. Create an account and pay through the app.<br>Create a HotSpot account online and link a payment card to pay through phone: 1-855-712-5888 ]]></description>
        <styleUrl>#poly-4186F0-605-255</styleUrl>
        <Polygon>
          <outerBoundaryIs>
            <LinearRing>
              <tessellate>1</tessellate>
              <coordinates>
                -113.5049818,53.5425445,0
                -113.5049745,53.541082,0
                -113.5052514,53.541083,0
                -113.505257,53.5410113,0
                -113.5048465,53.5410121,0
                -113.5048324,53.5425509,0
                -113.5049818,53.5425445,0
              </coordinates>
            </LinearRing>
          </outerBoundaryIs>
        </Polygon>
      </Placemark>
      <Placemark>
        <name>2048</name>
        <description><![CDATA[7 Stalls<br>Rate: $2.00 / HR M to F; $1.00 / HR Sat to Sun<br>2 Hours Max<br><br>Hours of Operation<br>08:00 to 21:00 M to Sat (see exceptions below)<br>10:00 to 17:00 Sun<br><br>Event Rates:<br>Rate $3.50 / HR <br>5 Hours Max<br><br>On Non-event Nights:<br>No Pay 21:00 to 08:00<br><br>How to pay for parking?<br>Scanning QR codes<br>Pay online on the parking: webpage: https://hotspotparking.com/users/products/edmontonparking <br>Download Hotspot Parking Transit Taxis app through Google Play or Apple Store. Create an account and pay through the app.<br>Create a HotSpot account online and link a payment card to pay through phone: 1-855-712-5888 ]]></description>
        <styleUrl>#poly-4186F0-605-255</styleUrl>
        <Polygon>
          <outerBoundaryIs>
            <LinearRing>
              <tessellate>1</tessellate>
              <coordinates>
                -113.5065636,53.5411174,0
                -113.5064147,53.5411152,0
                -113.5064288,53.5428546,0
                -113.5065566,53.5428545,0
                -113.5065636,53.5411174,0
              </coordinates>
            </LinearRing>
          </outerBoundaryIs>
        </Polygon>
      </Placemark>
      <Placemark>
        <name>2049</name>
        <description><![CDATA[9 Stalls<br>Rate: $2.00 / HR M to F; $1.00 / HR Sat to Sun<br>2 Hours Max<br><br>Hours of Operation<br>08:00 to 21:00 M to Sat (see exceptions below)<br>10:00 to 17:00 Sun<br><br>Event Rates:<br>Rate $3.50 / HR <br>5 Hours Max<br><br>On Non-event Nights:<br>No Pay 21:00 to 08:00<br><br>How to pay for parking?<br>Scanning QR codes<br>Pay online on the parking: webpage: https://hotspotparking.com/users/products/edmontonparking <br>Download Hotspot Parking Transit Taxis app through Google Play or Apple Store. Create an account and pay through the app.<br>Create a HotSpot account online and link a payment card to pay through phone: 1-855-712-5888 ]]></description>
        <styleUrl>#poly-4186F0-605-255</styleUrl>
        <Polygon>
          <outerBoundaryIs>
            <LinearRing>
              <tessellate>1</tessellate>
              <coordinates>
                -113.5065538,53.5444573,0
                -113.5065495,53.5431584,0
                -113.5064314,53.5431575,0
                -113.5064238,53.5444573,0
                -113.5065538,53.5444573,0
              </coordinates>
            </LinearRing>
          </outerBoundaryIs>
        </Polygon>
      </Placemark>
      <Placemark>
        <name>2050</name>
        <description><![CDATA[6 Stalls<br>Rate: $2.00 / HR M to F; $1.00 / HR Sat to Sun<br>2 Hours Max<br><br>Hours of Operation<br>08:00 to 21:00 M to Sat (see exceptions below)<br>10:00 to 17:00 Sun<br><br>Event Rates:<br>Rate $3.50 / HR <br>5 Hours Max<br><br>On Non-event Nights:<br>No Pay 21:00 to 08:00<br><br>How to pay for parking?<br>Scanning QR codes<br>Pay online on the parking: webpage: https://hotspotparking.com/users/products/edmontonparking <br>Download Hotspot Parking Transit Taxis app through Google Play or Apple Store. Create an account and pay through the app.<br>Create a HotSpot account online and link a payment card to pay through phone: 1-855-712-5888 ]]></description>
        <styleUrl>#poly-4186F0-605-255</styleUrl>
        <Polygon>
          <outerBoundaryIs>
            <LinearRing>
              <tessellate>1</tessellate>
              <coordinates>
                -113.5065578,53.5460575,0
                -113.5065455,53.5448667,0
                -113.5064424,53.5448654,0
                -113.5064535,53.546058,0
                -113.5065578,53.5460575,0
              </coordinates>
            </LinearRing>
          </outerBoundaryIs>
        </Polygon>
      </Placemark>
      <Placemark>
        <name>2051</name>
        <description><![CDATA[6 Stalls<br>Rate: $2.00 / HR M to F; $1.00 / HR Sat to Sun<br>2 Hours Max<br><br>Hours of Operation<br>08:00 to 21:00 M to Sat (see exceptions below)<br>10:00 to 17:00 Sun<br><br>Event Rates:<br>Rate $3.50 / HR <br>5 Hours Max<br><br>On Non-event Nights:<br>No Pay 21:00 to 08:00<br><br>How to pay for parking?<br>Scanning QR codes<br>Pay online on the parking: webpage: https://hotspotparking.com/users/products/edmontonparking <br>Download Hotspot Parking Transit Taxis app through Google Play or Apple Store. Create an account and pay through the app.<br>Create a HotSpot account online and link a payment card to pay through phone: 1-855-712-5888 ]]></description>
        <styleUrl>#poly-4186F0-605-255</styleUrl>
        <Polygon>
          <outerBoundaryIs>
            <LinearRing>
              <tessellate>1</tessellate>
              <coordinates>
                -113.5067863,53.5460535,0
                -113.50677,53.5448023,0
                -113.506652,53.5448023,0
                -113.5066488,53.5460578,0
                -113.5067863,53.5460535,0
              </coordinates>
            </LinearRing>
          </outerBoundaryIs>
        </Polygon>
      </Placemark>
      <Placemark>
        <name>2052</name>
        <description><![CDATA[9 Stalls<br>Rate: $2.00 / HR M to F; $1.00 / HR Sat to Sun<br>2 Hours Max<br><br>Hours of Operation<br>08:00 to 21:00 M to Sat (see exceptions below)<br>10:00 to 17:00 Sun<br><br>Event Rates:<br>Rate $3.50 / HR <br>5 Hours Max<br><br>On Non-event Nights:<br>No Pay 21:00 to 08:00<br><br>How to pay for parking?<br>Scanning QR codes<br>Pay online on the parking: webpage: https://hotspotparking.com/users/products/edmontonparking <br>Download Hotspot Parking Transit Taxis app through Google Play or Apple Store. Create an account and pay through the app.<br>Create a HotSpot account online and link a payment card to pay through phone: 1-855-712-5888 ]]></description>
        <styleUrl>#poly-4186F0-605-255</styleUrl>
        <Polygon>
          <outerBoundaryIs>
            <LinearRing>
              <tessellate>1</tessellate>
              <coordinates>
                -113.508158,53.5445828,0
                -113.508159,53.5445102,0
                -113.5067996,53.5445027,0
                -113.5068011,53.5445818,0
                -113.508158,53.5445828,0
              </coordinates>
            </LinearRing>
          </outerBoundaryIs>
        </Polygon>
      </Placemark>
      <Placemark>
        <name>2053</name>
        <description><![CDATA[8 Stalls<br>Rate: $2.00 / HR M to F; $1.00 / HR Sat to Sun<br>2 Hours Max<br><br>Hours of Operation<br>08:00 to 21:00 M to Sat (see exceptions below)<br>10:00 to 17:00 Sun<br><br>Event Rates:<br>Rate $3.50 / HR <br>5 Hours Max<br><br>On Non-event Nights:<br>No Pay 21:00 to 08:00<br><br>How to pay for parking?<br>Scanning QR codes<br>Pay online on the parking: webpage: https://hotspotparking.com/users/products/edmontonparking <br>Download Hotspot Parking Transit Taxis app through Google Play or Apple Store. Create an account and pay through the app.<br>Create a HotSpot account online and link a payment card to pay through phone: 1-855-712-5888 ]]></description>
        <styleUrl>#poly-4186F0-605-255</styleUrl>
        <Polygon>
          <outerBoundaryIs>
            <LinearRing>
              <tessellate>1</tessellate>
              <coordinates>
                -113.5067889,53.5432323,0
                -113.5066567,53.5432301,0
                -113.506663,53.5444432,0
                -113.5068182,53.5444416,0
                -113.5067889,53.5432323,0
              </coordinates>
            </LinearRing>
          </outerBoundaryIs>
        </Polygon>
      </Placemark>
      <Placemark>
        <name>2054</name>
        <description><![CDATA[11 Stalls<br>Rate: $2.00 / HR M to F; $1.00 / HR Sat to Sun<br>2 Hours Max<br><br>Hours of Operation<br>08:00 to 21:00 M to Sat (see exceptions below)<br>10:00 to 17:00 Sun<br><br>Event Rates:<br>Rate $3.50 / HR <br>5 Hours Max<br><br>On Non-event Nights:<br>No Pay 21:00 to 08:00<br><br>How to pay for parking?<br>Scanning QR codes<br>Pay online on the parking: webpage: https://hotspotparking.com/users/products/edmontonparking <br>Download Hotspot Parking Transit Taxis app through Google Play or Apple Store. Create an account and pay through the app.<br>Create a HotSpot account online and link a payment card to pay through phone: 1-855-712-5888 ]]></description>
        <styleUrl>#poly-4186F0-605-255</styleUrl>
        <Polygon>
          <outerBoundaryIs>
            <LinearRing>
              <tessellate>1</tessellate>
              <coordinates>
                -113.506789,53.5428733,0
                -113.5067868,53.5412541,0
                -113.5066506,53.5412541,0
                -113.5066437,53.5428787,0
                -113.506789,53.5428733,0
              </coordinates>
            </LinearRing>
          </outerBoundaryIs>
        </Polygon>
      </Placemark>
      <Placemark>
        <name>2055</name>
        <description><![CDATA[13 Stalls<br>Rate: $2.00 / HR M to F; $1.00 / HR Sat to Sun<br>2 Hours Max<br><br>Hours of Operation<br>08:00 to 21:00 M to Sat (see exceptions below)<br>10:00 to 17:00 Sun<br><br>Tow Away M to F<br>07:00 - 09:00<br>15:30 - 18:00<br><br>Event Rates:<br>Rate $3.50 / HR <br>5 Hours Max<br><br>On Non-event Nights:<br>No Pay 21:00 to 08:00<br><br>How to pay for parking?<br>Scanning QR codes<br>Pay online on the parking: webpage: https://hotspotparking.com/users/products/edmontonparking <br>Download Hotspot Parking Transit Taxis app through Google Play or Apple Store. Create an account and pay through the app.<br>Create a HotSpot account online and link a payment card to pay through phone: 1-855-712-5888 ]]></description>
        <styleUrl>#poly-4186F0-605-255</styleUrl>
        <Polygon>
          <outerBoundaryIs>
            <LinearRing>
              <tessellate>1</tessellate>
              <coordinates>
                -113.5083434,53.5419225,0
                -113.5081806,53.5419213,0
                -113.5081664,53.5428763,0
                -113.5083233,53.5428706,0
                -113.5083434,53.5419225,0
              </coordinates>
            </LinearRing>
          </outerBoundaryIs>
        </Polygon>
      </Placemark>
      <Placemark>
        <name>2058 - temporarily closed</name>
        <description><![CDATA[12 Stalls<br>Rate: $2.00 / HR M to F; $1.00 / HR Sat to Sun<br>2 Hours Max<br><br>Hours of Operation<br>08:00 to 21:00 M to Sat (see exceptions below)<br>10:00 to 17:00 Sun<br><br>Event Rates:<br>Rate $3.50 / HR <br>5 Hours Max<br><br>On Non-event Nights:<br>No Pay 21:00 to 08:00<br><br>How to pay for parking?<br>Scanning QR codes<br>Pay online on the parking: webpage: https://hotspotparking.com/users/products/edmontonparking <br>Download Hotspot Parking Transit Taxis app through Google Play or Apple Store. Create an account and pay through the app.<br>Create a HotSpot account online and link a payment card to pay through phone: 1-855-712-5888 ]]></description>
        <styleUrl>#poly-4186F0-605-255</styleUrl>
        <Polygon>
          <outerBoundaryIs>
            <LinearRing>
              <tessellate>1</tessellate>
              <coordinates>
                -113.506408,53.5447295,0
                -113.506408,53.5446615,0
                -113.5048432,53.5446664,0
                -113.5048458,53.5447299,0
                -113.5048406,53.5448944,0
                -113.5049601,53.5448924,0
                -113.5049617,53.5447201,0
                -113.506408,53.5447295,0
              </coordinates>
            </LinearRing>
          </outerBoundaryIs>
        </Polygon>
      </Placemark>
      <Placemark>
        <name>2059 - temporarily closed</name>
        <description><![CDATA[7 Stalls<br>Rate: $2.00 / HR M to F; $1.00 / HR Sat to Sun<br>2 Hours Max<br><br>Hours of Operation<br>08:00 to 21:00 M to Sat (see exceptions below)<br>10:00 to 17:00 Sun<br><br>Event Rates:<br>Rate $3.50 / HR <br>5 Hours Max<br><br>On Non-event Nights:<br>No Pay 21:00 to 08:00<br><br>How to pay for parking?<br>Scanning QR codes<br>Pay online on the parking: webpage: https://hotspotparking.com/users/products/edmontonparking <br>Download Hotspot Parking Transit Taxis app through Google Play or Apple Store. Create an account and pay through the app.<br>Create a HotSpot account online and link a payment card to pay through phone: 1-855-712-5888 ]]></description>
        <styleUrl>#poly-4186F0-605-255</styleUrl>
        <Polygon>
          <outerBoundaryIs>
            <LinearRing>
              <tessellate>1</tessellate>
              <coordinates>
                -113.5064103,53.5445848,0
                -113.5064077,53.544505,0
                -113.505025,53.5444958,0
                -113.5050227,53.5445772,0
                -113.5064103,53.5445848,0
              </coordinates>
            </LinearRing>
          </outerBoundaryIs>
        </Polygon>
      </Placemark>
      <Placemark>
        <name>2060-temporarily closed</name>
        <description><![CDATA[6 Stalls<br>Rate: $2.00 / HR M to F; $1.00 / HR Sat to Sun<br>2 Hours Max<br><br>Hours of Operation<br>08:00 to 21:00 M to Sat (see exceptions below)<br>10:00 to 17:00 Sun<br><br>Event Rates:<br>Rate $3.50 / HR <br>5 Hours Max<br><br>On Non-event Nights:<br>No Pay 21:00 to 08:00<br><br>How to pay for parking?<br>Scanning QR codes<br>Pay online on the parking: webpage: https://hotspotparking.com/users/products/edmontonparking <br>Download Hotspot Parking Transit Taxis app through Google Play or Apple Store. Create an account and pay through the app.<br>Create a HotSpot account online and link a payment card to pay through phone: 1-855-712-5888 ]]></description>
        <styleUrl>#poly-4186F0-605-255</styleUrl>
        <Polygon>
          <outerBoundaryIs>
            <LinearRing>
              <tessellate>1</tessellate>
              <coordinates>
                -113.5062494,53.5431254,0
                -113.5062491,53.5430647,0
                -113.5049872,53.5430543,0
                -113.5049871,53.5431248,0
                -113.5062494,53.5431254,0
              </coordinates>
            </LinearRing>
          </outerBoundaryIs>
        </Polygon>
      </Placemark>
      <Placemark>
        <name>2062</name>
        <description><![CDATA[8 Stalls<br>Rate: $2.00 / HR M to F; $1.00 / HR Sat to Sun<br>2 Hours Max<br><br>Hours of Operation<br>08:00 to 21:00 M to Sat (see exceptions below)<br>10:00 to 17:00 Sun<br><br>Event Rates:<br>Rate $3.50 / HR <br>5 Hours Max<br><br>On Non-event Nights:<br>No Pay 21:00 to 08:00<br><br>How to pay for parking?<br>Scanning QR codes<br>Pay online on the parking: webpage: https://hotspotparking.com/users/products/edmontonparking <br>Download Hotspot Parking Transit Taxis app through Google Play or Apple Store. Create an account and pay through the app.<br>Create a HotSpot account online and link a payment card to pay through phone: 1-855-712-5888 ]]></description>
        <styleUrl>#poly-4186F0-605-255</styleUrl>
        <Polygon>
          <outerBoundaryIs>
            <LinearRing>
              <tessellate>1</tessellate>
              <coordinates>
                -113.5078669,53.5431266,0
                -113.5078666,53.5430591,0
                -113.5067868,53.5430627,0
                -113.5067874,53.543132,0
                -113.5078669,53.5431266,0
              </coordinates>
            </LinearRing>
          </outerBoundaryIs>
        </Polygon>
      </Placemark>
      <Placemark>
        <name>2067</name>
        <description><![CDATA[4 Stalls<br>Rate: $2.00 / HR M to F; $1.00 / HR Sat to Sun<br>2 Hours Max<br><br>Hours of Operation<br>08:00 to 21:00 M to Sat (see exceptions below)<br>10:00 to 17:00 Sun<br><br>Event Rates:<br>Rate $3.50 / HR <br>5 Hours Max<br><br>On Non-event Nights:<br>No Pay 21:00 to 08:00<br><br>How to pay for parking?<br>Scanning QR codes<br>Pay online on the parking: webpage: https://hotspotparking.com/users/products/edmontonparking <br>Download Hotspot Parking Transit Taxis app through Google Play or Apple Store. Create an account and pay through the app.<br>Create a HotSpot account online and link a payment card to pay through phone: 1-855-712-5888 ]]></description>
        <styleUrl>#poly-4186F0-605-255</styleUrl>
        <Polygon>
          <outerBoundaryIs>
            <LinearRing>
              <tessellate>1</tessellate>
              <coordinates>
                -113.507995,53.5447144,0
                -113.5079907,53.5446513,0
                -113.5068015,53.5446513,0
                -113.506799,53.5447123,0
                -113.507995,53.5447144,0
              </coordinates>
            </LinearRing>
          </outerBoundaryIs>
        </Polygon>
      </Placemark>
      <Placemark>
        <name>3001</name>
        <description><![CDATA[17 Stalls<br>Rate: $2.50 / HR M to F; $1.00 / HR Sat to Sun<br>2 Hours Max<br><br>Tow Away M to F<br>07:00 - 09:00 and 15:30 - 18:00<br><br>Hours of Operation<br>08:00 to 21:00 M to Sat<br>10:00 to 17:00 Sun<br><br>How to pay for parking?<br>Scanning QR codes<br>Pay online on the parking webpage: https://hotspotparking.com/users/products/edmontonparking <br>Download Hotspot Parking Transit Taxis app through Google Play or Apple Store. Create an account and pay through the app.<br>Create a HotSpot account online and link a payment card to pay through phone: 1-855-712-5888 ]]></description>
        <styleUrl>#poly-4186F0-605-255</styleUrl>
        <Polygon>
          <outerBoundaryIs>
            <LinearRing>
              <tessellate>1</tessellate>
              <coordinates>
                -113.5086918,53.5405979,0
                -113.5086808,53.5389913,0
                -113.5085741,53.538994,0
                -113.5085955,53.5405989,0
                -113.5086918,53.5405979,0
              </coordinates>
            </LinearRing>
          </outerBoundaryIs>
        </Polygon>
      </Placemark>
      <Placemark>
        <name>3002</name>
        <description><![CDATA[6 Stalls<br>Rate: $2.50 / HR M to F; $1.00 / HR Sat to Sun<br>2 Hours Max<br><br>Tow Away M to F<br>07:00 - 09:00 and 15:30 - 18:00<br><br>Hours of Operation<br>08:00 to 21:00 M to Sat<br>10:00 to 17:00 Sun<br><br>How to pay for parking?<br>Scanning QR codes<br>Pay online on the parking webpage: https://hotspotparking.com/users/products/edmontonparking <br>Download Hotspot Parking Transit Taxis app through Google Play or Apple Store. Create an account and pay through the app.<br>Create a HotSpot account online and link a payment card to pay through phone: 1-855-712-5888 ]]></description>
        <styleUrl>#poly-4186F0-605-255</styleUrl>
        <Polygon>
          <outerBoundaryIs>
            <LinearRing>
              <tessellate>1</tessellate>
              <coordinates>
                -113.50868,53.5380171,0
                -113.5086741,53.5373798,0
                -113.5085747,53.5373812,0
                -113.5085778,53.5380143,0
                -113.50868,53.5380171,0
              </coordinates>
            </LinearRing>
          </outerBoundaryIs>
        </Polygon>
      </Placemark>
      <Placemark>
        <name>3003</name>
        <description><![CDATA[6 Stalls<br>Rate: $2.50 / HR M to F; $1.00 / HR Sat to Sun<br>2 Hours Max<br><br>Hours of Operation<br>08:00 to 21:00 M to Sat<br>10:00 to 17:00 Sun<br><br>How to pay for parking?<br>Scanning QR codes<br>Pay online on the parking webpage: https://hotspotparking.com/users/products/edmontonparking <br>Download Hotspot Parking Transit Taxis app through Google Play or Apple Store. Create an account and pay through the app.<br>Create a HotSpot account online and link a payment card to pay through phone: 1-855-712-5888 ]]></description>
        <styleUrl>#poly-4186F0-605-255</styleUrl>
        <Polygon>
          <outerBoundaryIs>
            <LinearRing>
              <tessellate>1</tessellate>
              <coordinates>
                -113.506978,53.5371465,0
                -113.5069816,53.5372135,0
                -113.5081109,53.5372141,0
                -113.5081153,53.5371477,0
                -113.506978,53.5371465,0
              </coordinates>
            </LinearRing>
          </outerBoundaryIs>
        </Polygon>
      </Placemark>
      <Placemark>
        <name>3004</name>
        <description><![CDATA[2 stalls<br>Rate: $2.50 / HR M to F; $1.00 / HR Sat to Sun<br>2 Hours Max<br><br>Tow Away M to F<br>07:00 - 09:00 and 15:30 - 18:00<br>From 06/30 to 07/02 at 1 am  2 stalls will be close.<br>Hours of Operation<br>09:00 to 15:30 & 18:00 to 21:00 M to F                  08:00 to 21:00 Sat<br>10:00 to 17:00 Sun<br><br>How to pay for parking?<br>Scanning QR codes<br>Pay online on the parking webpage: https://hotspotparking.com/users/products/edmontonparking <br>Download Hotspot Parking Transit Taxis app through Google Play or Apple Store. Create an account and pay through the app.<br>Create a HotSpot account online and link a payment card to pay through phone: 1-855-712-5888 ]]></description>
        <styleUrl>#poly-4186F0-605-255</styleUrl>
        <Polygon>
          <outerBoundaryIs>
            <LinearRing>
              <tessellate>1</tessellate>
              <coordinates>
                -113.5072588,53.5373511,0
                -113.5072548,53.537287,0
                -113.5069512,53.5372896,0
                -113.5069525,53.5373527,0
                -113.5072588,53.5373511,0
              </coordinates>
            </LinearRing>
          </outerBoundaryIs>
        </Polygon>
      </Placemark>
      <Placemark>
        <name>3005</name>
        <description><![CDATA[15 Stalls<br>Rate: $2.50 / HR M to F; $1.00 / HR Sat to Sun<br>2 Hours Max<br><br>Tow Away M to F<br>07:00 - 09:00 and 15:30 - 18:00<br><br>Hours of Operation<br>08:00 to 21:00 M to Sat<br>10:00 to 17:00 Sun<br><br>How to pay for parking?<br>Scanning QR codes<br>Pay online on the parking webpage: https://hotspotparking.com/users/products/edmontonparking <br>Download Hotspot Parking Transit Taxis app through Google Play or Apple Store. Create an account and pay through the app.<br>Create a HotSpot account online and link a payment card to pay through phone: 1-855-712-5888 ]]></description>
        <styleUrl>#poly-4186F0-605-255</styleUrl>
        <Polygon>
          <outerBoundaryIs>
            <LinearRing>
              <tessellate>1</tessellate>
              <coordinates>
                -113.5083327,53.5387036,0
                -113.5083305,53.5373818,0
                -113.5081836,53.5373835,0
                -113.5082048,53.5387082,0
                -113.5083327,53.5387036,0
              </coordinates>
            </LinearRing>
          </outerBoundaryIs>
        </Polygon>
      </Placemark>
      <Placemark>
        <name>3007</name>
        <description><![CDATA[13 Stalls<br>Rate: $2.50 / HR M to F; $1.00 / HR Sat to Sun<br>2 Hours Max<br><br>Tow Away M to F<br>07:00 - 09:00 and 15:30 - 18:00<br><br>Hours of Operation<br>08:00 to 21:00 M to Sat<br>10:00 to 17:00 Sun<br><br>How to pay for parking?<br>Scanning QR codes<br>Pay online on the parking webpage: https://hotspotparking.com/users/products/edmontonparking <br>Download Hotspot Parking Transit Taxis app through Google Play or Apple Store. Create an account and pay through the app.<br>Create a HotSpot account online and link a payment card to pay through phone: 1-855-712-5888 ]]></description>
        <styleUrl>#poly-4186F0-605-255</styleUrl>
        <Polygon>
          <outerBoundaryIs>
            <LinearRing>
              <tessellate>1</tessellate>
              <coordinates>
                -113.5083171,53.5403135,0
                -113.5083272,53.5389856,0
                -113.5081943,53.5389864,0
                -113.508186,53.5403142,0
                -113.5083171,53.5403135,0
              </coordinates>
            </LinearRing>
          </outerBoundaryIs>
        </Polygon>
      </Placemark>
      <Placemark>
        <name>3008</name>
        <description><![CDATA[7 Stalls<br>Rate: $2.50 / HR M to F; $1.00 / HR Sat to Sun<br>2 Hours Max<br><br>Hours of Operation<br>08:00 to 21:00 M to Sat<br>10:00 to 17:00 Sun<br><br>How to pay for parking?<br>Scanning QR codes<br>Pay online on the parking webpage: https://hotspotparking.com/users/products/edmontonparking <br>Download Hotspot Parking Transit Taxis app through Google Play or Apple Store. Create an account and pay through the app.<br>Create a HotSpot account online and link a payment card to pay through phone: 1-855-712-5888 ]]></description>
        <styleUrl>#poly-4186F0-605-255</styleUrl>
        <Polygon>
          <outerBoundaryIs>
            <LinearRing>
              <tessellate>1</tessellate>
              <coordinates>
                -113.5067877,53.539807,0
                -113.5067861,53.5392103,0
                -113.5066708,53.5392091,0
                -113.5066856,53.539804,0
                -113.5067877,53.539807,0
              </coordinates>
            </LinearRing>
          </outerBoundaryIs>
        </Polygon>
      </Placemark>
      <Placemark>
        <name>3009</name>
        <description><![CDATA[9 Stalls<br>Rate: $2.50 / HR M to F; $1.00 / HR Sat to Sun<br>2 Hours Max<br><br>Hours of Operation<br>08:00 to 21:00 M to Sat<br>10:00 to 17:00 Sun<br><br>How to pay for parking?<br>Scanning QR codes<br>Pay online on the parking webpage: https://hotspotparking.com/users/products/edmontonparking <br>Download Hotspot Parking Transit Taxis app through Google Play or Apple Store. Create an account and pay through the app.<br>Create a HotSpot account online and link a payment card to pay through phone: 1-855-712-5888 ]]></description>
        <styleUrl>#poly-4186F0-605-255</styleUrl>
        <Polygon>
          <outerBoundaryIs>
            <LinearRing>
              <tessellate>1</tessellate>
              <coordinates>
                -113.5067918,53.5387469,0
                -113.5067834,53.5373918,0
                -113.5066387,53.53739,0
                -113.5066615,53.5387473,0
                -113.5067918,53.5387469,0
              </coordinates>
            </LinearRing>
          </outerBoundaryIs>
        </Polygon>
      </Placemark>
      <Placemark>
        <name>3010</name>
        <description><![CDATA[6 Stalls<br>Rate: $2.50 / HR M to F; $1.00 / HR Sat to Sun<br>2 Hours Max<br><br>Hours of Operation<br>08:00 to 21:00 M to Sat<br>10:00 to 17:00 Sun<br><br>How to pay for parking?<br>Scanning QR codes<br>Pay online on the parking webpage: https://hotspotparking.com/users/products/edmontonparking <br>Download Hotspot Parking Transit Taxis app through Google Play or Apple Store. Create an account and pay through the app.<br>Create a HotSpot account online and link a payment card to pay through phone: 1-855-712-5888 ]]></description>
        <styleUrl>#poly-4186F0-605-255</styleUrl>
        <Polygon>
          <outerBoundaryIs>
            <LinearRing>
              <tessellate>1</tessellate>
              <coordinates>
                -113.5065556,53.5387325,0
                -113.5065581,53.5373918,0
                -113.5064305,53.5373948,0
                -113.5064369,53.5387327,0
                -113.5065556,53.5387325,0
              </coordinates>
            </LinearRing>
          </outerBoundaryIs>
        </Polygon>
      </Placemark>
      <Placemark>
        <name>3011</name>
        <description><![CDATA[9 Stalls<br>Rate: $2.50 / HR M to F; $1.00 / HR Sat<br>2 Hours Max<br><br>Hours of Operation<br>08:00 to 21:00 M to Sat<br><br>How to pay for parking?<br>Scanning QR codes<br>Pay online on the parking webpage: https://hotspotparking.com/users/products/edmontonparking <br>Download Hotspot Parking Transit Taxis app through Google Play or Apple Store. Create an account and pay through the app.<br>Create a HotSpot account online and link a payment card to pay through phone: 1-855-712-5888 ]]></description>
        <styleUrl>#poly-4186F0-605-255</styleUrl>
        <Polygon>
          <outerBoundaryIs>
            <LinearRing>
              <tessellate>1</tessellate>
              <coordinates>
                -113.5065689,53.5407444,0
                -113.5065607,53.5394303,0
                -113.5064395,53.5394291,0
                -113.5064351,53.5407474,0
                -113.5065689,53.5407444,0
              </coordinates>
            </LinearRing>
          </outerBoundaryIs>
        </Polygon>
      </Placemark>
      <Placemark>
        <name>3012</name>
        <description><![CDATA[8 Stalls<br>Rate: $2.50 / HR M to F; $1.00 / HR Sat to Sun<br>2 Hours Max<br><br>Hours of Operation<br>08:00 to 21:00 M to Sat (see exceptions below) <br>10:00 to 17:00 Sun<br><br>Event Rates:<br>Rate $3.50 / HR <br>5 Hours Max<br><br>On Non-event Nights:<br>No Pay 21:00 to 08:00<br><br>How to pay for parking?<br>Scanning QR codes<br>Pay online on the parking: webpage: https://hotspotparking.com/users/products/edmontonparking <br>Download Hotspot Parking Transit Taxis app through Google Play or Apple Store. Create an account and pay through the app.<br>Create a HotSpot account online and link a payment card to pay through phone: 1-855-712-5888 ]]></description>
        <styleUrl>#poly-4186F0-605-255</styleUrl>
        <Polygon>
          <outerBoundaryIs>
            <LinearRing>
              <tessellate>1</tessellate>
              <coordinates>
                -113.5064113,53.5408962,0
                -113.5064111,53.5408222,0
                -113.5050021,53.540824,0
                -113.5050021,53.540897,0
                -113.5064113,53.5408962,0
              </coordinates>
            </LinearRing>
          </outerBoundaryIs>
        </Polygon>
      </Placemark>
      <Placemark>
        <name>3013</name>
        <description><![CDATA[11 Stalls<br>Rate: $2.50 / HR M to F; $1.00 / HR Sat to Sun<br>2 Hours Max<br><br>Hours of Operation<br>08:00 to 21:00 M to Sat<br>10:00 to 17:00 Sun<br><br>How to pay for parking?<br>Scanning QR codes<br>Pay online on the parking webpage: https://hotspotparking.com/users/products/edmontonparking <br>Download Hotspot Parking Transit Taxis app through Google Play or Apple Store. Create an account and pay through the app.<br>Create a HotSpot account online and link a payment card to pay through phone: 1-855-712-5888 ]]></description>
        <styleUrl>#poly-4186F0-605-255</styleUrl>
        <Polygon>
          <outerBoundaryIs>
            <LinearRing>
              <tessellate>1</tessellate>
              <coordinates>
                -113.5050025,53.5403001,0
                -113.5049817,53.5390441,0
                -113.5048276,53.5390431,0
                -113.5048311,53.5403009,0
                -113.5050025,53.5403001,0
              </coordinates>
            </LinearRing>
          </outerBoundaryIs>
        </Polygon>
      </Placemark>
      <Placemark>
        <name>3015</name>
        <description><![CDATA[10 Stalls<br>Rate: $2.50 / HR M to F; $1.00 / HR Sat to Sun<br>2 Hours Max<br><br>Hours of Operation<br>08:00 to 21:00 M to Sat<br>10:00 to 17:00 Sun<br><br>How to pay for parking?<br>Scanning QR codes<br>Pay online on the parking webpage: https://hotspotparking.com/users/products/edmontonparking <br>Download Hotspot Parking Transit Taxis app through Google Play or Apple Store. Create an account and pay through the app.<br>Create a HotSpot account online and link a payment card to pay through phone: 1-855-712-5888 ]]></description>
        <styleUrl>#poly-4186F0-605-255</styleUrl>
        <Polygon>
          <outerBoundaryIs>
            <LinearRing>
              <tessellate>1</tessellate>
              <coordinates>
                -113.506184,53.537239,0
                -113.5061893,53.5371414,0
                -113.5050293,53.5371432,0
                -113.505032,53.537243,0
                -113.506184,53.537239,0
              </coordinates>
            </LinearRing>
          </outerBoundaryIs>
        </Polygon>
      </Placemark>
      <Placemark>
        <name>3016</name>
        <description><![CDATA[8 Stalls<br>Rate: $2.50 / HR M to F; $1.00 / HR Sat to Sun<br>2 Hours Max<br><br>Hours of Operation<br>08:00 to 21:00 M to Sat<br>10:00 to 17:00 Sun<br><br>How to pay for parking?<br>Scanning QR codes<br>Pay online on the parking webpage: https://hotspotparking.com/users/products/edmontonparking <br>Download Hotspot Parking Transit Taxis app through Google Play or Apple Store. Create an account and pay through the app.<br>Create a HotSpot account online and link a payment card to pay through phone: 1-855-712-5888 ]]></description>
        <styleUrl>#poly-4186F0-605-255</styleUrl>
        <Polygon>
          <outerBoundaryIs>
            <LinearRing>
              <tessellate>1</tessellate>
              <coordinates>
                -113.5043855,53.5372468,0
                -113.5043855,53.5371561,0
                -113.5031279,53.5371615,0
                -113.5031235,53.5372444,0
                -113.5043855,53.5372468,0
              </coordinates>
            </LinearRing>
          </outerBoundaryIs>
        </Polygon>
      </Placemark>
      <Placemark>
        <name>3017</name>
        <description><![CDATA[10 Stalls<br>Rate: $2.50 / HR M to F; $1.00 / HR Sat to Sun<br>2 Hours Max<br><br>Hours of Operation<br>08:00 to 21:00 M to Sat<br>10:00 to 17:00 Sun<br><br>How to pay for parking?<br>Scanning QR codes<br>Pay online on the parking webpage: https://hotspotparking.com/users/products/edmontonparking <br>Download Hotspot Parking Transit Taxis app through Google Play or Apple Store. Create an account and pay through the app.<br>Create a HotSpot account online and link a payment card to pay through phone: 1-855-712-5888 ]]></description>
        <styleUrl>#poly-4186F0-605-255</styleUrl>
        <Polygon>
          <outerBoundaryIs>
            <LinearRing>
              <tessellate>1</tessellate>
              <coordinates>
                -113.5038236,53.5373668,0
                -113.5038229,53.5372926,0
                -113.5031444,53.5372916,0
                -113.5031491,53.5373622,0
                -113.5038236,53.5373668,0
              </coordinates>
            </LinearRing>
          </outerBoundaryIs>
        </Polygon>
      </Placemark>
      <Placemark>
        <name>3018</name>
        <description><![CDATA[2 Stalls<br>Rate: $2.50 / HR M to F; $1.00 / HR Sat to Sun<br>2 Hours Max<br><br>Hours of Operation<br>08:00 to 21:00 M to Sat<br>10:00 to 17:00 Sun<br><br>Tow Away M to F<br>15:30 - 18:00<br><br>How to pay for parking?<br>Scanning QR codes<br>Pay online on the parking webpage: https://hotspotparking.com/users/products/edmontonparking <br>Download Hotspot Parking Transit Taxis app through Google Play or Apple Store. Create an account and pay through the app.<br>Create a HotSpot account online and link a payment card to pay through phone: 1-855-712-5888 ]]></description>
        <styleUrl>#poly-4186F0-605-255</styleUrl>
        <Polygon>
          <outerBoundaryIs>
            <LinearRing>
              <tessellate>1</tessellate>
              <coordinates>
                -113.5047344,53.5384515,0
                -113.5047344,53.538206,0
                -113.5045789,53.5382092,0
                -113.5045789,53.5384515,0
                -113.5047344,53.5384515,0
              </coordinates>
            </LinearRing>
          </outerBoundaryIs>
        </Polygon>
      </Placemark>
      <Placemark>
        <name>3019</name>
        <description><![CDATA[3 Stalls<br>Rate: $2.50 / HR M to F; $1.00 / HR Sat to Sun<br>2 Hours Max<br><br>Hours of Operation<br>08:00 to 21:00 M to Sat<br>10:00 to 17:00 Sun<br><br>How to pay for parking?<br>Scanning QR codes<br>Pay online on the parking webpage: https://hotspotparking.com/users/products/edmontonparking <br>Download Hotspot Parking Transit Taxis app through Google Play or Apple Store. Create an account and pay through the app.<br>Create a HotSpot account online and link a payment card to pay through phone: 1-855-712-5888 ]]></description>
        <styleUrl>#poly-4186F0-605-255</styleUrl>
        <Polygon>
          <outerBoundaryIs>
            <LinearRing>
              <tessellate>1</tessellate>
              <coordinates>
                -113.5047244,53.5403476,0
                -113.5047275,53.5399669,0
                -113.504604,53.539962,0
                -113.5045981,53.5403495,0
                -113.5047244,53.5403476,0
              </coordinates>
            </LinearRing>
          </outerBoundaryIs>
        </Polygon>
      </Placemark>
      <Placemark>
        <name>3020</name>
        <description><![CDATA[5 Stalls<br>Rate: $2.50 / HR M to F; $1.00 / HR Sat to Sun<br>2 Hours Max<br><br>Hours of Operation<br>08:00 to 21:00 M to Sat<br>10:00 to 17:00 Sun<br><br>How to pay for parking?<br>Scanning QR codes<br>Pay online on the parking webpage: https://hotspotparking.com/users/products/edmontonparking <br>Download Hotspot Parking Transit Taxis app through Google Play or Apple Store. Create an account and pay through the app.<br>Create a HotSpot account online and link a payment card to pay through phone: 1-855-712-5888 ]]></description>
        <styleUrl>#poly-4186F0-605-255</styleUrl>
        <Polygon>
          <outerBoundaryIs>
            <LinearRing>
              <tessellate>1</tessellate>
              <coordinates>
                -113.5063732,53.537371,0
                -113.5063758,53.5372882,0
                -113.5057092,53.5372866,0
                -113.5057086,53.5373685,0
                -113.5063732,53.537371,0
              </coordinates>
            </LinearRing>
          </outerBoundaryIs>
        </Polygon>
      </Placemark>
      <Placemark>
        <name>3021</name>
        <description><![CDATA[6 Stalls<br>Rate: $2.50 / HR M to F; $1.00 / HR Sat to Sun<br>2 Hours Max<br><br>Hours of Operation<br>08:00 to 21:00 M to Sat (see exceptions below) <br>10:00 to 17:00 Sun<br><br>Event Rates:<br>Rate $3.50 / HR <br>5 Hours Max<br><br>How to pay for parking?<br>Scanning QR codes<br>Pay online on the parking webpage: https://hotspotparking.com/users/products/edmontonparking <br>Download Hotspot Parking Transit Taxis app through Google Play or Apple Store. Create an account and pay through the app.<br>Create a HotSpot account online and link a payment card to pay through phone: 1-855-712-5888 <br><br>On Non-event Nights:<br>No Pay 21:00 to 08:00]]></description>
        <styleUrl>#poly-4186F0-605-255</styleUrl>
        <Polygon>
          <outerBoundaryIs>
            <LinearRing>
              <tessellate>1</tessellate>
              <coordinates>
                -113.5039962,53.5408855,0
                -113.5039969,53.5407975,0
                -113.5031641,53.5408026,0
                -113.503161,53.5408845,0
                -113.5039962,53.5408855,0
              </coordinates>
            </LinearRing>
          </outerBoundaryIs>
        </Polygon>
      </Placemark>
      <Placemark>
        <name>3022</name>
        <description><![CDATA[14 Stalls<br>Rate: $2.50 / HR M to F; $1.00 / HR Sat to Sun<br>2 Hours Max<br><br>Hours of Operation<br>08:00 to 21:00 M to Sat<br>10:00 to 17:00 Sun<br><br>How to pay for parking?<br>Scanning QR codes<br>Pay online on the parking webpage: https://hotspotparking.com/users/products/edmontonparking <br>Download Hotspot Parking Transit Taxis app through Google Play or Apple Store. Create an account and pay through the app.<br>Create a HotSpot account online and link a payment card to pay through phone: 1-855-712-5888 ]]></description>
        <styleUrl>#poly-4186F0-605-255</styleUrl>
        <Polygon>
          <outerBoundaryIs>
            <LinearRing>
              <tessellate>1</tessellate>
              <coordinates>
                -113.5030791,53.5407379,0
                -113.5030822,53.5395404,0
                -113.5029304,53.5395364,0
                -113.5029233,53.5407315,0
                -113.5030791,53.5407379,0
              </coordinates>
            </LinearRing>
          </outerBoundaryIs>
        </Polygon>
      </Placemark>
      <Placemark>
        <name>3023</name>
        <description><![CDATA[6 Stalls<br>Rate: $2.50 / HR M to F; $1.00 / HR Sat to Sun<br>2 Hours Max<br><br>Hours of Operation<br>08:00 to 21:00 M to Sat<br>10:00 to 17:00 Sun<br><br>How to pay for parking?<br>Scanning QR codes<br>Pay online on the parking webpage: https://hotspotparking.com/users/products/edmontonparking <br>Download Hotspot Parking Transit Taxis app through Google Play or Apple Store. Create an account and pay through the app.<br>Create a HotSpot account online and link a payment card to pay through phone: 1-855-712-5888 ]]></description>
        <styleUrl>#poly-4186F0-605-255</styleUrl>
        <Polygon>
          <outerBoundaryIs>
            <LinearRing>
              <tessellate>1</tessellate>
              <coordinates>
                -113.5029172,53.5371382,0
                -113.5028993,53.5359556,0
                -113.5027706,53.535953,0
                -113.5028016,53.5371389,0
                -113.5029172,53.5371382,0
              </coordinates>
            </LinearRing>
          </outerBoundaryIs>
        </Polygon>
      </Placemark>
      <Placemark>
        <name>3024</name>
        <description><![CDATA[17 Stalls<br>Rate: $2.50 / HR M to F; $1.00 / HR Sat to Sun<br>2 Hours Max<br><br>Hours of Operation<br>08:00 to 21:00 M to Sat<br>10:00 to 17:00 Sun<br><br>How to pay for parking?<br>Scanning QR codes<br>Pay online on the parking webpage: https://hotspotparking.com/users/products/edmontonparking <br>Download Hotspot Parking Transit Taxis app through Google Play or Apple Store. Create an account and pay through the app.<br>Create a HotSpot account online and link a payment card to pay through phone: 1-855-712-5888 ]]></description>
        <styleUrl>#poly-4186F0-605-255</styleUrl>
        <Polygon>
          <outerBoundaryIs>
            <LinearRing>
              <tessellate>1</tessellate>
              <coordinates>
                -113.5029179,53.5387409,0
                -113.5029236,53.5373599,0
                -113.5027651,53.5373618,0
                -113.5027757,53.5387419,0
                -113.5029179,53.5387409,0
              </coordinates>
            </LinearRing>
          </outerBoundaryIs>
        </Polygon>
      </Placemark>
      <Placemark>
        <name>3025</name>
        <description><![CDATA[2 Stalls<br>Rate: $2.50 / HR M to F; $1.00 / HR Sat to Sun<br>2 Hours Max<br><br>Hours of Operation<br>08:00 to 21:00 M to Sat<br>10:00 to 17:00 Sun<br><br>How to pay for parking?<br>Scanning QR codes<br>Pay online on the parking webpage: https://hotspotparking.com/users/products/edmontonparking <br>Download Hotspot Parking Transit Taxis app through Google Play or Apple Store. Create an account and pay through the app.<br>Create a HotSpot account online and link a payment card to pay through phone: 1-855-712-5888 ]]></description>
        <styleUrl>#poly-4186F0-605-255</styleUrl>
        <Polygon>
          <outerBoundaryIs>
            <LinearRing>
              <tessellate>1</tessellate>
              <coordinates>
                -113.502845,53.5407414,0
                -113.5028469,53.5405747,0
                -113.502755,53.5405752,0
                -113.5027533,53.5407429,0
                -113.502845,53.5407414,0
              </coordinates>
            </LinearRing>
          </outerBoundaryIs>
        </Polygon>
      </Placemark>
      <Placemark>
        <name>3026</name>
        <description><![CDATA[9 Stalls<br>Rate: $2.50 / HR M to F; $1.00 / HR Sat to Sun<br>2 Hours Max<br><br>Hours of Operation<br>08:00 to 21:00 M to Sat (see exceptions below) <br>10:00 to 17:00 Sun<br><br>Event Rates:<br>Rate $3.50 / HR <br>5 Hours Max<br><br>On Non-event Nights:<br>No Pay 21:00 to 08:00<br><br>How to pay for parking?<br>Scanning QR codes<br>Pay online on the parking webpage: https://hotspotparking.com/users/products/edmontonparking <br>Download Hotspot Parking Transit Taxis app through Google Play or Apple Store. Create an account and pay through the app.<br>Create a HotSpot account online and link a payment card to pay through phone: 1-855-712-5888 ]]></description>
        <styleUrl>#poly-4186F0-605-255</styleUrl>
        <Polygon>
          <outerBoundaryIs>
            <LinearRing>
              <tessellate>1</tessellate>
              <coordinates>
                -113.5025754,53.5408697,0
                -113.5025753,53.5408146,0
                -113.5014476,53.5408144,0
                -113.5014527,53.5408677,0
                -113.5025754,53.5408697,0
              </coordinates>
            </LinearRing>
          </outerBoundaryIs>
        </Polygon>
      </Placemark>
      <Placemark>
        <name>3027</name>
        <description><![CDATA[15 Stalls<br>Rate: $2.50 / HR M to F; $1.00 / HR Sat to Sun<br>2 Hours Max<br><br>Hours of Operation<br>08:00 to 21:00 M to Sat<br>10:00 to 17:00 Sun<br><br>How to pay for parking?<br>Scanning QR codes<br>Pay online on the parking webpage: https://hotspotparking.com/users/products/edmontonparking <br>Download Hotspot Parking Transit Taxis app through Google Play or Apple Store. Create an account and pay through the app.<br>Create a HotSpot account online and link a payment card to pay through phone: 1-855-712-5888 ]]></description>
        <styleUrl>#poly-4186F0-605-255</styleUrl>
        <Polygon>
          <outerBoundaryIs>
            <LinearRing>
              <tessellate>1</tessellate>
              <coordinates>
                -113.5013409,53.540793,0
                -113.5013103,53.5393865,0
                -113.5011724,53.5393875,0
                -113.5011885,53.5407928,0
                -113.5013409,53.540793,0
              </coordinates>
            </LinearRing>
          </outerBoundaryIs>
        </Polygon>
      </Placemark>
      <Placemark>
        <name>3028</name>
        <description><![CDATA[7 Stalls<br>Rate: $2.50 / HR M to F; $1.00 / HR Sat to Sun<br>2 Hours Max<br><br>Hours of Operation<br>08:00 to 21:00 M to Sat<br>10:00 to 17:00 Sun<br><br>How to pay for parking?<br>Scanning QR codes<br>Pay online on the parking webpage: https://hotspotparking.com/users/products/edmontonparking <br>Download Hotspot Parking Transit Taxis app through Google Play or Apple Store. Create an account and pay through the app.<br>Create a HotSpot account online and link a payment card to pay through phone: 1-855-712-5888 ]]></description>
        <styleUrl>#poly-4186F0-605-255</styleUrl>
        <Polygon>
          <outerBoundaryIs>
            <LinearRing>
              <tessellate>1</tessellate>
              <coordinates>
                -113.5027651,53.5373618,0
                -113.502765,53.537282,0
                -113.5018091,53.5372803,0
                -113.5018141,53.5373574,0
                -113.5027651,53.5373618,0
              </coordinates>
            </LinearRing>
          </outerBoundaryIs>
        </Polygon>
      </Placemark>
      <Placemark>
        <name>3029</name>
        <description><![CDATA[8 Stalls<br>Rate: $2.50 / HR M to F; $1.00 / HR Sat to Sun<br>2 Hours Max<br><br>Hours of Operation<br>08:00 to 21:00 M to Sat<br>10:00 to 17:00 Sun<br><br>How to pay for parking?<br>Scanning QR codes<br>Pay online on the parking webpage: https://hotspotparking.com/users/products/edmontonparking <br>Download Hotspot Parking Transit Taxis app through Google Play or Apple Store. Create an account and pay through the app.<br>Create a HotSpot account online and link a payment card to pay through phone: 1-855-712-5888 ]]></description>
        <styleUrl>#poly-4186F0-605-255</styleUrl>
        <Polygon>
          <outerBoundaryIs>
            <LinearRing>
              <tessellate>1</tessellate>
              <coordinates>
                -113.5009377,53.5373466,0
                -113.5009418,53.5372782,0
                -113.4993658,53.5372758,0
                -113.4993668,53.537349,0
                -113.5009377,53.5373466,0
              </coordinates>
            </LinearRing>
          </outerBoundaryIs>
        </Polygon>
      </Placemark>
      <Placemark>
        <name>3031</name>
        <description><![CDATA[11 Stalls<br>Rate: $2.50 / HR M to F; $1.00 / HR Sat to Sun<br>2 Hours Max<br><br>Hours of Operation<br>08:00 to 21:00 M to Sat<br>10:00 to 17:00 Sun<br><br>How to pay for parking?<br>Scanning QR codes<br>Pay online on the parking webpage: https://hotspotparking.com/users/products/edmontonparking <br>Download Hotspot Parking Transit Taxis app through Google Play or Apple Store. Create an account and pay through the app.<br>Create a HotSpot account online and link a payment card to pay through phone: 1-855-712-5888 ]]></description>
        <styleUrl>#poly-4186F0-605-255</styleUrl>
        <Polygon>
          <outerBoundaryIs>
            <LinearRing>
              <tessellate>1</tessellate>
              <coordinates>
                -113.5009901,53.5372216,0
                -113.5009894,53.5371321,0
                -113.4994016,53.5371413,0
                -113.4994096,53.537228,0
                -113.5009901,53.5372216,0
              </coordinates>
            </LinearRing>
          </outerBoundaryIs>
        </Polygon>
      </Placemark>
      <Placemark>
        <name>3032</name>
        <description><![CDATA[15 Stalls<br>Rate: $2.50 / HR M to F; $1.00 / HR Sat to Sun<br>2 Hours Max<br><br>Hours of Operation<br>08:00 to 21:00 M to Sat<br>10:00 to 17:00 Sun<br><br>How to pay for parking?<br>Scanning QR codes<br>Pay online on the parking webpage: https://hotspotparking.com/users/products/edmontonparking <br>Download Hotspot Parking Transit Taxis app through Google Play or Apple Store. Create an account and pay through the app.<br>Create a HotSpot account online and link a payment card to pay through phone: 1-855-712-5888 ]]></description>
        <styleUrl>#poly-4186F0-605-255</styleUrl>
        <Polygon>
          <outerBoundaryIs>
            <LinearRing>
              <tessellate>1</tessellate>
              <coordinates>
                -113.5010664,53.5403017,0
                -113.5010579,53.5390212,0
                -113.5009294,53.539022,0
                -113.500916,53.5403021,0
                -113.5010664,53.5403017,0
              </coordinates>
            </LinearRing>
          </outerBoundaryIs>
        </Polygon>
      </Placemark>
      <Placemark>
        <name>3033</name>
        <description><![CDATA[2 Stalls<br>Rate: $3.50 / HR M to F; $1.00 / HR Sat to Sun<br>2 Hours Max<br><br>Hours of Operation<br>08:00 to 21:00 M to Sat (see exceptions below) <br>10:00 to 17:00 Sun<br><br>Event Rates:<br>Rate $3.50 / HR <br>5 Hours Max<br><br>On Non-event Nights:<br>No Pay 21:00 to 08:00<br><br>How to pay for parking?<br>Scanning QR codes<br>Pay online on the parking: webpage: https://hotspotparking.com/users/products/edmontonparking <br>Download Hotspot Parking Transit Taxis app through Google Play or Apple Store. Create an account and pay through the app.<br>Create a HotSpot account online and link a payment card to pay through phone: 1-855-712-5888 ]]></description>
        <styleUrl>#poly-4186F0-605-255</styleUrl>
        <Polygon>
          <outerBoundaryIs>
            <LinearRing>
              <tessellate>1</tessellate>
              <coordinates>
                -113.4999291,53.5408875,0
                -113.4999235,53.5408122,0
                -113.4996395,53.5408136,0
                -113.4996377,53.5408877,0
                -113.4999291,53.5408875,0
              </coordinates>
            </LinearRing>
          </outerBoundaryIs>
        </Polygon>
      </Placemark>
      <Placemark>
        <name>3034</name>
        <description><![CDATA[15 Stalls<br>Rate: $2.50 / HR M to F; $1.00 / HR Sat to Sun<br>2 Hours Max<br><br>Hours of Operation<br>08:00 to 21:00 M to Sat<br>10:00 to 17:00 Sun<br><br>How to pay for parking?<br>Scanning QR codes<br>Pay online on the parking webpage: https://hotspotparking.com/users/products/edmontonparking <br>Download Hotspot Parking Transit Taxis app through Google Play or Apple Store. Create an account and pay through the app.<br>Create a HotSpot account online and link a payment card to pay through phone: 1-855-712-5888 ]]></description>
        <styleUrl>#poly-4186F0-605-255</styleUrl>
        <Polygon>
          <outerBoundaryIs>
            <LinearRing>
              <tessellate>1</tessellate>
              <coordinates>
                -113.4994853,53.5408057,0
                -113.4994778,53.5403939,0
                -113.4994126,53.5392949,0
                -113.4993117,53.5392928,0
                -113.4993388,53.5403909,0
                -113.4993545,53.5408019,0
                -113.4994853,53.5408057,0
              </coordinates>
            </LinearRing>
          </outerBoundaryIs>
        </Polygon>
      </Placemark>
      <Placemark>
        <name>3035</name>
        <description><![CDATA[15 Stalls<br>Rate: $2.50 / HR M to F; $1.00 / HR Sat to Sun<br>2 Hours Max<br><br>Hours of Operation<br>08:00 to 21:00 M to Sat<br>10:00 to 17:00 Sun<br><br>How to pay for parking?<br>Scanning QR codes<br>Pay online on the parking webpage: https://hotspotparking.com/users/products/edmontonparking <br>Download Hotspot Parking Transit Taxis app through Google Play or Apple Store. Create an account and pay through the app.<br>Create a HotSpot account online and link a payment card to pay through phone: 1-855-712-5888 ]]></description>
        <styleUrl>#poly-4186F0-605-255</styleUrl>
        <Polygon>
          <outerBoundaryIs>
            <LinearRing>
              <tessellate>1</tessellate>
              <coordinates>
                -113.4994086,53.5386665,0
                -113.499413,53.5374638,0
                -113.4993001,53.5374638,0
                -113.4993107,53.5386691,0
                -113.4994086,53.5386665,0
              </coordinates>
            </LinearRing>
          </outerBoundaryIs>
        </Polygon>
      </Placemark>
      <Placemark>
        <name>3036</name>
        <description><![CDATA[13 Stalls<br>Rate: $2.50 / HR M to F; $1.00 / HR Sat to Sun<br>2 Hours Max<br><br>Hours of Operation<br>08:00 to 21:00 M to Sat<br>10:00 to 17:00 Sun<br><br>How to pay for parking?<br>Scanning QR codes<br>Pay online on the parking webpage: https://hotspotparking.com/users/products/edmontonparking <br>Download Hotspot Parking Transit Taxis app through Google Play or Apple Store. Create an account and pay through the app.<br>Create a HotSpot account online and link a payment card to pay through phone: 1-855-712-5888 ]]></description>
        <styleUrl>#poly-4186F0-605-255</styleUrl>
        <Polygon>
          <outerBoundaryIs>
            <LinearRing>
              <tessellate>1</tessellate>
              <coordinates>
                -113.4991715,53.5405748,0
                -113.4991968,53.5404214,0
                -113.499252,53.540311,0
                -113.499249,53.5393124,0
                -113.4991307,53.5393124,0
                -113.499101,53.540298,0
                -113.4990625,53.5404306,0
                -113.4990439,53.5405786,0
                -113.4991715,53.5405748,0
              </coordinates>
            </LinearRing>
          </outerBoundaryIs>
        </Polygon>
      </Placemark>
      <Placemark>
        <name>3037</name>
        <description><![CDATA[9 Stalls<br>Rate: $3.50 / HR M to F; $1.00 / HR Sat to Sun<br>2 Hours Max<br><br>Hours of Operation<br>08:00 to 21:00 M to Sat (see exceptions below) <br>10:00 to 17:00 Sun<br><br>Event Rates:<br>Rate $3.50 / HR <br>5 Hours Max<br><br>On Non-event Nights:<br>No Pay 21:00 to 08:00<br><br>How to pay for parking?<br>Scanning QR codes<br>Pay online on the parking: webpage: https://hotspotparking.com/users/products/edmontonparking <br>Download Hotspot Parking Transit Taxis app through Google Play or Apple Store. Create an account and pay through the app.<br>Create a HotSpot account online and link a payment card to pay through phone: 1-855-712-5888 ]]></description>
        <styleUrl>#poly-4186F0-605-255</styleUrl>
        <Polygon>
          <outerBoundaryIs>
            <LinearRing>
              <tessellate>1</tessellate>
              <coordinates>
                -113.4989274,53.5408681,0
                -113.4989313,53.5408043,0
                -113.4979375,53.5408073,0
                -113.4979431,53.5408711,0
                -113.4989274,53.5408681,0
              </coordinates>
            </LinearRing>
          </outerBoundaryIs>
        </Polygon>
      </Placemark>
      <Placemark>
        <name>3038</name>
        <description><![CDATA[3 Stalls<br>Rate: $2.50 / HR M to F; $1.00 / HR Sat to Sun<br>2 Hours Max<br><br>Hours of Operation<br>08:00 to 21:00 M to Sat<br>10:00 to 17:00 Sun<br><br>How to pay for parking?<br>Scanning QR codes<br>Pay online on the parking webpage: https://hotspotparking.com/users/products/edmontonparking <br>Download Hotspot Parking Transit Taxis app through Google Play or Apple Store. Create an account and pay through the app.<br>Create a HotSpot account online and link a payment card to pay through phone: 1-855-712-5888 ]]></description>
        <styleUrl>#poly-4186F0-605-255</styleUrl>
        <Polygon>
          <outerBoundaryIs>
            <LinearRing>
              <tessellate>1</tessellate>
              <coordinates>
                -113.4975997,53.5398036,0
                -113.4975953,53.5393604,0
                -113.4974402,53.5393598,0
                -113.4974456,53.5398064,0
                -113.4975997,53.5398036,0
              </coordinates>
            </LinearRing>
          </outerBoundaryIs>
        </Polygon>
      </Placemark>
      <Placemark>
        <name>3039</name>
        <description><![CDATA[3 Stalls<br>Rate: $2.50 / HR M to F; $1.00 / HR Sat to Sun<br>2 Hours Max<br><br>Hours of Operation<br>08:00 to 21:00 M to Sat<br>10:00 to 17:00 Sun<br><br>How to pay for parking?<br>Scanning QR codes<br>Pay online on the parking webpage: https://hotspotparking.com/users/products/edmontonparking <br>Download Hotspot Parking Transit Taxis app through Google Play or Apple Store. Create an account and pay through the app.<br>Create a HotSpot account online and link a payment card to pay through phone: 1-855-712-5888 ]]></description>
        <styleUrl>#poly-4186F0-605-255</styleUrl>
        <Polygon>
          <outerBoundaryIs>
            <LinearRing>
              <tessellate>1</tessellate>
              <coordinates>
                -113.497601,53.5386301,0
                -113.4976043,53.538317,0
                -113.4974554,53.5383186,0
                -113.4974657,53.5386285,0
                -113.497601,53.5386301,0
              </coordinates>
            </LinearRing>
          </outerBoundaryIs>
        </Polygon>
      </Placemark>
      <Placemark>
        <name>3040</name>
        <description><![CDATA[15 Stalls<br>Rate: $2.50 / HR M to F; $1.00 / HR Sat to Sun<br>2 Hours Max<br><br>Hours of Operation<br>08:00 to 21:00 M to Sat<br>10:00 to 17:00 Sun<br><br>How to pay for parking?<br>Scanning QR codes<br>Pay online on the parking webpage: https://hotspotparking.com/users/products/edmontonparking <br>Download Hotspot Parking Transit Taxis app through Google Play or Apple Store. Create an account and pay through the app.<br>Create a HotSpot account online and link a payment card to pay through phone: 1-855-712-5888 ]]></description>
        <styleUrl>#poly-4186F0-605-255</styleUrl>
        <Polygon>
          <outerBoundaryIs>
            <LinearRing>
              <tessellate>1</tessellate>
              <coordinates>
                -113.4973798,53.5405653,0
                -113.4973672,53.5389528,0
                -113.497269,53.5389512,0
                -113.497248,53.5405691,0
                -113.4973798,53.5405653,0
              </coordinates>
            </LinearRing>
          </outerBoundaryIs>
        </Polygon>
      </Placemark>
      <Placemark>
        <name>3041</name>
        <description><![CDATA[13 Stalls<br>Rate: $2.50 / HR M to F; $1.00 / HR Sat to Sun<br>2 Hours Max<br><br>Hours of Operation<br>08:00 to 21:00 M to Sat<br>10:00 to 17:00 Sun<br><br>How to pay for parking?<br>Scanning QR codes<br>Pay online on the parking webpage: https://hotspotparking.com/users/products/edmontonparking <br>Download Hotspot Parking Transit Taxis app through Google Play or Apple Store. Create an account and pay through the app.<br>Create a HotSpot account online and link a payment card to pay through phone: 1-855-712-5888 ]]></description>
        <styleUrl>#poly-4186F0-605-255</styleUrl>
        <Polygon>
          <outerBoundaryIs>
            <LinearRing>
              <tessellate>1</tessellate>
              <coordinates>
                -113.4957497,53.5406975,0
                -113.495754,53.5391298,0
                -113.4956498,53.5391328,0
                -113.4956392,53.5407015,0
                -113.4957497,53.5406975,0
              </coordinates>
            </LinearRing>
          </outerBoundaryIs>
        </Polygon>
      </Placemark>
      <Placemark>
        <name>3042- Temporarily closed from Sat Aug 6th at 6am to Mon Aug 8th at 6am.</name>
        <description><![CDATA[5 Stalls<br>Rate: $2.50 / HR M to F; $1.00 / HR Sat to Sun<br>2 Hours Max<br><br>Hours of Operation<br>08:00 to 21:00 M to Sat<br>10:00 to 17:00 Sun<br><br>How to pay for parking?<br>Scanning QR codes<br>Pay online on the parking webpage: https://hotspotparking.com/users/products/edmontonparking <br>Download Hotspot Parking Transit Taxis app through Google Play or Apple Store. Create an account and pay through the app.<br>Create a HotSpot account online and link a payment card to pay through phone: 1-855-712-5888 ]]></description>
        <styleUrl>#poly-4186F0-605-255</styleUrl>
        <Polygon>
          <outerBoundaryIs>
            <LinearRing>
              <tessellate>1</tessellate>
              <coordinates>
                -113.4953837,53.539565,0
                -113.495379,53.5394927,0
                -113.4946745,53.539496,0
                -113.4946706,53.5395662,0
                -113.4953837,53.539565,0
              </coordinates>
            </LinearRing>
          </outerBoundaryIs>
        </Polygon>
      </Placemark>
      <Placemark>
        <name>3043</name>
        <description><![CDATA[8 Stalls<br>Rate: $2.50 / HR M to F; $1.00 / HR Sat to Sun<br>2 Hours Max<br><br>Hours of Operation<br>08:00 to 21:00 M to Sat<br>10:00 to 17:00 Sun<br><br>How to pay for parking?<br>Scanning QR codes<br>Pay online on the parking webpage: https://hotspotparking.com/users/products/edmontonparking <br>Download Hotspot Parking Transit Taxis app through Google Play or Apple Store. Create an account and pay through the app.<br>Create a HotSpot account online and link a payment card to pay through phone: 1-855-712-5888 ]]></description>
        <styleUrl>#poly-4186F0-605-255</styleUrl>
        <Polygon>
          <outerBoundaryIs>
            <LinearRing>
              <tessellate>1</tessellate>
              <coordinates>
                -113.495558,53.540771,0
                -113.4955499,53.5396731,0
                -113.4954027,53.5396765,0
                -113.4953942,53.5407694,0
                -113.495558,53.540771,0
              </coordinates>
            </LinearRing>
          </outerBoundaryIs>
        </Polygon>
      </Placemark>
      <Placemark>
        <name>3051</name>
        <description><![CDATA[12 Stalls<br>Rate: $2.50 / HR M to F; $1.00 / HR Sat to Sun<br>2 Hours Max<br>Tow Away M to F<br>07:00 - 09:00 and 15:30 - 18:00<br><br>Hours of Operation<br>08:00 to 21:00 M to Sat<br>10:00 to 17:00 Sun<br>(see exceptions below) <br><br>Event Rates:<br>Rate $3.50 / HR <br>5 Hours Max<br><br>On Non-event Nights:<br>No Pay 21:00 to 07:00<br><br>How to pay for parking?<br>Scanning QR codes<br>Pay online on the parking: webpage: https://hotspotparking.com/users/products/edmontonparking <br>Download Hotspot Parking Transit Taxis app through Google Play or Apple Store. Create an account and pay through the app.<br>Create a HotSpot account online and link a payment card to pay through phone: 1-855-712-5888]]></description>
        <styleUrl>#poly-4186F0-605-255</styleUrl>
        <Polygon>
          <outerBoundaryIs>
            <LinearRing>
              <tessellate>1</tessellate>
              <coordinates>
                -113.4953883,53.5408807,0
                -113.495385,53.5407885,0
                -113.494047,53.5407843,0
                -113.494049,53.5408827,0
                -113.4953883,53.5408807,0
              </coordinates>
            </LinearRing>
          </outerBoundaryIs>
        </Polygon>
      </Placemark>
      <Placemark>
        <name>4011</name>
        <description><![CDATA[39 Stalls<br>Rate: $1.00 / HR M to F; $1.00 / HR Sat to Sun<br>2 Hours Max<br><br>Hours of Operation<br>08:00 to 21:00 M to Sat (see exceptions below)<br>10:00 to 17:00 Sun<br><br>Event Rates:<br>Rate $3.50 / HR <br>5 Hours Max<br><br>On Non-event Nights:<br>No Pay 21:00 to 08:00<br><br>How to pay for parking?<br>Scanning QR codes<br>Pay online on the parking webpage: https://hotspotparking.com/users/products/edmontonparking <br>Download Hotspot Parking Transit Taxis app through Google Play or Apple Store. Create an account and pay through the app.<br>Create a HotSpot account online and link a payment card to pay through phone: 1-855-712-5888 ]]></description>
        <styleUrl>#poly-4186F0-605-255</styleUrl>
        <Polygon>
          <outerBoundaryIs>
            <LinearRing>
              <tessellate>1</tessellate>
              <coordinates>
                -113.4957476,53.5497348,0
                -113.4957509,53.5483578,0
                -113.4956303,53.5483532,0
                -113.4956115,53.5497341,0
                -113.4957476,53.5497348,0
              </coordinates>
            </LinearRing>
          </outerBoundaryIs>
        </Polygon>
      </Placemark>
      <Placemark>
        <name>4016</name>
        <description><![CDATA[14 Stalls<br>Rate: $1.00 / HR M to F; $1.00 / HR Sat to Sun<br>2 Hours Max<br><br>Hours of Operation<br>08:00 to 21:00 M to Sat (see exceptions below)<br>10:00 to 17:00 Sun<br><br>Event Rates:<br>Rate $3.50 / HR <br>5 Hours Max<br><br>On Non-event Nights:<br>No Pay 21:00 to 08:00<br><br>How to pay for parking?<br>Scanning QR codes<br>Pay online on the parking webpage: https://hotspotparking.com/users/products/edmontonparking <br>Download Hotspot Parking Transit Taxis app through Google Play or Apple Store. Create an account and pay through the app.<br>Create a HotSpot account online and link a payment card to pay through phone: 1-855-712-5888 ]]></description>
        <styleUrl>#poly-4186F0-605-255</styleUrl>
        <Polygon>
          <outerBoundaryIs>
            <LinearRing>
              <tessellate>1</tessellate>
              <coordinates>
                -113.4955211,53.5497228,0
                -113.4955313,53.5483652,0
                -113.4954026,53.5483642,0
                -113.4954124,53.5497236,0
                -113.4955211,53.5497228,0
              </coordinates>
            </LinearRing>
          </outerBoundaryIs>
        </Polygon>
      </Placemark>
      <Placemark>
        <name>4027</name>
        <description><![CDATA[21 Stalls<br>Rate: $2.00 / HR M to F; $1.00 / HR Sat to Sun<br>5 Hours Max<br><br>Hours of Operation<br>08:00 to 21:00 M to Sat<br>10:00 to 17:00 Sun<br><br>How to pay for parking?<br>Scanning QR codes<br>Pay online on the parking webpage: https://hotspotparking.com/users/products/edmontonparking <br>Download Hotspot Parking Transit Taxis app through Google Play or Apple Store. Create an account and pay through the app.<br>Create a HotSpot account online and link a payment card to pay through phone: 1-855-712-5888 ]]></description>
        <styleUrl>#poly-4186F0-605-255</styleUrl>
        <Polygon>
          <outerBoundaryIs>
            <LinearRing>
              <tessellate>1</tessellate>
              <coordinates>
                -113.4955311,53.559514,0
                -113.4953379,53.559512,0
                -113.4953556,53.5609394,0
                -113.494785,53.5609433,0
                -113.4947912,53.5610317,0
                -113.4955532,53.5610298,0
                -113.4955311,53.559514,0
              </coordinates>
            </LinearRing>
          </outerBoundaryIs>
        </Polygon>
      </Placemark>
      <Placemark>
        <name>4029</name>
        <description><![CDATA[7 Stalls<br>Rate: $2.00/ HR M to F; $1.00 / HR Sat to Sun<br>2 Hours Max<br><br>Hours of Operation<br>08:00 to 21:00 M to Sat<br>10:00 to 17:00 Sun<br><br>How to pay for parking?<br>Scanning QR codes<br>Pay online on the parking webpage: https://hotspotparking.com/users/products/edmontonparking <br>Download Hotspot Parking Transit Taxis app through Google Play or Apple Store. Create an account and pay through the app.<br>Create a HotSpot account online and link a payment card to pay through phone: 1-855-712-5888 ]]></description>
        <styleUrl>#poly-4186F0-605-255</styleUrl>
        <Polygon>
          <outerBoundaryIs>
            <LinearRing>
              <tessellate>1</tessellate>
              <coordinates>
                -113.4938171,53.5575948,0
                -113.4938225,53.5582029,0
                -113.4939785,53.5582033,0
                -113.4939702,53.5575928,0
                -113.4938171,53.5575948,0
              </coordinates>
            </LinearRing>
          </outerBoundaryIs>
        </Polygon>
      </Placemark>
      <Placemark>
        <name>4030</name>
        <description><![CDATA[18 Stalls<br>Rate: $3.50 / HR M to F; $1.00 / HR Sat to Sun<br>2 Hours Max<br><br>Hours of Operation<br>08:00 to 21:00 M to Sat<br>10:00 to 17:00 Sun<br><br>How to pay for parking?<br>Scanning QR codes<br>Pay online on the parking webpage: https://hotspotparking.com/users/products/edmontonparking <br>Download Hotspot Parking Transit Taxis app through Google Play or Apple Store. Create an account and pay through the app.<br>Create a HotSpot account online and link a payment card to pay through phone: 1-855-712-5888 ]]></description>
        <styleUrl>#poly-4186F0-605-255</styleUrl>
        <Polygon>
          <outerBoundaryIs>
            <LinearRing>
              <tessellate>1</tessellate>
              <coordinates>
                -113.4953648,53.5572188,0
                -113.4953651,53.5571198,0
                -113.4939544,53.5571218,0
                -113.4939597,53.5572174,0
                -113.4953648,53.5572188,0
              </coordinates>
            </LinearRing>
          </outerBoundaryIs>
        </Polygon>
      </Placemark>
      <Placemark>
        <name>4031</name>
        <description><![CDATA[4 Stalls<br>Rate: $3.50 / HR M to F; $1.00 / HR Sat to Sun<br>2 Hours Max<br><br>Hours of Operation<br>08:00 to 21:00 M to Sat<br>10:00 to 17:00 Sun<br><br>How to pay for parking?<br>Scanning QR codes<br>Pay online on the parking webpage: https://hotspotparking.com/users/products/edmontonparking <br>Download Hotspot Parking Transit Taxis app through Google Play or Apple Store. Create an account and pay through the app.<br>Create a HotSpot account online and link a payment card to pay through phone: 1-855-712-5888 ]]></description>
        <styleUrl>#poly-4186F0-605-255</styleUrl>
        <Polygon>
          <outerBoundaryIs>
            <LinearRing>
              <tessellate>1</tessellate>
              <coordinates>
                -113.495102,53.5570622,0
                -113.4951027,53.5569891,0
                -113.4939826,53.5569897,0
                -113.4939812,53.5570606,0
                -113.495102,53.5570622,0
              </coordinates>
            </LinearRing>
          </outerBoundaryIs>
        </Polygon>
      </Placemark>
      <Placemark>
        <name>4033</name>
        <description><![CDATA[13 Stalls<br>Rate: $2.00 / HR M to F; $1.00 / HR Sat to Sun <br>2 Hours Max<br><br>Hours of Operation<br>08:00 to 21:00 M to Sat<br>10:00 to 17:00 Sun<br><br>How to pay for parking?<br>Scanning QR codes<br>Pay online on the parking webpage: https://hotspotparking.com/users/products/edmontonparking <br>Download Hotspot Parking Transit Taxis app through Google Play or Apple Store. Create an account and pay through the app.<br>Create a HotSpot account online and link a payment card to pay through phone: 1-855-712-5888 ]]></description>
        <styleUrl>#poly-4186F0-605-255</styleUrl>
        <Polygon>
          <outerBoundaryIs>
            <LinearRing>
              <tessellate>1</tessellate>
              <coordinates>
                -113.5070995,53.5704656,0
                -113.5070984,53.5704,0
                -113.5043168,53.5703988,0
                -113.5043195,53.5704636,0
                -113.5070995,53.5704656,0
              </coordinates>
            </LinearRing>
          </outerBoundaryIs>
        </Polygon>
      </Placemark>
      <Placemark>
        <name>4034</name>
        <description><![CDATA[12 Stalls<br>Rate: $2.00 / HR M to F; $1.00 / HR Sat to Sun <br>2 Hours Max<br><br>Hours of Operation<br>08:00 to 21:00 M to Sat<br>10:00 to 17:00 Sun<br><br>How to pay for parking?<br>Scanning QR codes<br>Pay online on the parking webpage: https://hotspotparking.com/users/products/edmontonparking <br>Download Hotspot Parking Transit Taxis app through Google Play or Apple Store. Create an account and pay through the app.<br>Create a HotSpot account online and link a payment card to pay through phone: 1-855-712-5888 ]]></description>
        <styleUrl>#poly-4186F0-605-255</styleUrl>
        <Polygon>
          <outerBoundaryIs>
            <LinearRing>
              <tessellate>1</tessellate>
              <coordinates>
                -113.5063139,53.5703254,0
                -113.5063152,53.5702434,0
                -113.5043156,53.570245,0
                -113.504317,53.570331,0
                -113.5063139,53.5703254,0
              </coordinates>
            </LinearRing>
          </outerBoundaryIs>
        </Polygon>
      </Placemark>
      <Placemark>
        <name>4037</name>
        <description><![CDATA[4 Stalls<br>Rate: $1.00 / HR M to F; $1.00 / HR Sat to Sun<br>2 Hours Max<br><br>Hours of Operation<br>08:00 to 21:00 M to Sat (see exceptions below)<br>10:00 to 17:00 Sun<br><br>Event Rates:<br>Rate $3.50 / HR <br>5 Hours Max<br><br>On Non-event Nights:<br>No Pay 21:00 to 08:00<br><br>How to pay for parking?<br>Scanning QR codes<br>Pay online on the parking webpage: https://hotspotparking.com/users/products/edmontonparking <br>Download Hotspot Parking Transit Taxis app through Google Play or Apple Store. Create an account and pay through the app.<br>Create a HotSpot account online and link a payment card to pay through phone: 1-855-712-5888 ]]></description>
        <styleUrl>#poly-4186F0-605-255</styleUrl>
        <Polygon>
          <outerBoundaryIs>
            <LinearRing>
              <tessellate>1</tessellate>
              <coordinates>
                -113.5031418,53.5482213,0
                -113.5031407,53.5479173,0
                -113.5030071,53.5479163,0
                -113.503012,53.5482206,0
                -113.5031418,53.5482213,0
              </coordinates>
            </LinearRing>
          </outerBoundaryIs>
        </Polygon>
      </Placemark>
      <Placemark>
        <name>4038</name>
        <description><![CDATA[4 Stalls<br>Rate: $2.00 / HR M to F; $1.00 / HR Sat to Sun<br>2 Hours Max<br><br>Hours of Operation<br>08:00 to 21:00 M to Sat (see exceptions below)<br>10:00 to 17:00 Sun<br><br>Event Rates:<br>Rate $3.50 / HR <br>5 Hours Max<br><br>On Non-event Nights:<br>No Pay 21:00 to 08:00<br><br>How to pay for parking?<br>Scanning QR codes<br>Pay online on the parking webpage: https://hotspotparking.com/users/products/edmontonparking <br>Download Hotspot Parking Transit Taxis app through Google Play or Apple Store. Create an account and pay through the app.<br>Create a HotSpot account online and link a payment card to pay through phone: 1-855-712-5888 ]]></description>
        <styleUrl>#poly-4186F0-605-255</styleUrl>
        <Polygon>
          <outerBoundaryIs>
            <LinearRing>
              <tessellate>1</tessellate>
              <coordinates>
                -113.5064254,53.5477772,0
                -113.5064585,53.5477226,0
                -113.5062373,53.5476928,0
                -113.505839,53.5476894,0
                -113.5058454,53.5477387,0
                -113.5061753,53.5477382,0
                -113.5064254,53.5477772,0
              </coordinates>
            </LinearRing>
          </outerBoundaryIs>
        </Polygon>
      </Placemark>
      <Placemark>
        <name>4039</name>
        <description><![CDATA[12 Stalls<br>Rate: $2.00 / HR M to F; $1.00 / HR Sat to Sun<br>2 Hours Max<br><br>Hours of Operation<br>08:00 to 21:00 M to Sat (see exceptions below)<br>10:00 to 17:00 Sun<br><br>Event Rates:<br>Rate $3.50 / HR <br>5 Hours Max<br><br>On Non-event Nights:<br>No Pay 21:00 to 08:00<br><br>How to pay for parking?<br>Scanning QR codes<br>Pay online on the parking webpage: https://hotspotparking.com/users/products/edmontonparking <br>Download Hotspot Parking Transit Taxis app through Google Play or Apple Store. Create an account and pay through the app.<br>Create a HotSpot account online and link a payment card to pay through phone: 1-855-712-5888 ]]></description>
        <styleUrl>#poly-4186F0-605-255</styleUrl>
        <Polygon>
          <outerBoundaryIs>
            <LinearRing>
              <tessellate>1</tessellate>
              <coordinates>
                -113.5045601,53.5477406,0
                -113.5045602,53.5476775,0
                -113.5031871,53.5476774,0
                -113.5031881,53.5477415,0
                -113.5045601,53.5477406,0
              </coordinates>
            </LinearRing>
          </outerBoundaryIs>
        </Polygon>
      </Placemark>
      <Placemark>
        <name>4040</name>
        <description><![CDATA[10 Stalls<br>Rate: $2.00 / HR M to F; $1.00 / HR Sat to Sun<br>2 Hours Max<br>Hours of Operation<br>08:00 to 21:00 M to Sat (see exceptions below) 2 Hours Max<br><br>Event Rates:<br>Rate $3.50 / HR<br>5 Hours Max<br><br>On Non-event Nights:<br>No Pay 21:00 to 08:00<br><br>How to pay for parking?<br>Scanning QR codes<br>Pay online on the parking webpage: https://hotspotparking.com/users/products/edmontonparking <br>Download Hotspot Parking Transit Taxis app through Google Play or Apple Store. Create an account and pay through the app.<br>Create a HotSpot account online and link a payment card to pay through phone: 1-855-712-5888 ]]></description>
        <styleUrl>#poly-4186F0-605-255</styleUrl>
        <Polygon>
          <outerBoundaryIs>
            <LinearRing>
              <tessellate>1</tessellate>
              <coordinates>
                -113.5027631,53.5477391,0
                -113.5027682,53.5476783,0
                -113.5017464,53.5476713,0
                -113.5017504,53.5477376,0
                -113.5027631,53.5477391,0
              </coordinates>
            </LinearRing>
          </outerBoundaryIs>
        </Polygon>
      </Placemark>
      <Placemark>
        <name>4042</name>
        <description><![CDATA[52 Stalls<br>Rate: $1.00 / HR M to F; $1.00 / HR Sat to Sun<br>2 Hours Max<br><br>Hours of Operation<br>08:00 to 21:00 M to Sat (see exceptions below)<br>10:00 to 17:00 Sun<br><br>Event Rates:<br>Rate $3.50 / HR <br>5 Hours Max<br><br>On Non-event Nights:<br>No Pay 21:00 to 08:00<br><br>How to pay for parking?<br>Scanning QR codes<br>Pay online on the parking webpage: https://hotspotparking.com/users/products/edmontonparking <br>Download Hotspot Parking Transit Taxis app through Google Play or Apple Store. Create an account and pay through the app.<br>Create a HotSpot account online and link a payment card to pay through phone: 1-855-712-5888 ]]></description>
        <styleUrl>#poly-4186F0-605-255</styleUrl>
        <Polygon>
          <outerBoundaryIs>
            <LinearRing>
              <tessellate>1</tessellate>
              <coordinates>
                -113.5028673,53.5496902,0
                -113.5028835,53.5479165,0
                -113.502754,53.5479169,0
                -113.5027507,53.5496934,0
                -113.5028673,53.5496902,0
              </coordinates>
            </LinearRing>
          </outerBoundaryIs>
        </Polygon>
      </Placemark>
      <Placemark>
        <name>4049</name>
        <description><![CDATA[25 Stalls<br>Rate: $1.00 / HR M to F; $1.00 / HR Sat to Sun<br>2 Hours Max<br><br>Hours of Operation<br>08:00 to 21:00 M to Sat (see exceptions below)<br>10:00 to 17:00 Sun<br><br>Event Rates:<br>Rate $3.50 / HR <br>5 Hours Max<br><br>On Non-event Nights:<br>No Pay 21:00 to 08:00<br><br>How to pay for parking?<br>Scanning QR codes<br>Pay online on the parking webpage: https://hotspotparking.com/users/products/edmontonparking <br>Download Hotspot Parking Transit Taxis app through Google Play or Apple Store. Create an account and pay through the app.<br>Create a HotSpot account online and link a payment card to pay through phone: 1-855-712-5888 ]]></description>
        <styleUrl>#poly-4186F0-605-255</styleUrl>
        <Polygon>
          <outerBoundaryIs>
            <LinearRing>
              <tessellate>1</tessellate>
              <coordinates>
                -113.5065505,53.5497187,0
                -113.5065438,53.548439,0
                -113.5064203,53.5484382,0
                -113.5064257,53.5497187,0
                -113.5065505,53.5497187,0
              </coordinates>
            </LinearRing>
          </outerBoundaryIs>
        </Polygon>
      </Placemark>
      <Placemark>
        <name>4051</name>
        <description><![CDATA[8 Stalls<br>Rate: $1.00 / HR M to F; $1.00 / HR Sat to Sun<br>2 Hours Max<br><br>Hours of Operation<br>08:00 to 21:00 M to Sat (see exceptions below)<br>10:00 to 17:00 Sun<br><br>Event Rates:<br>Rate $3.50 / HR <br>5 Hours Max<br><br>On Non-event Nights:<br>No Pay 21:00 to 08:00<br><br>How to pay for parking?<br>Scanning QR codes<br>Pay online on the parking webpage: https://hotspotparking.com/users/products/edmontonparking <br>Download Hotspot Parking Transit Taxis app through Google Play or Apple Store. Create an account and pay through the app.<br>Create a HotSpot account online and link a payment card to pay through phone: 1-855-712-5888 ]]></description>
        <styleUrl>#poly-4186F0-605-255</styleUrl>
        <Polygon>
          <outerBoundaryIs>
            <LinearRing>
              <tessellate>1</tessellate>
              <coordinates>
                -113.5049615,53.5497267,0
                -113.5049642,53.5488646,0
                -113.5048421,53.5488654,0
                -113.5048448,53.5497283,0
                -113.5049615,53.5497267,0
              </coordinates>
            </LinearRing>
          </outerBoundaryIs>
        </Polygon>
      </Placemark>
      <Placemark>
        <name>4052 -  47 stalls available. </name>
        <description><![CDATA[47 Stalls<br>Rate: $1.00 / HR M to F; $1.00 / HR Sat to Sun<br>2 Hours Max<br><br>Hours of Operation<br>08:00 to 21:00 M to Sat (see exceptions below)<br>10:00 to 17:00 Sun<br><br>Event Rates:<br>Rate $3.50 / HR <br>5 Hours Max<br><br>On Non-event Nights:<br>No Pay 21:00 to 08:00<br><br>How to pay for parking?<br>Scanning QR codes<br>Pay online on the parking webpage: https://hotspotparking.com/users/products/edmontonparking <br>Download Hotspot Parking Transit Taxis app through Google Play or Apple Store. Create an account and pay through the app.<br>Create a HotSpot account online and link a payment card to pay through phone: 1-855-712-5888 ]]></description>
        <styleUrl>#poly-4186F0-605-255</styleUrl>
        <Polygon>
          <outerBoundaryIs>
            <LinearRing>
              <tessellate>1</tessellate>
              <coordinates>
                -113.5047038,53.5496946,0
                -113.5046823,53.5483624,0
                -113.5045268,53.5483656,0
                -113.504559,53.5497042,0
                -113.5047038,53.5496946,0
              </coordinates>
            </LinearRing>
          </outerBoundaryIs>
        </Polygon>
      </Placemark>
      <Placemark>
        <name>4053</name>
        <description><![CDATA[44 Stalls<br>Rate: $1.00 / HR M to F; $1.00 / HR Sat to Sun<br>2 Hours Max<br><br>Hours of Operation<br>08:00 to 21:00 M to Sat (see exceptions below)<br>10:00 to 17:00 Sun<br><br>Event Rates:<br>Rate $3.50 / HR <br>5 Hours Max<br><br>On Non-event Nights:<br>No Pay 21:00 to 08:00<br><br>How to pay for parking?<br>Scanning QR codes<br>Pay online on the parking webpage: https://hotspotparking.com/users/products/edmontonparking <br>Download Hotspot Parking Transit Taxis app through Google Play or Apple Store. Create an account and pay through the app.<br>Create a HotSpot account online and link a payment card to pay through phone: 1-855-712-5888 ]]></description>
        <styleUrl>#poly-4186F0-605-255</styleUrl>
        <Polygon>
          <outerBoundaryIs>
            <LinearRing>
              <tessellate>1</tessellate>
              <coordinates>
                -113.5031207,53.5497104,0
                -113.5031328,53.548712,0
                -113.5029839,53.5487104,0
                -113.5029866,53.5497088,0
                -113.5031207,53.5497104,0
              </coordinates>
            </LinearRing>
          </outerBoundaryIs>
        </Polygon>
      </Placemark>
      <Placemark>
        <name>4055</name>
        <description><![CDATA[22 Stalls<br>Rate: $1.00 / HR M to F; $1.00 / HR Sat to Sun<br>2 Hours Max<br><br>Hours of Operation<br>08:00 to 21:00 M to Sat (see exceptions below)<br>10:00 to 17:00 Sun<br><br>Event Rates:<br>Rate $3.50 / HR <br>5 Hours Max<br><br>On Non-event Nights:<br>No Pay 21:00 to 08:00<br><br>How to pay for parking?<br>Scanning QR codes<br>Pay online on the parking webpage: https://hotspotparking.com/users/products/edmontonparking <br>Download Hotspot Parking Transit Taxis app through Google Play or Apple Store. Create an account and pay through the app.<br>Create a HotSpot account online and link a payment card to pay through phone: 1-855-712-5888 ]]></description>
        <styleUrl>#poly-4186F0-605-255</styleUrl>
        <Polygon>
          <outerBoundaryIs>
            <LinearRing>
              <tessellate>1</tessellate>
              <coordinates>
                -113.5067838,53.5497266,0
                -113.5067905,53.5486191,0
                -113.5066765,53.5486191,0
                -113.5066819,53.5497266,0
                -113.5067838,53.5497266,0
              </coordinates>
            </LinearRing>
          </outerBoundaryIs>
        </Polygon>
      </Placemark>
      <Placemark>
        <name>4058</name>
        <description><![CDATA[8 Stalls<br>Rate: $2.00 / HR M to F; $1.00 / HR Sat to Sun<br>5 Hours Max<br><br>Hours of Operation<br>08:00 to 21:00 M to Sat<br>10:00 to 17:00 Sun]]></description>
        <styleUrl>#poly-4186F0-605-255</styleUrl>
        <Polygon>
          <outerBoundaryIs>
            <LinearRing>
              <tessellate>1</tessellate>
              <coordinates>
                -113.4944077,53.5611134,0
                -113.4944023,53.5610657,0
                -113.4938846,53.5610657,0
                -113.4938846,53.5611134,0
                -113.4944077,53.5611134,0
              </coordinates>
            </LinearRing>
          </outerBoundaryIs>
        </Polygon>
      </Placemark>
      <Placemark>
        <name>4059</name>
        <description><![CDATA[8 Stalls<br>Rate: $2.00 / HR M to F; $1.00 / HR Sat to Sun<br>5 Hours Max<br><br>Hours of Operation<br>08:00 to 21:00 M to Sat<br>10:00 to 17:00 Sun<br><br>How to pay for parking?<br>Scanning QR codes<br>Pay online on the parking webpage: https://hotspotparking.com/users/products/edmontonparking <br>Download Hotspot Parking Transit Taxis app through Google Play or Apple Store. Create an account and pay through the app.<br>Create a HotSpot account online and link a payment card to pay through phone: 1-855-712-5888 ]]></description>
        <styleUrl>#poly-4186F0-605-255</styleUrl>
        <Polygon>
          <outerBoundaryIs>
            <LinearRing>
              <tessellate>1</tessellate>
              <coordinates>
                -113.4944828,53.5610131,0
                -113.494472,53.5609589,0
                -113.4938176,53.5609621,0
                -113.4938176,53.5610147,0
                -113.4944828,53.5610131,0
              </coordinates>
            </LinearRing>
          </outerBoundaryIs>
        </Polygon>
      </Placemark>
      <Placemark>
        <name>5001</name>
        <description><![CDATA[5 Stalls<br>Rate: $2.00 / HR M to F; $1.00 / HR Sat to Sun <br>2 Hours Max<br><br>Hours of Operation<br>08:00 to 21:00 M to Sat<br>10:00 to 17:00 Sun<br><br>How to pay for parking?<br>Scanning QR codes<br>Pay online on the parking webpage:https://hotspotparking.com/users/products/edmontonparking <br>Download Hotspot Parking Transit Taxis app through Google Play or Apple Store. Create an account and pay through the app.<br>Create a HotSpot account online and link a payment card to pay through phone: 1-855-712-5888 ]]></description>
        <styleUrl>#poly-4186F0-605-255</styleUrl>
        <Polygon>
          <outerBoundaryIs>
            <LinearRing>
              <tessellate>1</tessellate>
              <coordinates>
                -113.4978021,53.5188033,0
                -113.4978008,53.5184359,0
                -113.497718,53.5184361,0
                -113.4977196,53.5188042,0
                -113.4978021,53.5188033,0
              </coordinates>
            </LinearRing>
          </outerBoundaryIs>
        </Polygon>
      </Placemark>
      <Placemark>
        <name>5002</name>
        <description><![CDATA[12 Stalls<br>Rate: $2.00 / HR M to F; $1.00 / HR Sat to Sun <br>2 Hours Max<br><br>Hours of Operation<br>08:00 to 21:00 M to Sat<br>10:00 to 17:00 Sun<br><br>How to pay for parking?<br>Scanning QR codes<br>Pay online on the parking webpage:https://hotspotparking.com/users/products/edmontonparking <br>Download Hotspot Parking Transit Taxis app through Google Play or Apple Store. Create an account and pay through the app.<br>Create a HotSpot account online and link a payment card to pay through phone: 1-855-712-5888 ]]></description>
        <styleUrl>#poly-4186F0-605-255</styleUrl>
        <Polygon>
          <outerBoundaryIs>
            <LinearRing>
              <tessellate>1</tessellate>
              <coordinates>
                -113.5002918,53.5182118,0
                -113.5002925,53.5181565,0
                -113.4985099,53.5181621,0
                -113.4985129,53.5182187,0
                -113.5002918,53.5182118,0
              </coordinates>
            </LinearRing>
          </outerBoundaryIs>
        </Polygon>
      </Placemark>
      <Placemark>
        <name>5003</name>
        <description><![CDATA[5 Stalls<br>Rate: $2.00 / HR M to F; $1.00 / HR Sat to Sun <br>2 Hours Max<br><br>Hours of Operation<br>08:00 to 21:00 M to Sat<br>10:00 to 17:00 Sun<br><br>How to pay for parking?<br>Scanning QR codes<br>Pay online on the parking webpage:https://hotspotparking.com/users/products/edmontonparking <br>Download Hotspot Parking Transit Taxis app through Google Play or Apple Store. Create an account and pay through the app.<br>Create a HotSpot account online and link a payment card to pay through phone: 1-855-712-5888 ]]></description>
        <styleUrl>#poly-4186F0-605-255</styleUrl>
        <Polygon>
          <outerBoundaryIs>
            <LinearRing>
              <tessellate>1</tessellate>
              <coordinates>
                -113.5004038,53.518591,0
                -113.5004039,53.5182791,0
                -113.500328,53.518281,0
                -113.5003329,53.5185924,0
                -113.5004038,53.518591,0
              </coordinates>
            </LinearRing>
          </outerBoundaryIs>
        </Polygon>
      </Placemark>
      <Placemark>
        <name>5004</name>
        <description><![CDATA[7 Stalls<br>Rate: $2.00 / HR M to F; $1.00 / HR Sat to Sun <br>2 Hours Max<br><br>Hours of Operation<br>08:00 to 21:00 M to Sat<br>10:00 to 17:00 Sun<br><br>How to pay for parking?<br>Scanning QR codes<br>Pay online on the parking webpage:https://hotspotparking.com/users/products/edmontonparking <br>Download Hotspot Parking Transit Taxis app through Google Play or Apple Store. Create an account and pay through the app.<br>Create a HotSpot account online and link a payment card to pay through phone: 1-855-712-5888 ]]></description>
        <styleUrl>#poly-4186F0-605-255</styleUrl>
        <Polygon>
          <outerBoundaryIs>
            <LinearRing>
              <tessellate>1</tessellate>
              <coordinates>
                -113.4995596,53.5190642,0
                -113.4995576,53.5190028,0
                -113.4987451,53.5190006,0
                -113.4987485,53.5190636,0
                -113.4995596,53.5190642,0
              </coordinates>
            </LinearRing>
          </outerBoundaryIs>
        </Polygon>
      </Placemark>
      <Placemark>
        <name>5006</name>
        <description><![CDATA[23 Stalls<br>Rate: $2.00 / HR M to F; $1.00 / HR Sat to Sun <br>2 Hours Max<br><br>Hours of Operation<br>08:00 to 21:00 M to Sat<br>10:00 to 17:00 Sun<br><br>How to pay for parking?<br>Scanning QR codes<br>Pay online on the parking webpage:https://hotspotparking.com/users/products/edmontonparking <br>Download Hotspot Parking Transit Taxis app through Google Play or Apple Store. Create an account and pay through the app.<br>Create a HotSpot account online and link a payment card to pay through phone: 1-855-712-5888 ]]></description>
        <styleUrl>#poly-4186F0-605-255</styleUrl>
        <Polygon>
          <outerBoundaryIs>
            <LinearRing>
              <tessellate>1</tessellate>
              <coordinates>
                -113.5033449,53.5182132,0
                -113.5033476,53.5181661,0
                -113.5005371,53.5181713,0
                -113.5005351,53.518585,0
                -113.5006157,53.5185842,0
                -113.5006132,53.5182115,0
                -113.5033449,53.5182132,0
              </coordinates>
            </LinearRing>
          </outerBoundaryIs>
        </Polygon>
      </Placemark>
      <Placemark>
        <name>5010</name>
        <description><![CDATA[9 Stalls<br>Rate: $2.00 / HR M to F; $1.00 / HR Sat to Sun <br>2 Hours Max<br><br>Hours of Operation<br>08:00 to 21:00 M to Sat<br>10:00 to 17:00 Sun<br><br>How to pay for parking?<br>Scanning QR codes<br>Pay online on the parking webpage:https://hotspotparking.com/users/products/edmontonparking <br>Download Hotspot Parking Transit Taxis app through Google Play or Apple Store. Create an account and pay through the app.<br>Create a HotSpot account online and link a payment card to pay through phone: 1-855-712-5888 ]]></description>
        <styleUrl>#poly-4186F0-605-255</styleUrl>
        <Polygon>
          <outerBoundaryIs>
            <LinearRing>
              <tessellate>1</tessellate>
              <coordinates>
                -113.4975842,53.5190532,0
                -113.4975896,53.5186225,0
                -113.4974816,53.5186234,0
                -113.4974737,53.5189953,0
                -113.4967581,53.5189965,0
                -113.496757,53.5190565,0
                -113.4975842,53.5190532,0
              </coordinates>
            </LinearRing>
          </outerBoundaryIs>
        </Polygon>
      </Placemark>
      <Placemark>
        <name>5011
</name>
        <description><![CDATA[17 Stalls<br>Rate: $2.00 / HR M to F; $1.00 / HR Sat to Sun <br>2 Hours Max<br><br>Hours of Operation<br>08:00 to 21:00 M to Sat<br>10:00 to 17:00 Sun<br><br>How to pay for parking?<br>Scanning QR codes<br>Pay online on the parking webpage:https://hotspotparking.com/users/products/edmontonparking <br>Download Hotspot Parking Transit Taxis app through Google Play or Apple Store. Create an account and pay through the app.<br>Create a HotSpot account online and link a payment card to pay through phone: 1-855-712-5888 ]]></description>
        <styleUrl>#poly-4186F0-605-255</styleUrl>
        <Polygon>
          <outerBoundaryIs>
            <LinearRing>
              <tessellate>1</tessellate>
              <coordinates>
                -113.4973254,53.518159,0
                -113.4954452,53.5181568,0
                -113.4954491,53.5182159,0
                -113.497328,53.5182182,0
                -113.4973254,53.518159,0
              </coordinates>
            </LinearRing>
          </outerBoundaryIs>
        </Polygon>
      </Placemark>
      <Placemark>
        <name>5012 - permanently closed</name>
        <description><![CDATA[9 Stalls<br>Rate: $2.00 / HR M to F<br>Hours of Operation<br>2 Hours Max<br>08:00 to 21:00 M to Fri<br>Sat to Sun - 5 minute passenger loading zone<br>       - 15 minute commercial loading zone<br><br>How to pay for parking?<br>Scanning QR codes<br>Pay online on the parking webpage:https://hotspotparking.com/users/products/edmontonparking <br>Download Hotspot Parking Transit Taxis app through Google Play or Apple Store. Create an account and pay through the app.<br>Create a HotSpot account online and link a payment card to pay through phone: 1-855-712-5888 ]]></description>
        <styleUrl>#poly-4186F0-605-255</styleUrl>
        <Polygon>
          <outerBoundaryIs>
            <LinearRing>
              <tessellate>1</tessellate>
              <coordinates>
                -113.4953516,53.5197734,0
                -113.4952679,53.5191931,0
                -113.4951804,53.5191989,0
                -113.4952772,53.5197777,0
                -113.4953516,53.5197734,0
              </coordinates>
            </LinearRing>
          </outerBoundaryIs>
        </Polygon>
      </Placemark>
      <Placemark>
        <name>5013</name>
        <description><![CDATA[33 Stalls<br>Rate: $2.00 / HR M to F; $1.00 / HR Sat to Sun No Max<br><br>Hours of Operation<br>08:00 to 21:00 M to Sat<br>10:00 to 17:00 Sun<br><br>How to pay for parking?<br>Scanning QR codes<br>Pay online on the parking webpage:https://hotspotparking.com/users/products/edmontonparking <br>Download Hotspot Parking Transit Taxis app through Google Play or Apple Store. Create an account and pay through the app.<br>Create a HotSpot account online and link a payment card to pay through phone: 1-855-712-5888 ]]></description>
        <styleUrl>#poly-4186F0-605-255</styleUrl>
        <Polygon>
          <outerBoundaryIs>
            <LinearRing>
              <tessellate>1</tessellate>
              <coordinates>
                -113.4948845,53.5189507,0
                -113.4948182,53.5184775,0
                -113.4945777,53.518438,0
                -113.4946688,53.5189643,0
                -113.4948845,53.5189507,0
              </coordinates>
            </LinearRing>
          </outerBoundaryIs>
        </Polygon>
      </Placemark>
      <Placemark>
        <name>5013</name>
        <description><![CDATA[4 Stalls<br>Rate: $2.00 / HR M to F; $1.00 / HR Sat to Sun <br>2 Hours Max<br><br>Hours of Operation<br>08:00 to 21:00 M to Sat<br>10:00 to 17:00 Sun<br><br>How to pay for parking?<br>Scanning QR codes<br>Pay online on the parking webpage:https://hotspotparking.com/users/products/edmontonparking <br>Download Hotspot Parking Transit Taxis app through Google Play or Apple Store. Create an account and pay through the app.<br>Create a HotSpot account online and link a payment card to pay through phone: 1-855-712-5888 ]]></description>
        <styleUrl>#poly-4186F0-605-255</styleUrl>
        <Polygon>
          <outerBoundaryIs>
            <LinearRing>
              <tessellate>1</tessellate>
              <coordinates>
                -113.4949923,53.5188981,0
                -113.4949525,53.5186421,0
                -113.4948548,53.5186483,0
                -113.4948878,53.518898,0
                -113.4949923,53.5188981,0
              </coordinates>
            </LinearRing>
          </outerBoundaryIs>
        </Polygon>
      </Placemark>
      <Placemark>
        <name>5014</name>
        <description><![CDATA[12 Stalls<br>Rate: $2.00 / HR M to F; $1.00 / HR Sat to Sun <br>2 Hours Max<br><br>Hours of Operation<br>08:00 to 21:00 M to Sat<br>10:00 to 17:00 Sun<br><br>How to pay for parking?<br>Scanning QR codes<br>Pay online on the parking webpage:https://hotspotparking.com/users/products/edmontonparking <br>Download Hotspot Parking Transit Taxis app through Google Play or Apple Store. Create an account and pay through the app.<br>Create a HotSpot account online and link a payment card to pay through phone: 1-855-712-5888 ]]></description>
        <styleUrl>#poly-4186F0-605-255</styleUrl>
        <Polygon>
          <outerBoundaryIs>
            <LinearRing>
              <tessellate>1</tessellate>
              <coordinates>
                -113.493429,53.5182239,0
                -113.4934244,53.5181578,0
                -113.4917979,53.5181474,0
                -113.4918002,53.518221,0
                -113.493429,53.5182239,0
              </coordinates>
            </LinearRing>
          </outerBoundaryIs>
        </Polygon>
      </Placemark>
      <Placemark>
        <name>5015</name>
        <description><![CDATA[15 Stalls<br>Rate: $2.00 / HR M to F; $1.00 / HR Sat to Sun <br>2 Hours Max<br><br>Hours of Operation<br>08:00 to 21:00 M to Sat<br>10:00 to 17:00 Sun<br><br>How to pay for parking?<br>Scanning QR codes<br>Pay online on the parking webpage:https://hotspotparking.com/users/products/edmontonparking <br>Download Hotspot Parking Transit Taxis app through Google Play or Apple Store. Create an account and pay through the app.<br>Create a HotSpot account online and link a payment card to pay through phone: 1-855-712-5888 ]]></description>
        <styleUrl>#poly-4186F0-605-255</styleUrl>
        <Polygon>
          <outerBoundaryIs>
            <LinearRing>
              <tessellate>1</tessellate>
              <coordinates>
                -113.4910539,53.5182067,0
                -113.4910522,53.5181434,0
                -113.4890695,53.5181502,0
                -113.4890736,53.5182189,0
                -113.4910539,53.5182067,0
              </coordinates>
            </LinearRing>
          </outerBoundaryIs>
        </Polygon>
      </Placemark>
      <Placemark>
        <name>5018</name>
        <description><![CDATA[10 Stalls<br>Rate: $2.00 / HR M to F; $1.00 / HR Sat to Sun <br>2 Hours Max<br><br>Hours of Operation<br>08:00 to 21:00 M to Sat<br>10:00 to 17:00 Sun<br><br>How to pay for parking?<br>Scanning QR codes<br>Pay online on the parking webpage:https://hotspotparking.com/users/products/edmontonparking <br>Download Hotspot Parking Transit Taxis app through Google Play or Apple Store. Create an account and pay through the app.<br>Create a HotSpot account online and link a payment card to pay through phone: 1-855-712-5888 ]]></description>
        <styleUrl>#poly-4186F0-605-255</styleUrl>
        <Polygon>
          <outerBoundaryIs>
            <LinearRing>
              <tessellate>1</tessellate>
              <coordinates>
                -113.4973712,53.5199603,0
                -113.49672,53.5199585,0
                -113.4967247,53.5200786,0
                -113.4973726,53.5200786,0
                -113.4973712,53.5199603,0
              </coordinates>
            </LinearRing>
          </outerBoundaryIs>
        </Polygon>
      </Placemark>
      <Placemark>
        <name>5020 </name>
        <description><![CDATA[8 Stalls<br>Rate: $2.00 / HR M to F; $1.00 / HR Sat to Sun <br>2 Hours Max<br><br>Hours of Operation<br>08:00 to 21:00 M to Sat<br>10:00 to 17:00 Sun<br><br>How to pay for parking?<br>Scanning QR codes<br>Pay online on the parking webpage:https://hotspotparking.com/users/products/edmontonparking <br>Download Hotspot Parking Transit Taxis app through Google Play or Apple Store. Create an account and pay through the app.<br>Create a HotSpot account online and link a payment card to pay through phone: 1-855-712-5888 ]]></description>
        <styleUrl>#poly-4186F0-605-255</styleUrl>
        <Polygon>
          <outerBoundaryIs>
            <LinearRing>
              <tessellate>1</tessellate>
              <coordinates>
                -113.4975757,53.517856,0
                -113.497579,53.5172943,0
                -113.4975132,53.517294,0
                -113.4975022,53.5178556,0
                -113.4975757,53.517856,0
              </coordinates>
            </LinearRing>
          </outerBoundaryIs>
        </Polygon>
      </Placemark>
      <Placemark>
        <name>5021</name>
        <description><![CDATA[15 Stalls<br>Rate: $2.00 / HR M to F; $1.00 / HR Sat to Sun<br>Hours of Operation<br>2 Hours Max<br>08:00 to 21:00 M to Sat<br><br>How to pay for parking?<br>Scanning QR codes<br>Pay online on the parking webpage:https://hotspotparking.com/users/products/edmontonparking <br>Download Hotspot Parking Transit Taxis app through Google Play or Apple Store. Create an account and pay through the app.<br>Create a HotSpot account online and link a payment card to pay through phone: 1-855-712-5888 ]]></description>
        <styleUrl>#poly-4186F0-605-255</styleUrl>
        <Polygon>
          <outerBoundaryIs>
            <LinearRing>
              <tessellate>1</tessellate>
              <coordinates>
                -113.4969078,53.5180074,0
                -113.4969052,53.5179615,0
                -113.4951172,53.5179502,0
                -113.4951168,53.5180054,0
                -113.4969078,53.5180074,0
              </coordinates>
            </LinearRing>
          </outerBoundaryIs>
        </Polygon>
      </Placemark>
      <Placemark>
        <name>5022 - Permanently Closed</name>
        <description><![CDATA[7 Stalls<br>Rate: $2.00 / HR M to F; $1.00 / HR Sat to Sun <br>2 Hours Max<br><br>Hours of Operation<br>08:00 to 21:00 M to Sat<br>10:00 to 17:00 Sun<br><br>How to pay for parking?<br>Scanning QR codes<br>Pay online on the parking webpage:https://hotspotparking.com/users/products/edmontonparking <br>Download Hotspot Parking Transit Taxis app through Google Play or Apple Store. Create an account and pay through the app.<br>Create a HotSpot account online and link a payment card to pay through phone: 1-855-712-5888 ]]></description>
        <styleUrl>#poly-4186F0-605-255</styleUrl>
        <Polygon>
          <outerBoundaryIs>
            <LinearRing>
              <tessellate>1</tessellate>
              <coordinates>
                -113.4950394,53.5177524,0
                -113.4949611,53.5172555,0
                -113.4948798,53.5172611,0
                -113.4949579,53.5177594,0
                -113.4950394,53.5177524,0
              </coordinates>
            </LinearRing>
          </outerBoundaryIs>
        </Polygon>
      </Placemark>
      <Placemark>
        <name>5023</name>
        <description><![CDATA[15 Stalls<br>Rate: $2.00 / HR M to F; $1.00 / HR Sat to Sun <br>2 Hours Max<br><br>Hours of Operation<br>08:00 to 21:00 M to Sat<br>10:00 to 17:00 Sun<br><br>How to pay for parking?<br>Scanning QR codes<br>Pay online on the parking webpage:https://hotspotparking.com/users/products/edmontonparking <br>Download Hotspot Parking Transit Taxis app through Google Play or Apple Store. Create an account and pay through the app.<br>Create a HotSpot account online and link a payment card to pay through phone: 1-855-712-5888 ]]></description>
        <styleUrl>#poly-4186F0-605-255</styleUrl>
        <Polygon>
          <outerBoundaryIs>
            <LinearRing>
              <tessellate>1</tessellate>
              <coordinates>
                -113.4932467,53.5179954,0
                -113.4932504,53.5179423,0
                -113.4915446,53.5179454,0
                -113.491548,53.5179923,0
                -113.4932467,53.5179954,0
              </coordinates>
            </LinearRing>
          </outerBoundaryIs>
        </Polygon>
      </Placemark>
      <Placemark>
        <name>5024</name>
        <description><![CDATA[9 Stalls<br>Rate: $2.00 / HR M to F; $1.00 / HR Sat to Sun <br>2 Hours Max<br><br>Hours of Operation<br>08:00 to 21:00 M to Sat<br>10:00 to 17:00 Sun<br><br>How to pay for parking?<br>Scanning QR codes<br>Pay online on the parking webpage:https://hotspotparking.com/users/products/edmontonparking <br>Download Hotspot Parking Transit Taxis app through Google Play or Apple Store. Create an account and pay through the app.<br>Create a HotSpot account online and link a payment card to pay through phone: 1-855-712-5888 ]]></description>
        <styleUrl>#poly-4186F0-605-255</styleUrl>
        <Polygon>
          <outerBoundaryIs>
            <LinearRing>
              <tessellate>1</tessellate>
              <coordinates>
                -113.4906116,53.5179946,0
                -113.4906058,53.5179393,0
                -113.4890893,53.5179309,0
                -113.4890937,53.5179956,0
                -113.4906116,53.5179946,0
              </coordinates>
            </LinearRing>
          </outerBoundaryIs>
        </Polygon>
      </Placemark>
      <Placemark>
        <name>5031-Temporarily Closed</name>
        <description><![CDATA[8 Stalls<br>Rate: $2.00 / HR M to F; $1.00 / HR Sat to Sun <br>2 Hours Max<br><br>Hours of Operation<br>08:00 to 21:00 M to Sat<br>10:00 to 17:00 Sun<br><br>How to pay for parking?<br>Scanning QR codes<br>Pay online on the parking webpage:https://hotspotparking.com/users/products/edmontonparking <br>Download Hotspot Parking Transit Taxis app through Google Play or Apple Store. Create an account and pay through the app.<br>Create a HotSpot account online and link a payment card to pay through phone: 1-855-712-5888 ]]></description>
        <styleUrl>#poly-4186F0-605-255</styleUrl>
        <Polygon>
          <outerBoundaryIs>
            <LinearRing>
              <tessellate>1</tessellate>
              <coordinates>
                -113.50043,53.5170115,0
                -113.500451,53.516264,0
                -113.5003134,53.5162643,0
                -113.5003064,53.5170127,0
                -113.50043,53.5170115,0
              </coordinates>
            </LinearRing>
          </outerBoundaryIs>
        </Polygon>
      </Placemark>
      <Placemark>
        <name>5033 </name>
        <description><![CDATA[5 Stalls<br>Rate: $2.00 / HR M to F; $1.00 / HR Sat to Sun <br>2 Hours Max<br><br>Hours of Operation<br>08:00 to 21:00 M to Sat<br>10:00 to 17:00 Sun<br><br>How to pay for parking?<br>Scanning QR codes<br>Pay online on the parking webpage:https://hotspotparking.com/users/products/edmontonparking <br>Download Hotspot Parking Transit Taxis app through Google Play or Apple Store. Create an account and pay through the app.<br>Create a HotSpot account online and link a payment card to pay through phone: 1-855-712-5888 ]]></description>
        <styleUrl>#poly-4186F0-605-255</styleUrl>
        <Polygon>
          <outerBoundaryIs>
            <LinearRing>
              <tessellate>1</tessellate>
              <coordinates>
                -113.5006156,53.5175352,0
                -113.5006169,53.5171849,0
                -113.5005332,53.5171853,0
                -113.500535,53.517532,0
                -113.5006156,53.5175352,0
              </coordinates>
            </LinearRing>
          </outerBoundaryIs>
        </Polygon>
      </Placemark>
      <Placemark>
        <name>5034</name>
        <description><![CDATA[22 Stalls<br>Rate: $2.00 / HR M to F; $1.00 / HR Sat to Sun<br>Hours of Operation<br>2 Hours Max<br>08:00 to 21:00 M to Sat<br><br>How to pay for parking?<br>Scanning QR codes<br>Pay online on the parking webpage:https://hotspotparking.com/users/products/edmontonparking <br>Download Hotspot Parking Transit Taxis app through Google Play or Apple Store. Create an account and pay through the app.<br>Create a HotSpot account online and link a payment card to pay through phone: 1-855-712-5888 ]]></description>
        <styleUrl>#poly-4186F0-605-255</styleUrl>
        <Polygon>
          <outerBoundaryIs>
            <LinearRing>
              <tessellate>1</tessellate>
              <coordinates>
                -113.5034323,53.5180304,0
                -113.5034326,53.517592,0
                -113.5033431,53.5175908,0
                -113.5033455,53.5179556,0
                -113.501218,53.5179659,0
                -113.501222,53.5180316,0
                -113.5034323,53.5180304,0
              </coordinates>
            </LinearRing>
          </outerBoundaryIs>
        </Polygon>
      </Placemark>
      <Placemark>
        <name>5036</name>
        <description><![CDATA[4 Stalls<br>Rate: $2.00 / HR M to F; $1.00 / HR Sat to Sun <br>2 Hours Max<br><br>Hours of Operation<br>08:00 to 21:00 M to Sat<br>10:00 to 17:00 Sun<br><br>How to pay for parking?<br>Scanning QR codes<br>Pay online on the parking webpage:https://hotspotparking.com/users/products/edmontonparking <br>Download Hotspot Parking Transit Taxis app through Google Play or Apple Store. Create an account and pay through the app.<br>Create a HotSpot account online and link a payment card to pay through phone: 1-855-712-5888 ]]></description>
        <styleUrl>#poly-4186F0-605-255</styleUrl>
        <Polygon>
          <outerBoundaryIs>
            <LinearRing>
              <tessellate>1</tessellate>
              <coordinates>
                -113.5035382,53.5179291,0
                -113.5036294,53.5179291,0
                -113.5036294,53.5175814,0
                -113.5035436,53.5175846,0
                -113.5035382,53.5179291,0
              </coordinates>
            </LinearRing>
          </outerBoundaryIs>
        </Polygon>
      </Placemark>
      <Placemark>
        <name>5037</name>
        <description><![CDATA[17 Stalls<br>Rate: $2.00 / HR M to F; $1.00 / HR Sat to Sun <br>2 Hours Max<br><br>Hours of Operation<br>08:00 to 21:00 M to Sat<br>10:00 to 17:00 Sun<br><br>How to pay for parking?<br>Scanning QR codes<br>Pay online on the parking webpage:https://hotspotparking.com/users/products/edmontonparking <br>Download Hotspot Parking Transit Taxis app through Google Play or Apple Store. Create an account and pay through the app.<br>Create a HotSpot account online and link a payment card to pay through phone: 1-855-712-5888 ]]></description>
        <styleUrl>#poly-4186F0-605-255</styleUrl>
        <Polygon>
          <outerBoundaryIs>
            <LinearRing>
              <tessellate>1</tessellate>
              <coordinates>
                -113.5002879,53.5171789,0
                -113.5002872,53.5171258,0
                -113.4979161,53.5171196,0
                -113.4979164,53.5171681,0
                -113.5002879,53.5171789,0
              </coordinates>
            </LinearRing>
          </outerBoundaryIs>
        </Polygon>
      </Placemark>
      <Placemark>
        <name>5038</name>
        <description><![CDATA[33 Stalls<br>Rate: $2.00 / HR M to F; $1.00 / HR Sat to Sun <br>2 Hours Max<br><br>Hours of Operation<br>08:00 to 21:00 M to Sat<br>10:00 to 17:00 Sun<br><br>How to pay for parking?<br>Scanning QR codes<br>Pay online on the parking webpage:https://hotspotparking.com/users/products/edmontonparking <br>Download Hotspot Parking Transit Taxis app through Google Play or Apple Store. Create an account and pay through the app.<br>Create a HotSpot account online and link a payment card to pay through phone: 1-855-712-5888 ]]></description>
        <styleUrl>#poly-4186F0-605-255</styleUrl>
        <Polygon>
          <outerBoundaryIs>
            <LinearRing>
              <tessellate>1</tessellate>
              <coordinates>
                -113.5002899,53.5170764,0
                -113.5002928,53.5170102,0
                -113.4978366,53.5170018,0
                -113.497841,53.5170748,0
                -113.5002899,53.5170764,0
              </coordinates>
            </LinearRing>
          </outerBoundaryIs>
        </Polygon>
      </Placemark>
      <Placemark>
        <name>5039</name>
        <description><![CDATA[3 Stalls<br>Rate: $2.00 / HR M to F; $1.00 / HR Sat to Sun <br>2 Hours Max<br><br>Hours of Operation<br>08:00 to 21:00 M to Sat<br>10:00 to 17:00 Sun<br><br>How to pay for parking?<br>Scanning QR codes<br>Pay online on the parking webpage:https://hotspotparking.com/users/products/edmontonparking <br>Download Hotspot Parking Transit Taxis app through Google Play or Apple Store. Create an account and pay through the app.<br>Create a HotSpot account online and link a payment card to pay through phone: 1-855-712-5888 ]]></description>
        <styleUrl>#poly-4186F0-605-255</styleUrl>
        <Polygon>
          <outerBoundaryIs>
            <LinearRing>
              <tessellate>1</tessellate>
              <coordinates>
                -113.4997528,53.5180365,0
                -113.4997477,53.5179639,0
                -113.4993939,53.5179615,0
                -113.4993969,53.5180343,0
                -113.4997528,53.5180365,0
              </coordinates>
            </LinearRing>
          </outerBoundaryIs>
        </Polygon>
      </Placemark>
      <Placemark>
        <name>5040</name>
        <description><![CDATA[12 Stalls<br>Rate: $2.00 / HR M to F; $1.00 / HR Sat to Sun <br>2 Hours Max<br><br>Hours of Operation<br>08:00 to 21:00 M to Sat<br>10:00 to 17:00 Sun<br><br>How to pay for parking?<br>Scanning QR codes<br>Pay online on the parking webpage: https://hotspotparking.com/users/products/edmontonparking <br>Download Hotspot Parking Transit Taxis app through Google Play or Apple Store. Create an account and pay through the app.<br>Create a HotSpot account online and link a payment card to pay through phone: 1-855-712-5888 ]]></description>
        <styleUrl>#poly-4186F0-605-255</styleUrl>
        <Polygon>
          <outerBoundaryIs>
            <LinearRing>
              <tessellate>1</tessellate>
              <coordinates>
                -113.505681,53.5181696,0
                -113.5039613,53.5181601,0
                -113.5039639,53.5182225,0
                -113.5056811,53.5182263,0
                -113.505681,53.5181696,0
              </coordinates>
            </LinearRing>
          </outerBoundaryIs>
        </Polygon>
      </Placemark>
      <Placemark>
        <name>5041</name>
        <description><![CDATA[18 Stalls<br>Rate: $2.00 / HR M to F; $1.00 / HR Sat to Sun <br>2 Hours Max<br><br>Hours of Operation<br>08:00 to 21:00 M to Sat<br>10:00 to 17:00 Sun<br><br>How to pay for parking?<br>Scanning QR codes<br>Pay online on the parking webpage: https://hotspotparking.com/users/products/edmontonparking <br>Download Hotspot Parking Transit Taxis app through Google Play or Apple Store. Create an account and pay through the app.<br>Create a HotSpot account online and link a payment card to pay through phone: 1-855-712-5888 ]]></description>
        <styleUrl>#poly-4186F0-605-255</styleUrl>
        <Polygon>
          <outerBoundaryIs>
            <LinearRing>
              <tessellate>1</tessellate>
              <coordinates>
                -113.5090755,53.518249,0
                -113.5090748,53.518182,0
                -113.5069111,53.5181746,0
                -113.5069096,53.5182413,0
                -113.5090755,53.518249,0
              </coordinates>
            </LinearRing>
          </outerBoundaryIs>
        </Polygon>
      </Placemark>
      <Placemark>
        <name>5042</name>
        <description><![CDATA[10 Stalls<br>Rate: $2.00 / HR M to F; $1.00 / HR Sat to Sun <br>2 Hours Max<br><br>Hours of Operation<br>08:00 to 21:00 M to Sat<br>10:00 to 17:00 Sun<br><br>How to pay for parking?<br>Scanning QR codes<br>Pay online on the parking webpage: https://hotspotparking.com/users/products/edmontonparking <br>Download Hotspot Parking Transit Taxis app through Google Play or Apple Store. Create an account and pay through the app.<br>Create a HotSpot account online and link a payment card to pay through phone: 1-855-712-5888 ]]></description>
        <styleUrl>#poly-4186F0-605-255</styleUrl>
        <Polygon>
          <outerBoundaryIs>
            <LinearRing>
              <tessellate>1</tessellate>
              <coordinates>
                -113.5111834,53.5182528,0
                -113.5111841,53.5181844,0
                -113.5097629,53.518183,0
                -113.5097645,53.5182482,0
                -113.5111834,53.5182528,0
              </coordinates>
            </LinearRing>
          </outerBoundaryIs>
        </Polygon>
      </Placemark>
      <Placemark>
        <name>5045</name>
        <description><![CDATA[9 Stalls<br>Rate: $2.00 / HR M to F; $1.00 / HR Sat to Sun<br>2 Hours Max<br><br>Tow Away M to F<br>15:30 - 18:00<br><br>Hours of Operation<br>08:00 to 21:00 M to Sat<br>10:00 to 17:00 Sun<br><br>How to pay for parking?<br>Scanning QR codes<br>Pay online on the parking webpage: https://hotspotparking.com/users/products/edmontonparking <br>Download Hotspot Parking Transit Taxis app through Google Play or Apple Store. Create an account and pay through the app.<br>Create a HotSpot account online and link a payment card to pay through phone: 1-855-712-5888 ]]></description>
        <styleUrl>#poly-4186F0-605-255</styleUrl>
        <Polygon>
          <outerBoundaryIs>
            <LinearRing>
              <tessellate>1</tessellate>
              <coordinates>
                -113.5122918,53.5226814,0
                -113.5122916,53.522086,0
                -113.5122163,53.5220861,0
                -113.5122113,53.522682,0
                -113.5122918,53.5226814,0
              </coordinates>
            </LinearRing>
          </outerBoundaryIs>
        </Polygon>
      </Placemark>
      <Placemark>
        <name>5046</name>
        <description><![CDATA[15 Stalls<br>Rate: $2.00 / HR M to F; $1.00 / HR Sat to Sun <br>2 Hours Max<br><br>Hours of Operation<br>08:00 to 21:00 M to Sat<br>10:00 to 17:00 Sun<br><br>How to pay for parking?<br>Scanning QR codes<br>Pay online on the parking webpage: https://hotspotparking.com/users/products/edmontonparking <br>Download Hotspot Parking Transit Taxis app through Google Play or Apple Store. Create an account and pay through the app.<br>Create a HotSpot account online and link a payment card to pay through phone: 1-855-712-5888 ]]></description>
        <styleUrl>#poly-4186F0-605-255</styleUrl>
        <Polygon>
          <outerBoundaryIs>
            <LinearRing>
              <tessellate>1</tessellate>
              <coordinates>
                -113.512357,53.5219723,0
                -113.5123597,53.5220329,0
                -113.5132877,53.5220313,0
                -113.5132877,53.5219739,0
                -113.512357,53.5219723,0
              </coordinates>
            </LinearRing>
          </outerBoundaryIs>
        </Polygon>
      </Placemark>
      <Placemark>
        <name>5047</name>
        <description><![CDATA[4 Stalls<br>Rate: $2.00 / HR M to F; $1.00 / HR Sat to Sun <br>2 Hours Max<br><br>Hours of Operation<br>08:00 to 21:00 M to Sat<br>10:00 to 17:00 Sun<br><br>How to pay for parking?<br>Scanning QR codes<br>Pay online on the parking webpage: https://hotspotparking.com/users/products/edmontonparking <br>Download Hotspot Parking Transit Taxis app through Google Play or Apple Store. Create an account and pay through the app.<br>Create a HotSpot account online and link a payment card to pay through phone: 1-855-712-5888 ]]></description>
        <styleUrl>#poly-4186F0-605-255</styleUrl>
        <Polygon>
          <outerBoundaryIs>
            <LinearRing>
              <tessellate>1</tessellate>
              <coordinates>
                -113.5123597,53.5219308,0
                -113.5128157,53.521934,0
                -113.5128157,53.5218846,0
                -113.5123489,53.5218846,0
                -113.5123597,53.5219308,0
              </coordinates>
            </LinearRing>
          </outerBoundaryIs>
        </Polygon>
      </Placemark>
      <Placemark>
        <name>5051 Temporary Close</name>
        <description><![CDATA[15 Stalls<br>Rate: $2.00 / HR M to F; $1.00 / HR Sat to Sun <br>2 Hours Max<br><br>Hours of Operation<br>08:00 to 21:00 M to Sat<br>10:00 to 17:00 Sun<br><br>How to pay for parking?<br>Scanning QR codes<br>Pay online on the parking webpage: https://hotspotparking.com/users/products/edmontonparking <br>Download Hotspot Parking Transit Taxis app through Google Play or Apple Store. Create an account and pay through the app.<br>Create a HotSpot account online and link a payment card to pay through phone: 1-855-712-5888 ]]></description>
        <styleUrl>#poly-4186F0-605-255</styleUrl>
        <Polygon>
          <outerBoundaryIs>
            <LinearRing>
              <tessellate>1</tessellate>
              <coordinates>
                -113.5093092,53.5190075,0
                -113.5093068,53.518247,0
                -113.5091988,53.5182482,0
                -113.5092149,53.5190043,0
                -113.5093092,53.5190075,0
              </coordinates>
            </LinearRing>
          </outerBoundaryIs>
        </Polygon>
      </Placemark>
      <Placemark>
        <name>5052</name>
        <description><![CDATA[17 Stalls<br>Rate: $2.00 / HR M to F; $1.00 / HR Sat to Sun <br>2 Hours Max<br><br>Hours of Operation<br>08:00 to 21:00 M to Sat<br>10:00 to 17:00 Sun<br><br>How to pay for parking?<br>Scanning QR codes<br>Pay online on the parking webpage: https://hotspotparking.com/users/products/edmontonparking <br>Download Hotspot Parking Transit Taxis app through Google Play or Apple Store. Create an account and pay through the app.<br>Create a HotSpot account online and link a payment card to pay through phone: 1-855-712-5888 ]]></description>
        <styleUrl>#poly-4186F0-605-255</styleUrl>
        <Polygon>
          <outerBoundaryIs>
            <LinearRing>
              <tessellate>1</tessellate>
              <coordinates>
                -113.5094949,53.519001,0
                -113.5095044,53.5182763,0
                -113.5094109,53.5182739,0
                -113.5094064,53.5190024,0
                -113.5094949,53.519001,0
              </coordinates>
            </LinearRing>
          </outerBoundaryIs>
        </Polygon>
      </Placemark>
      <Placemark>
        <name>5053</name>
        <description><![CDATA[14 Stalls<br>Rate: $2.00 / HR M to F; $1.00 / HR Sat to Sun <br>2 Hours Max <br> <br>Tow Away M to F <br>07:00 - 09:00 <br><br>Hours of Operation <br>08:00 to 21:00 Mon to Sat  <br>10:00 to 17:00 Sunday<br><br> How to pay for parking?<br>Scanning QR codes<br>Pay online on the parking webpage: https://hotspotparking.com/users/products/edmontonparking <br>Download Hotspot Parking Transit Taxis app through Google Play or Apple Store. Create an account and pay through the app.<br>Create a HotSpot account online and link a payment card to pay through phone: 1-855-712-5888 ]]></description>
        <styleUrl>#poly-4186F0-605-255</styleUrl>
        <Polygon>
          <outerBoundaryIs>
            <LinearRing>
              <tessellate>1</tessellate>
              <coordinates>
                -113.5202565,53.5182896,0
                -113.5202564,53.5182038,0
                -113.5186683,53.5181949,0
                -113.5186653,53.5182846,0
                -113.5202565,53.5182896,0
              </coordinates>
            </LinearRing>
          </outerBoundaryIs>
        </Polygon>
      </Placemark>
      <Placemark>
        <name>5057</name>
        <description><![CDATA[14 Stalls<br>Rate: $2.00 / HR M to F; $1.00 / HR Sat to Sun <br>2 Hours Max<br><br>Hours of Operation<br>08:00 to 21:00 M to Sat<br>10:00 to 17:00 Sun<br><br>How to pay for parking?<br>Scanning QR codes<br>Pay online on the parking webpage:https://hotspotparking.com/users/products/edmontonparking <br>Download Hotspot Parking Transit Taxis app through Google Play or Apple Store. Create an account and pay through the app.<br>Create a HotSpot account online and link a payment card to pay through phone: 1-855-712-5888 ]]></description>
        <styleUrl>#poly-4186F0-605-255</styleUrl>
        <Polygon>
          <outerBoundaryIs>
            <LinearRing>
              <tessellate>1</tessellate>
              <coordinates>
                -113.5057555,53.5179645,0
                -113.5037201,53.5179688,0
                -113.5037225,53.5180248,0
                -113.5057551,53.5180275,0
                -113.5057555,53.5179645,0
              </coordinates>
            </LinearRing>
          </outerBoundaryIs>
        </Polygon>
      </Placemark>
      <Placemark>
        <name>5058</name>
        <description><![CDATA[17 Stalls<br>Rate: $2.00 / HR M to F; $1.00 / HR Sat to Sun <br>2 Hours Max<br><br>Hours of Operation<br>08:00 to 21:00 M to Sat<br>10:00 to 17:00 Sun<br><br>How to pay for parking?<br>Scanning QR codes<br>Pay online on the parking webpage: https://hotspotparking.com/users/products/edmontonparking <br>Download Hotspot Parking Transit Taxis app through Google Play or Apple Store. Create an account and pay through the app.<br>Create a HotSpot account online and link a payment card to pay through phone: 1-855-712-5888 ]]></description>
        <styleUrl>#poly-4186F0-605-255</styleUrl>
        <Polygon>
          <outerBoundaryIs>
            <LinearRing>
              <tessellate>1</tessellate>
              <coordinates>
                -113.5091389,53.5180311,0
                -113.5091332,53.5179588,0
                -113.5065948,53.5179655,0
                -113.5065998,53.5180302,0
                -113.5091389,53.5180311,0
              </coordinates>
            </LinearRing>
          </outerBoundaryIs>
        </Polygon>
      </Placemark>
      <Placemark>
        <name>5059</name>
        <description><![CDATA[8 Stalls<br>Rate: $2.00 / HR M to F; $1.00 / HR Sat to Sun <br>2 Hours Max<br><br>Hours of Operation<br>08:00 to 21:00 M to Sat<br>10:00 to 17:00 Sun<br><br>How to pay for parking?<br>Scanning QR codes<br>Pay online on the parking webpage: https://hotspotparking.com/users/products/edmontonparking <br>Download Hotspot Parking Transit Taxis app through Google Play or Apple Store. Create an account and pay through the app.<br>Create a HotSpot account online and link a payment card to pay through phone: 1-855-712-5888 ]]></description>
        <styleUrl>#poly-4186F0-605-255</styleUrl>
        <Polygon>
          <outerBoundaryIs>
            <LinearRing>
              <tessellate>1</tessellate>
              <coordinates>
                -113.5107773,53.5180312,0
                -113.5107756,53.5179695,0
                -113.5096518,53.5179657,0
                -113.5096502,53.5180277,0
                -113.5107773,53.5180312,0
              </coordinates>
            </LinearRing>
          </outerBoundaryIs>
        </Polygon>
      </Placemark>
      <Placemark>
        <name>5060</name>
        <description><![CDATA[4 Stalls<br>Rate: $2.00 / HR M to F; $1.00 / HR Sat to Sun<br>2 Hours Max<br>Tow Away M to F<br>15:30 - 18:00<br><br>Hours of Operation<br>08:00 to 21:00 M to Sat<br>10:00 to 17:00 Sun<br><br>How to pay for parking?<br>Scanning QR codes<br>Pay online on the parking webpage: https://hotspotparking.com/users/products/edmontonparking <br>Download Hotspot Parking Transit Taxis app through Google Play or Apple Store. Create an account and pay through the app.<br>Create a HotSpot account online and link a payment card to pay through phone: 1-855-712-5888 ]]></description>
        <styleUrl>#poly-4186F0-605-255</styleUrl>
        <Polygon>
          <outerBoundaryIs>
            <LinearRing>
              <tessellate>1</tessellate>
              <coordinates>
                -113.5186051,53.5180146,0
                -113.518605,53.5179363,0
                -113.5180405,53.5179316,0
                -113.5180418,53.5180129,0
                -113.5186051,53.5180146,0
              </coordinates>
            </LinearRing>
          </outerBoundaryIs>
        </Polygon>
      </Placemark>
      <Placemark>
        <name>5061</name>
        <description><![CDATA[24 Stalls<br>Rate:  Mon to Sun<br>6:00 a.m. to 6:00 p.m. $ 2.00 / Hr<br>6:00 p.m. to 6:00 a.m. $1.00 / Hr (Max $5.00)<br>12 Hour Max<br><br>Hours of Operation<br>00:00 to 24:00 M to Sun<br><br>How to pay for parking?<br>Scanning QR codes<br>Pay online on the parking webpage: https://hotspotparking.com/users/products/edmontonparking <br>Download Hotspot Parking Transit Taxis app through Google Play or Apple Store. Create an account and pay through the app.<br>Create a HotSpot account online and link a payment card to pay through phone: 1-855-712-5888 ]]></description>
        <styleUrl>#poly-4186F0-605-255</styleUrl>
        <Polygon>
          <outerBoundaryIs>
            <LinearRing>
              <tessellate>1</tessellate>
              <coordinates>
                -113.5293236,53.5305663,0
                -113.5293791,53.5304935,0
                -113.5276175,53.530066,0
                -113.5265634,53.5298164,0
                -113.5256434,53.5297187,0
                -113.5256193,53.529798,0
                -113.5265655,53.5299048,0
                -113.5274795,53.5301264,0
                -113.5293236,53.5305663,0
              </coordinates>
            </LinearRing>
          </outerBoundaryIs>
        </Polygon>
      </Placemark>
      <Placemark>
        <name>5062</name>
        <description><![CDATA[29 Stalls<br>Rate: Mon to Sun<br>6:00 a.m. to 6:00 p.m. $ 2.00 / Hr<br>6:00 p.m. to 6:00 a.m. $1.00 / Hr (Max $5.00)<br>12 Hour Max<br><br>Hours of Operation<br>00:00 to 24:00 M to Sun<br><br>How to pay for parking?<br>Scanning QR codes<br>Pay online on the parking webpage: https://hotspotparking.com/users/products/edmontonparking <br>Download Hotspot Parking Transit Taxis app through Google Play or Apple Store. Create an account and pay through the app.<br>Create a HotSpot account online and link a payment card to pay through phone: 1-855-712-5888 ]]></description>
        <styleUrl>#poly-4186F0-605-255</styleUrl>
        <Polygon>
          <outerBoundaryIs>
            <LinearRing>
              <tessellate>1</tessellate>
              <coordinates>
                -113.5253942,53.5297748,0
                -113.525429,53.5296943,0
                -113.5249006,53.5296257,0
                -113.5244681,53.529524,0
                -113.5240731,53.5294017,0
                -113.5230961,53.529009,0
                -113.5220601,53.528669,0
                -113.5220063,53.5287351,0
                -113.5228474,53.5290026,0
                -113.5236066,53.5293131,0
                -113.5240212,53.5294865,0
                -113.524236,53.5295491,0
                -113.5244971,53.5296237,0
                -113.5248506,53.5297022,0
                -113.5253942,53.5297748,0
              </coordinates>
            </LinearRing>
          </outerBoundaryIs>
        </Polygon>
      </Placemark>
      <Placemark>
        <name>5063</name>
        <description><![CDATA[18 Stalls<br>Rate: Mon to Sun<br>6:00 a.m. to 6:00 p.m. $ 2.00 / Hr<br>6:00 p.m. to 6:00 a.m. $1.00 / Hr (Max $5.00)<br>12 Hour Max<br><br>Hours of Operation<br>00:00 to 24:00 M to Sun<br><br>How to pay for parking?<br>Scanning QR codes<br>Pay online on the parking webpage: https://hotspotparking.com/users/products/edmontonparking <br>Download Hotspot Parking Transit Taxis app through Google Play or Apple Store. Create an account and pay through the app.<br>Create a HotSpot account online and link a payment card to pay through phone: 1-855-712-5888 ]]></description>
        <styleUrl>#poly-4186F0-605-255</styleUrl>
        <Polygon>
          <outerBoundaryIs>
            <LinearRing>
              <tessellate>1</tessellate>
              <coordinates>
                -113.519498,53.5275903,0
                -113.5195921,53.5275471,0
                -113.5184827,53.5268341,0
                -113.5179618,53.5265856,0
                -113.5179521,53.5266456,0
                -113.518451,53.5269231,0
                -113.5188762,53.5271973,0
                -113.519498,53.5275903,0
              </coordinates>
            </LinearRing>
          </outerBoundaryIs>
        </Polygon>
      </Placemark>
      <Placemark>
        <name>5064</name>
        <description><![CDATA[22 Stalls<br>Rate: Mon to Sun<br>6:00 a.m. to 6:00 p.m. $ 2.00 / Hr<br>6:00 p.m. to 6:00 a.m. $1.00 / Hr (Max $5.00)<br>12 Hour Max<br><br>Hours of Operation<br>00:00 to 24:00 M to Sun<br><br>How to pay for parking?<br>Scanning QR codes<br>Pay online on the parking webpage: https://hotspotparking.com/users/products/edmontonparking <br>Download Hotspot Parking Transit Taxis app through Google Play or Apple Store. Create an account and pay through the app.<br>Create a HotSpot account online and link a payment card to pay through phone: 1-855-712-5888 ]]></description>
        <styleUrl>#poly-4186F0-605-255</styleUrl>
        <Polygon>
          <outerBoundaryIs>
            <LinearRing>
              <tessellate>1</tessellate>
              <coordinates>
                -113.5176035,53.5265364,0
                -113.5176558,53.5264826,0
                -113.5153963,53.5258141,0
                -113.5153409,53.5258844,0
                -113.5176035,53.5265364,0
              </coordinates>
            </LinearRing>
          </outerBoundaryIs>
        </Polygon>
      </Placemark>
      <Placemark>
        <name>6001</name>
        <description><![CDATA[24 Stalls<br>Rate: $2.00 / HR M to F; $1.00 / HR Sat to Sun <br>2 Hours Max<br><br>Hours of Operation<br>08:00 to 21:00 M to Sat<br>10:00 to 17:00 Sun<br><br>How to pay for parking?<br>Scanning QR codes<br>Pay online on the parking webpage:https://hotspotparking.com/users/products/edmontonparking <br>Download Hotspot Parking Transit Taxis app through Google Play or Apple Store. Create an account and pay through the app.<br>Create a HotSpot account online and link a payment card to pay through phone: 1-855-712-5888]]></description>
        <styleUrl>#poly-4186F0-605-255</styleUrl>
        <Polygon>
          <outerBoundaryIs>
            <LinearRing>
              <tessellate>1</tessellate>
              <coordinates>
                -113.5120727,53.54274,0
                -113.5120792,53.5411377,0
                -113.5119637,53.541136,0
                -113.5119621,53.5427416,0
                -113.5120727,53.54274,0
              </coordinates>
            </LinearRing>
          </outerBoundaryIs>
        </Polygon>
      </Placemark>
      <Placemark>
        <name>6002</name>
        <description><![CDATA[16 Stalls<br>Rate: $2.00 / HR M to F; $1.00 / HR Sat to Sun <br>2 Hours Max<br><br>Hours of Operation<br>08:00 to 21:00 M to Sat<br>10:00 to 17:00 Sun<br><br>How to pay for parking?<br>Scanning QR codes<br>Pay online on the parking webpage:https://hotspotparking.com/users/products/edmontonparking <br>Download Hotspot Parking Transit Taxis app through Google Play or Apple Store. Create an account and pay through the app.<br>Create a HotSpot account online and link a payment card to pay through phone: 1-855-712-5888]]></description>
        <styleUrl>#poly-4186F0-605-255</styleUrl>
        <Polygon>
          <outerBoundaryIs>
            <LinearRing>
              <tessellate>1</tessellate>
              <coordinates>
                -113.5123196,53.54202,0
                -113.5123232,53.5411296,0
                -113.5122159,53.541131,0
                -113.5122116,53.5420225,0
                -113.5123196,53.54202,0
              </coordinates>
            </LinearRing>
          </outerBoundaryIs>
        </Polygon>
      </Placemark>
      <Placemark>
        <name>6003</name>
        <description><![CDATA[4 Stalls<br>Rate: $2.00 / HR M to F; $1.00 / HR Sat to Sun <br>2 Hours Max<br><br>Hours of Operation<br>08:00 to 21:00 M to Sat<br>10:00 to 17:00 Sun<br><br>How to pay for parking?<br>Scanning QR codes<br>Pay online on the parking webpage:https://hotspotparking.com/users/products/edmontonparking <br>Download Hotspot Parking Transit Taxis app through Google Play or Apple Store. Create an account and pay through the app.<br>Create a HotSpot account online and link a payment card to pay through phone: 1-855-712-5888]]></description>
        <styleUrl>#poly-4186F0-605-255</styleUrl>
        <Polygon>
          <outerBoundaryIs>
            <LinearRing>
              <tessellate>1</tessellate>
              <coordinates>
                -113.5114709,53.5410569,0
                -113.5114707,53.5410251,0
                -113.5114652,53.5409964,0
                -113.510785,53.5409951,0
                -113.510785,53.5410595,0
                -113.5114709,53.5410569,0
              </coordinates>
            </LinearRing>
          </outerBoundaryIs>
        </Polygon>
      </Placemark>
      <Placemark>
        <name>6004</name>
        <description><![CDATA[24 Stalls<br>Rate: $2.00 / HR M to F; $1.00 / HR Sat to Sun <br>2 Hours Max<br><br>Hours of Operation<br>08:00 to 21:00 M to Sat<br>10:00 to 17:00 Sun<br><br>How to pay for parking?<br>Scanning QR codes<br>Pay online on the parking webpage:https://hotspotparking.com/users/products/edmontonparking <br>Download Hotspot Parking Transit Taxis app through Google Play or Apple Store. Create an account and pay through the app.<br>Create a HotSpot account online and link a payment card to pay through phone: 1-855-712-5888]]></description>
        <styleUrl>#poly-4186F0-605-255</styleUrl>
        <Polygon>
          <outerBoundaryIs>
            <LinearRing>
              <tessellate>1</tessellate>
              <coordinates>
                -113.5138889,53.5428548,0
                -113.5139171,53.5411086,0
                -113.5137895,53.5411086,0
                -113.5137814,53.5428576,0
                -113.5138889,53.5428548,0
              </coordinates>
            </LinearRing>
          </outerBoundaryIs>
        </Polygon>
      </Placemark>
      <Placemark>
        <name>6005</name>
        <description><![CDATA[18 Stalls<br>Rate: $2.00 / HR M to F; $1.00 / HR Sat to Sun <br>2 Hours Max<br><br>Hours of Operation<br>08:00 to 21:00 M to Sat<br>10:00 to 17:00 Sun<br><br>How to pay for parking?<br>Scanning QR codes<br>Pay online on the parking webpage:https://hotspotparking.com/users/products/edmontonparking <br>Download Hotspot Parking Transit Taxis app through Google Play or Apple Store. Create an account and pay through the app.<br>Create a HotSpot account online and link a payment card to pay through phone: 1-855-712-5888]]></description>
        <styleUrl>#poly-4186F0-605-255</styleUrl>
        <Polygon>
          <outerBoundaryIs>
            <LinearRing>
              <tessellate>1</tessellate>
              <coordinates>
                -113.5140952,53.5444948,0
                -113.5140866,53.5431327,0
                -113.51398,53.5431319,0
                -113.5140034,53.5444994,0
                -113.5140952,53.5444948,0
              </coordinates>
            </LinearRing>
          </outerBoundaryIs>
        </Polygon>
      </Placemark>
      <Placemark>
        <name>6006</name>
        <description><![CDATA[22 Stalls<br>Rate: $2.00 / HR M to F; $1.00 / HR Sat to Sun <br>2 Hours Max<br><br>Hours of Operation<br>08:00 to 21:00 M to Sat<br>10:00 to 17:00 Sun<br><br>How to pay for parking?<br>Scanning QR codes<br>Pay online on the parking webpage:https://hotspotparking.com/users/products/edmontonparking <br>Download Hotspot Parking Transit Taxis app through Google Play or Apple Store. Create an account and pay through the app.<br>Create a HotSpot account online and link a payment card to pay through phone: 1-855-712-5888]]></description>
        <styleUrl>#poly-4186F0-605-255</styleUrl>
        <Polygon>
          <outerBoundaryIs>
            <LinearRing>
              <tessellate>1</tessellate>
              <coordinates>
                -113.5141071,53.5428791,0
                -113.5141148,53.5411307,0
                -113.5140267,53.5411307,0
                -113.5140052,53.5428795,0
                -113.5141071,53.5428791,0
              </coordinates>
            </LinearRing>
          </outerBoundaryIs>
        </Polygon>
      </Placemark>
      <Placemark>
        <name>6028</name>
        <description><![CDATA[12 Stalls<br>Rate: $2.00 / HR M to F; $1.00 / HR Sat to Sun <br>2 Hours Max<br><br>Hours of Operation<br>08:00 to 21:00 M to Sat<br>10:00 to 17:00 Sun<br><br>How to pay for parking?<br>Scanning QR codes<br>Pay online on the parking webpage:https://hotspotparking.com/users/products/edmontonparking <br>Download Hotspot Parking Transit Taxis app through Google Play or Apple Store. Create an account and pay through the app.<br>Create a HotSpot account online and link a payment card to pay through phone: 1-855-712-5888]]></description>
        <styleUrl>#poly-4186F0-605-255</styleUrl>
        <Polygon>
          <outerBoundaryIs>
            <LinearRing>
              <tessellate>1</tessellate>
              <coordinates>
                -113.5140272,53.5400935,0
                -113.5141452,53.5400872,0
                -113.5141291,53.5389013,0
                -113.5140218,53.5389013,0
                -113.5140272,53.5400935,0
              </coordinates>
            </LinearRing>
          </outerBoundaryIs>
        </Polygon>
      </Placemark>
      <Placemark>
        <name>6029</name>
        <description><![CDATA[6 Stalls<br>Rate: $2.00 / HR M to F; $1.00 / HR Sat to Sun <br>2 Hours Max<br><br>Hours of Operation<br>08:00 to 21:00 M to Sat<br>10:00 to 17:00 Sun<br><br>How to pay for parking?<br>Scanning QR codes<br>Pay online on the parking webpage:https://hotspotparking.com/users/products/edmontonparking <br>Download Hotspot Parking Transit Taxis app through Google Play or Apple Store. Create an account and pay through the app.<br>Create a HotSpot account online and link a payment card to pay through phone: 1-855-712-5888]]></description>
        <styleUrl>#poly-4186F0-605-255</styleUrl>
        <Polygon>
          <outerBoundaryIs>
            <LinearRing>
              <tessellate>1</tessellate>
              <coordinates>
                -113.513269,53.5389648,0
                -113.5132697,53.5388958,0
                -113.5122765,53.5388926,0
                -113.5122813,53.5389682,0
                -113.513269,53.5389648,0
              </coordinates>
            </LinearRing>
          </outerBoundaryIs>
        </Polygon>
      </Placemark>
      <Placemark>
        <name>6030</name>
        <description><![CDATA[11 Stalls<br>Rate: $2.00 / HR M to F; $1.00 / HR Sat to Sun <br>2 Hours Max<br><br>Hours of Operation<br>08:00 to 21:00 M to Sat<br>10:00 to 17:00 Sun<br><br>How to pay for parking?<br>Scanning QR codes<br>Pay online on the parking webpage:https://hotspotparking.com/users/products/edmontonparking <br>Download Hotspot Parking Transit Taxis app through Google Play or Apple Store. Create an account and pay through the app.<br>Create a HotSpot account online and link a payment card to pay through phone: 1-855-712-5888]]></description>
        <styleUrl>#poly-4186F0-605-255</styleUrl>
        <Polygon>
          <outerBoundaryIs>
            <LinearRing>
              <tessellate>1</tessellate>
              <coordinates>
                -113.5121034,53.5404552,0
                -113.5120939,53.5392616,0
                -113.5119855,53.5392633,0
                -113.5119958,53.5404544,0
                -113.5121034,53.5404552,0
              </coordinates>
            </LinearRing>
          </outerBoundaryIs>
        </Polygon>
      </Placemark>
      <Placemark>
        <name>6033</name>
        <description><![CDATA[32 Stalls<br>Rate: $2.00 / HR M to F; $1.00 / HR Sat to Sun<br>3 Hours Max<br><br>Hours of Operation<br>08:00 to 21:00 M to Sat<br>10:00 to 17:00 Sun<br><br>How to pay for parking?<br>Scanning QR codes<br>Pay online on the parking webpage:https://hotspotparking.com/users/products/edmontonparking <br>Download Hotspot Parking Transit Taxis app through Google Play or Apple Store. Create an account and pay through the app.<br>Create a HotSpot account online and link a payment card to pay through phone: 1-855-712-5888]]></description>
        <styleUrl>#poly-4186F0-605-255</styleUrl>
        <Polygon>
          <outerBoundaryIs>
            <LinearRing>
              <tessellate>1</tessellate>
              <coordinates>
                -113.5215529,53.5387174,0
                -113.521571,53.5382702,0
                -113.5211653,53.5382628,0
                -113.5211646,53.5387186,0
                -113.5215529,53.5387174,0
              </coordinates>
            </LinearRing>
          </outerBoundaryIs>
        </Polygon>
      </Placemark>
      <Placemark>
        <name>6040</name>
        <description><![CDATA[4 Stalls<br>Rate: $2.00 / HR M to F; $1.00 / HR Sat to Sun <br>2 Hours Max<br><br>Hours of Operation<br>08:00 to 21:00 M to Sat<br>10:00 to 17:00 Sun<br><br>How to pay for parking?<br>Scanning QR codes<br>Pay online on the parking webpage:https://hotspotparking.com/users/products/edmontonparking <br>Download Hotspot Parking Transit Taxis app through Google Play or Apple Store. Create an account and pay through the app.<br>Create a HotSpot account online and link a payment card to pay through phone: 1-855-712-5888]]></description>
        <styleUrl>#poly-4186F0-605-255</styleUrl>
        <Polygon>
          <outerBoundaryIs>
            <LinearRing>
              <tessellate>1</tessellate>
              <coordinates>
                -113.5195907,53.5386599,0
                -113.5195818,53.5382802,0
                -113.5194763,53.5382834,0
                -113.5194875,53.538663,0
                -113.5195907,53.5386599,0
              </coordinates>
            </LinearRing>
          </outerBoundaryIs>
        </Polygon>
      </Placemark>
      <Placemark>
        <name>6042 </name>
        <description><![CDATA[4 Stalls<br>Rate: $2.00 / HR M to F; $1.00 / HR Sat to Sun <br>2 Hours Max<br><br>Hours of Operation<br>08:00 to 21:00 M to Sat<br>10:00 to 17:00 Sun]]></description>
        <styleUrl>#poly-4186F0-605-255</styleUrl>
        <Polygon>
          <outerBoundaryIs>
            <LinearRing>
              <tessellate>1</tessellate>
              <coordinates>
                -113.5102827,53.5343812,0
                -113.5102807,53.534149,0
                -113.509799,53.5341225,0
                -113.5098043,53.5341817,0
                -113.5101412,53.5341971,0
                -113.5101481,53.5343831,0
                -113.5102827,53.5343812,0
              </coordinates>
            </LinearRing>
          </outerBoundaryIs>
        </Polygon>
      </Placemark>
      <Placemark>
        <name>6046</name>
        <description><![CDATA[12 Stalls<br>Rate: $2.00 / HR M to F; $1.00 / HR Sat to Sun<br><br>Hours of Operation<br>08:00 to 21:00 M to Sat<br>10:00 to 17:00 Sun<br><br>How to pay for parking?<br>Scanning QR codes<br>Pay online on the parking webpage:https://hotspotparking.com/users/products/edmontonparking <br>Download Hotspot Parking Transit Taxis app through Google Play or Apple Store. Create an account and pay through the app.<br>Create a HotSpot account online and link a payment card to pay through phone: 1-855-712-5888]]></description>
        <styleUrl>#poly-4186F0-605-255</styleUrl>
        <Polygon>
          <outerBoundaryIs>
            <LinearRing>
              <tessellate>1</tessellate>
              <coordinates>
                -113.5356386,53.547776,0
                -113.5356442,53.547671,0
                -113.5343265,53.5476695,0
                -113.534324,53.547769,0
                -113.5356386,53.547776,0
              </coordinates>
            </LinearRing>
          </outerBoundaryIs>
        </Polygon>
      </Placemark>
      <Placemark>
        <name>6047</name>
        <description><![CDATA[12 Stalls<br>Rate: $2.00 / HR M to F; $1.00 / HR Sat to Sun <br>2 Hours Max <br> <br>Tow Away M to F <br>07:00 - 09:00 <br><br>Hours of Operation <br>08:00 to 21:00 Mon to Sat <br>10:00 to 17:00 Sunday<br><br> How to pay for parking?<br>Scanning QR codes<br>Pay online on the parking webpage:https://hotspotparking.com/users/products/edmontonparking <br>Download Hotspot Parking Transit Taxis app through Google Play or Apple Store. Create an account and pay through the app.<br>Create a HotSpot account online and link a payment card to pay through phone: 1-855-712-5888]]></description>
        <styleUrl>#poly-4186F0-605-255</styleUrl>
        <Polygon>
          <outerBoundaryIs>
            <LinearRing>
              <tessellate>1</tessellate>
              <coordinates>
                -113.5361016,53.5488561,0
                -113.5360838,53.5479107,0
                -113.5359882,53.5479137,0
                -113.535999,53.5488579,0
                -113.5361016,53.5488561,0
              </coordinates>
            </LinearRing>
          </outerBoundaryIs>
        </Polygon>
      </Placemark>
      <Placemark>
        <name>6051</name>
        <description><![CDATA[6 Stalls<br>Rate: $2.00 / HR M to F; $1.00 / HR Sat to Sun <br>2 Hours Max<br><br>Hours of Operation<br>08:00 to 21:00 M to Sat<br>10:00 to 17:00 Sun<br><br>How to pay for parking?<br>Scanning QR codes<br>Pay online on the parking webpage:https://hotspotparking.com/users/products/edmontonparking <br>Download Hotspot Parking Transit Taxis app through Google Play or Apple Store. Create an account and pay through the app.<br>Create a HotSpot account online and link a payment card to pay through phone: 1-855-712-5888]]></description>
        <styleUrl>#poly-4186F0-605-255</styleUrl>
        <Polygon>
          <outerBoundaryIs>
            <LinearRing>
              <tessellate>1</tessellate>
              <coordinates>
                -113.5364819,53.5461898,0
                -113.5364752,53.5461308,0
                -113.536159,53.546126,0
                -113.5361638,53.5461874,0
                -113.5364819,53.5461898,0
              </coordinates>
            </LinearRing>
          </outerBoundaryIs>
        </Polygon>
      </Placemark>
      <Placemark>
        <name>6052</name>
        <description><![CDATA[18 Stalls<br>Rate: $2.00 / HR M to F; $1.00 / HR Sat to Sun<br>3 Hours Max<br><br>Hours of Operation<br>08:00 to 21:00 M to Sat<br>10:00 to 17:00 Sun<br><br>How to pay for parking?<br>Scanning QR codes<br>Pay online on the parking webpage:https://hotspotparking.com/users/products/edmontonparking <br>Download Hotspot Parking Transit Taxis app through Google Play or Apple Store. Create an account and pay through the app.<br>Create a HotSpot account online and link a payment card to pay through phone: 1-855-712-5888]]></description>
        <styleUrl>#poly-4186F0-605-255</styleUrl>
        <Polygon>
          <outerBoundaryIs>
            <LinearRing>
              <tessellate>1</tessellate>
              <coordinates>
                -113.5358206,53.5460866,0
                -113.5358262,53.5446972,0
                -113.5357095,53.5447004,0
                -113.5357085,53.54609,0
                -113.5358206,53.5460866,0
              </coordinates>
            </LinearRing>
          </outerBoundaryIs>
        </Polygon>
      </Placemark>
      <Placemark>
        <name>6053</name>
        <description><![CDATA[9 Stalls<br>Rate: $2.00 / HR M to F; $1.00 / HR Sat to Sun<br>3 Hours Max<br><br>Hours of Operation<br>08:00 to 21:00 M to Sat<br>10:00 to 17:00 Sun<br><br>How to pay for parking?<br>Scanning QR codes<br>Pay online on the parking webpage:https://hotspotparking.com/users/products/edmontonparking <br>Download Hotspot Parking Transit Taxis app through Google Play or Apple Store. Create an account and pay through the app.<br>Create a HotSpot account online and link a payment card to pay through phone: 1-855-712-5888]]></description>
        <styleUrl>#poly-4186F0-605-255</styleUrl>
        <Polygon>
          <outerBoundaryIs>
            <LinearRing>
              <tessellate>1</tessellate>
              <coordinates>
                -113.5358493,53.544502,0
                -113.5358555,53.5435774,0
                -113.5357456,53.5435756,0
                -113.5357445,53.5444988,0
                -113.5358493,53.544502,0
              </coordinates>
            </LinearRing>
          </outerBoundaryIs>
        </Polygon>
      </Placemark>
      <Placemark>
        <name>6054</name>
        <description><![CDATA[12 Stalls<br>Rate: $2.00 / HR M to F; $1.00 / HR Sat to Sun<br>2 Hours Max<br>Tow Away M to F<br>15:30 - 18:00<br><br>Hours of Operation<br>08:00 to 21:00 M to Sat<br>10:00 to 17:00 Sun<br><br>How to pay for parking?<br>Scanning QR codes<br>Pay online on the parking webpage:https://hotspotparking.com/users/products/edmontonparking <br>Download Hotspot Parking Transit Taxis app through Google Play or Apple Store. Create an account and pay through the app.<br>Create a HotSpot account online and link a payment card to pay through phone: 1-855-712-5888]]></description>
        <styleUrl>#poly-4186F0-605-255</styleUrl>
        <Polygon>
          <outerBoundaryIs>
            <LinearRing>
              <tessellate>1</tessellate>
              <coordinates>
                -113.5358458,53.5428874,0
                -113.5358398,53.5420126,0
                -113.5357339,53.5420092,0
                -113.5357399,53.5428867,0
                -113.5358458,53.5428874,0
              </coordinates>
            </LinearRing>
          </outerBoundaryIs>
        </Polygon>
      </Placemark>
      <Placemark>
        <name>6055</name>
        <description><![CDATA[8 Stalls<br>Rate: $2.00 / HR M to F; $1.00 / HR Sat to Sun<br>3 Hours Max<br><br>Tow Away M to F<br>06:00 - 09:00<br><br>Hours of Operation<br>08:00 to 21:00 M to Sat<br>10:00 to 17:00 Sun <br><br>How to pay for parking?<br>Scanning QR codes<br>Pay online on the parking webpage:https://hotspotparking.com/users/products/edmontonparking <br>Download Hotspot Parking Transit Taxis app through Google Play or Apple Store. Create an account and pay through the app.<br>Create a HotSpot account online and link a payment card to pay through phone: 1-855-712-5888]]></description>
        <styleUrl>#poly-4186F0-605-255</styleUrl>
        <Polygon>
          <outerBoundaryIs>
            <LinearRing>
              <tessellate>1</tessellate>
              <coordinates>
                -113.5361091,53.5442754,0
                -113.5361094,53.5434195,0
                -113.5360242,53.5434193,0
                -113.5360298,53.5442764,0
                -113.5361091,53.5442754,0
              </coordinates>
            </LinearRing>
          </outerBoundaryIs>
        </Polygon>
      </Placemark>
      <Placemark>
        <name>6056</name>
        <description><![CDATA[4 Stalls<br>Rate: $2.00 / HR M to F; $1.00 / HR Sat to Sun <br>2 Hours Max<br><br>Hours of Operation<br>08:00 to 21:00 M to Sat<br>10:00 to 17:00 Sun<br><br>How to pay for parking?<br>Scanning QR codes<br>Pay online on the parking webpage:https://hotspotparking.com/users/products/edmontonparking <br>Download Hotspot Parking Transit Taxis app through Google Play or Apple Store. Create an account and pay through the app.<br>Create a HotSpot account online and link a payment card to pay through phone: 1-855-712-5888]]></description>
        <styleUrl>#poly-4186F0-605-255</styleUrl>
        <Polygon>
          <outerBoundaryIs>
            <LinearRing>
              <tessellate>1</tessellate>
              <coordinates>
                -113.5366781,53.5446978,0
                -113.5366788,53.5446447,0
                -113.5361273,53.5446392,0
                -113.53613,53.5446965,0
                -113.5366781,53.5446978,0
              </coordinates>
            </LinearRing>
          </outerBoundaryIs>
        </Polygon>
      </Placemark>
      <Placemark>
        <name>6057</name>
        <description><![CDATA[18 Stalls<br>Rate: $2.00 / HR M to F; $1.00 / HR Sat to Sun<br>3 Hours Max<br><br>Tow Away M to F<br>06:00 - 09:00<br><br>Hours of Operation<br>08:00 to 21:00 M to Sat<br>10:00 to 17:00 Sun<br><br> How to pay for parking?<br>Scanning QR codes<br>Pay online on the parking webpage:https://hotspotparking.com/users/products/edmontonparking <br>Download Hotspot Parking Transit Taxis app through Google Play or Apple Store. Create an account and pay through the app.<br>Create a HotSpot account online and link a payment card to pay through phone: 1-855-712-5888]]></description>
        <styleUrl>#poly-4186F0-605-255</styleUrl>
        <Polygon>
          <outerBoundaryIs>
            <LinearRing>
              <tessellate>1</tessellate>
              <coordinates>
                -113.5361,53.5461041,0
                -113.5360913,53.544844,0
                -113.536006,53.5448396,0
                -113.5360055,53.5461053,0
                -113.5361,53.5461041,0
              </coordinates>
            </LinearRing>
          </outerBoundaryIs>
        </Polygon>
      </Placemark>
      <Placemark>
        <name>6058</name>
        <description><![CDATA[4 Stalls<br>Rate: $2.00 / HR M to F; $1.00 / HR Sat to Sun<br><br>Hours of Operation<br>08:00 to 21:00 M to Sat<br>10:00 to 17:00 Sun<br><br>How to pay for parking?<br>Scanning QR codes<br>Pay online on the parking webpage:https://hotspotparking.com/users/products/edmontonparking <br>Download Hotspot Parking Transit Taxis app through Google Play or Apple Store. Create an account and pay through the app.<br>Create a HotSpot account online and link a payment card to pay through phone: 1-855-712-5888]]></description>
        <styleUrl>#poly-4186F0-605-255</styleUrl>
        <Polygon>
          <outerBoundaryIs>
            <LinearRing>
              <tessellate>1</tessellate>
              <coordinates>
                -113.5341,53.54713,0
                -113.5341025,53.5468209,0
                -113.5339767,53.546822,0
                -113.5339751,53.5471316,0
                -113.5341,53.54713,0
              </coordinates>
            </LinearRing>
          </outerBoundaryIs>
        </Polygon>
      </Placemark>
      <Placemark>
        <name>6059</name>
        <description><![CDATA[9 Stalls<br>Rate: $2.00 / HR M to F; $1.00 / HR Sat to Sun<br><br>Hours of Operation<br>08:00 to 21:00 M to Sat<br>10:00 to 17:00 Sun<br><br>How to pay for parking?<br>Scanning QR codes<br>Pay online on the parking webpage:https://hotspotparking.com/users/products/edmontonparking <br>Download Hotspot Parking Transit Taxis app through Google Play or Apple Store. Create an account and pay through the app.<br>Create a HotSpot account online and link a payment card to pay through phone: 1-855-712-5888]]></description>
        <styleUrl>#poly-4186F0-605-255</styleUrl>
        <Polygon>
          <outerBoundaryIs>
            <LinearRing>
              <tessellate>1</tessellate>
              <coordinates>
                -113.5339969,53.5477682,0
                -113.5339952,53.5476894,0
                -113.5327138,53.5476993,0
                -113.5327214,53.547776,0
                -113.5339969,53.5477682,0
              </coordinates>
            </LinearRing>
          </outerBoundaryIs>
        </Polygon>
      </Placemark>
      <Placemark>
        <name>6060</name>
        <description><![CDATA[10 Stalls<br>Rate: $2.00 / HR M to F; $1.00 / HR Sat to Sun<br><br>Hours of Operation<br>08:00 to 21:00 M to Sat<br>10:00 to 17:00 Sun<br><br>How to pay for parking?<br>Scanning QR codes<br>Pay online on the parking webpage:https://hotspotparking.com/users/products/edmontonparking <br>Download Hotspot Parking Transit Taxis app through Google Play or Apple Store. Create an account and pay through the app.<br>Create a HotSpot account online and link a payment card to pay through phone: 1-855-712-5888]]></description>
        <styleUrl>#poly-4186F0-605-255</styleUrl>
        <Polygon>
          <outerBoundaryIs>
            <LinearRing>
              <tessellate>1</tessellate>
              <coordinates>
                -113.5326262,53.5476063,0
                -113.5325992,53.5468536,0
                -113.5324543,53.5468559,0
                -113.5324707,53.5476073,0
                -113.5326262,53.5476063,0
              </coordinates>
            </LinearRing>
          </outerBoundaryIs>
        </Polygon>
      </Placemark>
      <Placemark>
        <name>6061</name>
        <description><![CDATA[6 Stalls<br>Rate: $2.00 / HR M to F; $1.00 / HR Sat to Sun <br>2 Hours Max<br><br>Hours of Operation<br>08:00 to 21:00 M to Sat<br>10:00 to 17:00 Sun<br><br>How to pay for parking?<br>Scanning QR codes<br>Pay online on the parking webpage:https://hotspotparking.com/users/products/edmontonparking <br>Download Hotspot Parking Transit Taxis app through Google Play or Apple Store. Create an account and pay through the app.<br>Create a HotSpot account online and link a payment card to pay through phone: 1-855-712-5888]]></description>
        <styleUrl>#poly-4186F0-605-255</styleUrl>
        <Polygon>
          <outerBoundaryIs>
            <LinearRing>
              <tessellate>1</tessellate>
              <coordinates>
                -113.5356813,53.544694,0
                -113.5356815,53.5446272,0
                -113.5351132,53.5446262,0
                -113.5351145,53.5446884,0
                -113.5356813,53.544694,0
              </coordinates>
            </LinearRing>
          </outerBoundaryIs>
        </Polygon>
      </Placemark>
      <Placemark>
        <name>6062</name>
        <description><![CDATA[4 Stalls<br>Rate: $2.00 / HR M to F; $1.00 / HR Sat to Sun <br>2 Hours Max<br><br>Hours of Operation<br>08:00 to 21:00 M to Sat<br>10:00 to 17:00 Sun<br><br>How to pay for parking?<br>Scanning QR codes<br>Pay online on the parking webpage:https://hotspotparking.com/users/products/edmontonparking <br>Download Hotspot Parking Transit Taxis app through Google Play or Apple Store. Create an account and pay through the app.<br>Create a HotSpot account online and link a payment card to pay through phone: 1-855-712-5888]]></description>
        <styleUrl>#poly-4186F0-605-255</styleUrl>
        <Polygon>
          <outerBoundaryIs>
            <LinearRing>
              <tessellate>1</tessellate>
              <coordinates>
                -113.5364918,53.5445722,0
                -113.5364783,53.5445257,0
                -113.536125,53.5445255,0
                -113.5361535,53.5445769,0
                -113.5364918,53.5445722,0
              </coordinates>
            </LinearRing>
          </outerBoundaryIs>
        </Polygon>
      </Placemark>
      <Placemark>
        <name>6064</name>
        <description><![CDATA[9 Stalls<br>Rate: $2.00 / HR M to F; $1.00 / HR Sat to Sun<br><br>Hours of Operation<br>08:00 to 21:00 M to Sat<br>10:00 to 17:00 Sun<br><br>How to pay for parking?<br>Scanning QR codes<br>Pay online on the parking webpage:https://hotspotparking.com/users/products/edmontonparking <br>Download Hotspot Parking Transit Taxis app through Google Play or Apple Store. Create an account and pay through the app.<br>Create a HotSpot account online and link a payment card to pay through phone: 1-855-712-5888]]></description>
        <styleUrl>#poly-4186F0-605-255</styleUrl>
        <Polygon>
          <outerBoundaryIs>
            <LinearRing>
              <tessellate>1</tessellate>
              <coordinates>
                -113.5337945,53.5478991,0
                -113.5337915,53.5478414,0
                -113.5326245,53.5478441,0
                -113.5326319,53.5479007,0
                -113.5337945,53.5478991,0
              </coordinates>
            </LinearRing>
          </outerBoundaryIs>
        </Polygon>
      </Placemark>
      <Placemark>
        <name>6067</name>
        <description><![CDATA[3 Stalls<br>Rate: $2.00 / HR M to F; $1.00 / HR Sat to Sun <br>2 Hours Max<br><br>Hours of Operation<br>08:00 to 21:00 M to Sat<br>10:00 to 17:00 Sun<br><br>How to pay for parking?<br>Scanning QR codes<br>Pay online on the parking webpage:https://hotspotparking.com/users/products/edmontonparking <br>Download Hotspot Parking Transit Taxis app through Google Play or Apple Store. Create an account and pay through the app.<br>Create a HotSpot account online and link a payment card to pay through phone: 1-855-712-5888]]></description>
        <styleUrl>#poly-4186F0-605-255</styleUrl>
        <Polygon>
          <outerBoundaryIs>
            <LinearRing>
              <tessellate>1</tessellate>
              <coordinates>
                -113.5363577,53.541653,0
                -113.5363546,53.5415881,0
                -113.5361619,53.5415559,0
                -113.5361818,53.5416283,0
                -113.5363577,53.541653,0
              </coordinates>
            </LinearRing>
          </outerBoundaryIs>
        </Polygon>
      </Placemark>
      <Placemark>
        <name>6068 </name>
        <description><![CDATA[5 Stalls<br>Rate: $2.00 / HR M to F; $1.00 / HR Sat to Sun<br>3 Hours Max<br><br>Hours of Operation<br>08:00 to 21:00 M to Sat<br>10:00 to 17:00 Sun<br><br>How to pay for parking?<br>Scanning QR codes<br>Pay online on the parking webpage:https://hotspotparking.com/users/products/edmontonparking <br>Download Hotspot Parking Transit Taxis app through Google Play or Apple Store. Create an account and pay through the app.<br>Create a HotSpot account online and link a payment card to pay through phone: 1-855-712-5888]]></description>
        <styleUrl>#poly-4186F0-605-255</styleUrl>
        <Polygon>
          <outerBoundaryIs>
            <LinearRing>
              <tessellate>1</tessellate>
              <coordinates>
                -113.5357781,53.5430132,0
                -113.5357754,53.5429463,0
                -113.5350485,53.5429447,0
                -113.5350512,53.5430084,0
                -113.5357781,53.5430132,0
              </coordinates>
            </LinearRing>
          </outerBoundaryIs>
        </Polygon>
      </Placemark>
      <Placemark>
        <name>9100</name>
        <description><![CDATA[68 Stalls<br>Rate: <br>- $1/hour (up to $5 during the day and up to $4 in the evening)<br>- Day time $5 (7 am to 5 pm)<br>- Evening $4 (5 pm to 11 pm)<br><br>Hours of Operation<br>07:00 to 23:00 M to Sat<br><br>How to pay for parking?<br>Scanning QR codes<br>Pay online on the parking webpage: https://hotspotparking.com/users/products/edmontonparking <br>Download Hotspot Parking Transit Taxis app through Google Play or Apple Store. Create an account and pay through the app.<br>Create a HotSpot account online and link a payment card to pay through phone: 1-855-712-5888 ]]></description>
        <styleUrl>#poly-4186F0-605-255</styleUrl>
        <Polygon>
          <outerBoundaryIs>
            <LinearRing>
              <tessellate>1</tessellate>
              <coordinates>
                -113.5061004,53.5655869,0
                -113.507361,53.5650962,0
                -113.5070445,53.5649146,0
                -113.5058214,53.5654212,0
                -113.5061004,53.5655869,0
              </coordinates>
            </LinearRing>
          </outerBoundaryIs>
        </Polygon>
      </Placemark>
      <Placemark>
        <name>7000 - City Hall PARKADE </name>
        <description><![CDATA[Rates:<br>Weekday: Monday to Friday<br>$5.00/hr (Max $20) - 8:00 am to 6:00 pm<br>$5.00/hr (Max $15) - 6:00 pm to 12:00 am<br><br>Weekend: Saturday and Sunday<br>$2.00/hr (Max $10) - 8:00 am to 6:00 pm<br>$2.00/hr (Max $10) - 6:00 pm to 12:00 am<br><br>Statutory Holidays: Free<br><br>Payment Options: Cash, Visa, Mastercard, and Amex<br><br>More Information:<br>Change machines located in parking Levels P1 and P3 elevator lobbies<br>Bright and secured<br>Access to Churchill LRT Station and Pedway<br><br>Max Height Clearance -<br>P1 and P2 - 8' 5" or 2.56 meters<br>P3, P4 and P5 - 6' 10" or 2.08 meters<br><br>5 Accessible Stalls<br>161 Stalls<br><br>How to pay for parking?<br>Scanning QR codes<br>Pay online on the parking: webpage: https://hotspotparking.com/users/products/edmontonparking <br>Download Hotspot Parking Transit Taxis app through Google Play or Apple Store. Create an account and pay through the app.<br>Create a HotSpot account online and link a payment card to pay through phone: 1-855-712-5888]]></description>
        <styleUrl>#poly-4186F0-605-255</styleUrl>
        <Polygon>
          <outerBoundaryIs>
            <LinearRing>
              <tessellate>1</tessellate>
              <coordinates>
                -113.4905891,53.546106,0
                -113.4905363,53.545776,0
                -113.489663,53.5458324,0
                -113.4897114,53.5461595,0
                -113.4905891,53.546106,0
              </coordinates>
            </LinearRing>
          </outerBoundaryIs>
        </Polygon>
      </Placemark>
      <Placemark>
        <name>7010 - Library</name>
        <description><![CDATA[Entrances at 99 street and 100 street<br>812 stalls available out 861 Stalls<br>Open: 24 hours - 7 days/week<br><br>Rates<br>Monday to Friday<br>Hourly Rate - $5.00/hr<br>Daytime (6:00 am to 6:00 pm) - $15 max<br>Evening (6:00 pm to 2:00 am) - $10 max<br>Night Owl (02:00 am to 6:00 am) - $5 max<br>Daily (12:00 am to 12:00 am) - $30<br><br>Saturday and Sunday<br>Hourly Rate - $2.00/hr<br>Daytime (6:00 am to 6:00 pm) - $10 max<br>Evening (6:00 pm to 2:00 am) - $10 max<br>Night Owl (02:00 am to 6:00 am) - $5 max<br>Daily (12:00 am to 12:00 am) - $25<br><br>Statutory Holidays: Free<br><br>Monthly Parking: $350 plus GST<br><br>Payment Options: Cash, Visa, Mastercard, and Amex<br><br>More Information:<br>GST included<br>No refunds for unused time<br><br>Max Height Clearance 6’ 1” / 1.85 meters<br>13 Accessible Stalls plus additional 6 in the evenings<br><br>How to pay for parking?<br>Scanning QR codes<br>Pay online on the parking: webpage: https://hotspotparking.com/users/products/edmontonparking <br>Download Hotspot Parking Transit Taxis app through Google Play or Apple Store. Create an account and pay through the app.<br>Create a HotSpot account online and link a payment card to pay through phone: 1-855-712-5888]]></description>
        <styleUrl>#poly-4186F0-605-255</styleUrl>
        <Polygon>
          <outerBoundaryIs>
            <LinearRing>
              <tessellate>1</tessellate>
              <coordinates>
                -113.4905344,53.5433262,0
                -113.4903574,53.5423029,0
                -113.4888393,53.5423986,0
                -113.4890324,53.5434282,0
                -113.4905344,53.5433262,0
              </coordinates>
            </LinearRing>
          </outerBoundaryIs>
        </Polygon>
      </Placemark>
      <Placemark>
        <name>7020 - Canada Place</name>
        <description><![CDATA[Entrance at 97 Street<br>Open Hours 24 hours - 7 days/week<br>Rates<br>Monday to Friday<br>Hourly Rate - $5.00/hr<br>Daytime (6:00 am to 6:00 pm) - $15 max<br>Evening (6:00 pm to 2:00 am) - $10 max<br>Night Owl (2:00 am to 6:00 am) - $5 max<br>Daily (12:00 am to 12:00 am) - $30<br><br>Saturday and Sunday<br>Hourly Rate - $2.00/hr<br>Daytime (6:00 am to 6:00 pm) - $10 max<br>Evening (6:00 pm to 2:00 am) - $10 max<br>Night Owl (2:00 am to 6:00 am) - $5 max<br>Daily (12:00 am to 12:00 am) - $25<br><br>Statutory Holidays: Free<br><br>Monthly Parking:$315 plus GST<br><br>Payment Options: Cash, Visa, Mastercard and Amex<br><br>More Information:<br>500 Stalls<br>6 Accessible Stalls<br>GST included<br>No refunds or drive through<br>No “in and out” privileges<br>Maximum Height 6’ 6”<br><br>How to pay for parking?<br>Scanning QR codes<br>Pay online on the parking: webpage: https://hotspotparking.com/users/products/edmontonparking <br>Download Hotspot Parking Transit Taxis app through Google Play or Apple Store. Create an account and pay through the app.<br>Create a HotSpot account online and link a payment card to pay through phone: 1-855-712-5888]]></description>
        <styleUrl>#poly-4186F0-605-255</styleUrl>
        <Polygon>
          <outerBoundaryIs>
            <LinearRing>
              <tessellate>1</tessellate>
              <coordinates>
                -113.4873319,53.5429277,0
                -113.4868169,53.5420416,0
                -113.4858406,53.5423221,0
                -113.4863448,53.5431891,0
                -113.4873319,53.5429277,0
              </coordinates>
            </LinearRing>
          </outerBoundaryIs>
        </Polygon>
      </Placemark>
      <Placemark>
        <name>5016</name>
        <description><![CDATA[7 Stalls<br>Rate: $1.00 / HR M to F; $1.00 / HR Sat to Sun<br>2 Hours Max<br><br>Hours of Operation<br>08:00 to 21:00 M to Sat<br>10:00 to 17:00 Sun<br><br>How to pay for parking?<br>Scanning QR codes<br>Pay online on the parking webpage:https://hotspotparking.com/users/products/edmontonparking <br>Download Hotspot Parking Transit Taxis app through Google Play or Apple Store. Create an account and pay through the app.<br>Create a HotSpot account online and link a payment card to pay through phone: 1-855-712-5888 ]]></description>
        <styleUrl>#poly-4186F0-605-255</styleUrl>
        <Polygon>
          <outerBoundaryIs>
            <LinearRing>
              <tessellate>1</tessellate>
              <coordinates>
                -113.4885549,53.5182181,0
                -113.4885764,53.5181383,0
                -113.4863233,53.5181224,0
                -113.4863233,53.5182085,0
                -113.4885549,53.5182181,0
              </coordinates>
            </LinearRing>
          </outerBoundaryIs>
        </Polygon>
      </Placemark>
      <Placemark>
        <name>5025</name>
        <description><![CDATA[9 Stalls<br>Rate: $1.00 / HR M to F; $1.00 / HR Sat to Sun<br>2 Hours Max<br><br>Hours of Operation<br>08:00 to 21:00 M to Sat<br>10:00 to 17:00 Sun<br><br>How to pay for parking?<br>Scanning QR codes<br>Pay online on the parking webpage:https://hotspotparking.com/users/products/edmontonparking <br>Download Hotspot Parking Transit Taxis app through Google Play or Apple Store. Create an account and pay through the app.<br>Create a HotSpot account online and link a payment card to pay through phone: 1-855-712-5888 ]]></description>
        <styleUrl>#poly-4186F0-605-255</styleUrl>
        <Polygon>
          <outerBoundaryIs>
            <LinearRing>
              <tessellate>1</tessellate>
              <coordinates>
                -113.4885549,53.5179932,0
                -113.4886246,53.5178848,0
                -113.4863394,53.5178688,0
                -113.4863233,53.5179836,0
                -113.4885549,53.5179932,0
              </coordinates>
            </LinearRing>
          </outerBoundaryIs>
        </Polygon>
      </Placemark>
      <Placemark>
        <name>5019</name>
        <description><![CDATA[8 Stalls<br>Rate: $1.00 / HR M to F; $1.00 / HR Sat to Sun<br>2 Hours Max<br><br>Hours of Operation<br>08:00 to 21:00 M to Sat<br>10:00 to 17:00 Sun<br><br>How to pay for parking?<br>Scanning QR codes<br>Pay online on the parking webpage:https://hotspotparking.com/users/products/edmontonparking <br>Download Hotspot Parking Transit Taxis app through Google Play or Apple Store. Create an account and pay through the app.<br>Create a HotSpot account online and link a payment card to pay through phone: 1-855-712-5888 ]]></description>
        <styleUrl>#poly-4186F0-605-255</styleUrl>
        <Polygon>
          <outerBoundaryIs>
            <LinearRing>
              <tessellate>1</tessellate>
              <coordinates>
                -113.4975869,53.5170441,0
                -113.4976245,53.5161861,0
                -113.4975226,53.5161861,0
                -113.4975226,53.5170473,0
                -113.4975869,53.5170441,0
              </coordinates>
            </LinearRing>
          </outerBoundaryIs>
        </Polygon>
      </Placemark>
      <Placemark>
        <name>5027</name>
        <description><![CDATA[5 Stalls<br>Rate: $1.00 / HR M to F; $1.00 / HR Sat to Sun<br>2 Hours Max<br><br>Hours of Operation<br>08:00 to 21:00 M to Sat<br>10:00 to 17:00 Sun<br><br>How to pay for parking?<br>Scanning QR codes<br>Pay online on the parking webpage:https://hotspotparking.com/users/products/edmontonparking <br>Download Hotspot Parking Transit Taxis app through Google Play or Apple Store. Create an account and pay through the app.<br>Create a HotSpot account online and link a payment card to pay through phone: 1-855-712-5888 ]]></description>
        <styleUrl>#poly-4186F0-605-255</styleUrl>
        <Polygon>
          <outerBoundaryIs>
            <LinearRing>
              <tessellate>1</tessellate>
              <coordinates>
                -113.5003461,53.5160699,0
                -113.50033,53.5159901,0
                -113.4978302,53.5159806,0
                -113.4978355,53.5160635,0
                -113.5003461,53.5160699,0
              </coordinates>
            </LinearRing>
          </outerBoundaryIs>
        </Polygon>
      </Placemark>
      <Placemark>
        <name>5030</name>
        <description><![CDATA[15 Stalls<br>Rate: $1.00 / HR M to F; $1.00 / HR Sat to Sun<br>2 Hours Max<br><br>Hours of Operation<br>08:00 to 21:00 M to Sat<br>10:00 to 17:00 Sun<br><br>How to pay for parking?<br>Scanning QR codes<br>Pay online on the parking webpage:https://hotspotparking.com/users/products/edmontonparking <br>Download Hotspot Parking Transit Taxis app through Google Play or Apple Store. Create an account and pay through the app.<br>Create a HotSpot account online and link a payment card to pay through phone: 1-855-712-5888 ]]></description>
        <styleUrl>#poly-4186F0-605-255</styleUrl>
        <Polygon>
          <outerBoundaryIs>
            <LinearRing>
              <tessellate>1</tessellate>
              <coordinates>
                -113.5002221,53.5162583,0
                -113.5002596,53.5161913,0
                -113.4978135,53.5161785,0
                -113.4978081,53.5162423,0
                -113.5002221,53.5162583,0
              </coordinates>
            </LinearRing>
          </outerBoundaryIs>
        </Polygon>
      </Placemark>
      <Placemark>
        <name>5028</name>
        <description><![CDATA[8 Stalls<br>Rate: $1.00 / HR M to F; $1.00 / HR Sat to Sun<br>2 Hours Max<br><br>Hours of Operation<br>08:00 to 21:00 M to Sat<br>10:00 to 17:00 Sun<br><br>How to pay for parking?<br>Scanning QR codes<br>Pay online on the parking webpage:https://hotspotparking.com/users/products/edmontonparking <br>Download Hotspot Parking Transit Taxis app through Google Play or Apple Store. Create an account and pay through the app.<br>Create a HotSpot account online and link a payment card to pay through phone: 1-855-712-5888 ]]></description>
        <styleUrl>#poly-4186F0-605-255</styleUrl>
        <Polygon>
          <outerBoundaryIs>
            <LinearRing>
              <tessellate>1</tessellate>
              <coordinates>
                -113.4977813,53.5170066,0
                -113.4978349,53.5162794,0
                -113.4977598,53.516273,0
                -113.4977062,53.5170066,0
                -113.4977813,53.5170066,0
              </coordinates>
            </LinearRing>
          </outerBoundaryIs>
        </Polygon>
      </Placemark>
      <Placemark>
        <name>5029</name>
        <description><![CDATA[2 Stalls<br>Rate: $1.00 / HR M to F; $1.00 / HR Sat to Sun<br>2 Hours Max<br><br>Hours of Operation<br>08:00 to 21:00 M to Sat<br>10:00 to 17:00 Sun<br><br>How to pay for parking?<br>Scanning QR codes<br>Pay online on the parking webpage:https://hotspotparking.com/users/products/edmontonparking <br>Download Hotspot Parking Transit Taxis app through Google Play or Apple Store. Create an account and pay through the app.<br>Create a HotSpot account online and link a payment card to pay through phone: 1-855-712-5888 ]]></description>
        <styleUrl>#poly-4186F0-605-255</styleUrl>
        <Polygon>
          <outerBoundaryIs>
            <LinearRing>
              <tessellate>1</tessellate>
              <coordinates>
                -113.4978027,53.5179284,0
                -113.4978135,53.517619,0
                -113.4977276,53.5176158,0
                -113.4977169,53.517938,0
                -113.4978027,53.5179284,0
              </coordinates>
            </LinearRing>
          </outerBoundaryIs>
        </Polygon>
      </Placemark>
      <Placemark>
        <name>4062</name>
        <description><![CDATA[15 Stalls<br>Rate: $1.00 / HR M to F; $1.00 / HR Sat to Sun<br>2 Hours Max<br><br>Hours of Operation<br>08:00 to 21:00 M to Sat<br>10:00 to 17:00 Sun<br><br>How to pay for parking?<br>Scanning QR codes<br>Pay online on the parking webpage: https://hotspotparking.com/users/products/edmontonparking <br>Download Hotspot Parking Transit Taxis app through Google Play or Apple Store. Create an account and pay through the app.<br>Create a HotSpot account online and link a payment card to pay through phone: 1-855-712-5888 ]]></description>
        <styleUrl>#poly-4186F0-605-255</styleUrl>
        <Polygon>
          <outerBoundaryIs>
            <LinearRing>
              <tessellate>1</tessellate>
              <coordinates>
                -113.5061287,53.5596962,0
                -113.5061877,53.5596197,0
                -113.5050183,53.5591291,0
                -113.5048895,53.5591513,0
                -113.5061287,53.5596962,0
              </coordinates>
            </LinearRing>
          </outerBoundaryIs>
        </Polygon>
      </Placemark>
      <Placemark>
        <name>5067</name>
        <description><![CDATA[9 Stalls<br>Rate: $1.00 / HR M to F; $1.00 / HR Sat to Sun<br>2 Hours Max<br><br>Hours of Operation<br>08:00 to 21:00 M to Sat<br>10:00 to 17:00 Sun<br><br>How to pay for parking?<br>Scanning QR codes<br>Pay online on the parking webpage:https://hotspotparking.com/users/products/edmontonparking <br>Download Hotspot Parking Transit Taxis app through Google Play or Apple Store. Create an account and pay through the app.<br>Create a HotSpot account online and link a payment card to pay through phone: 1-855-712-5888 ]]></description>
        <styleUrl>#poly-4186F0-605-255</styleUrl>
        <Polygon>
          <outerBoundaryIs>
            <LinearRing>
              <tessellate>1</tessellate>
              <coordinates>
                -113.5004258,53.5151654,0
                -113.5004285,53.5151143,0
                -113.4977329,53.5151287,0
                -113.4977302,53.5151765,0
                -113.5004258,53.5151654,0
              </coordinates>
            </LinearRing>
          </outerBoundaryIs>
        </Polygon>
      </Placemark>
      <Placemark>
        <name>5068</name>
        <description><![CDATA[12 Stalls<br>Rate: $1.00 / HR M to F; $1.00 / HR Sat to Sun<br>2 Hours Max<br><br>Hours of Operation<br>08:00 to 21:00 M to Sat<br>10:00 to 17:00 Sun<br><br>How to pay for parking?<br>Scanning QR codes<br>Pay online on the parking webpage:https://hotspotparking.com/users/products/edmontonparking <br>Download Hotspot Parking Transit Taxis app through Google Play or Apple Store. Create an account and pay through the app.<br>Create a HotSpot account online and link a payment card to pay through phone: 1-855-712-5888 ]]></description>
        <styleUrl>#poly-4186F0-605-255</styleUrl>
        <Polygon>
          <outerBoundaryIs>
            <LinearRing>
              <tessellate>1</tessellate>
              <coordinates>
                -113.5004231,53.5152282,0
                -113.4977409,53.5152362,0
                -113.4977383,53.5152808,0
                -113.5004285,53.5152633,0
                -113.5004231,53.5152282,0
              </coordinates>
            </LinearRing>
          </outerBoundaryIs>
        </Polygon>
      </Placemark>
      <Placemark>
        <name>5069</name>
        <description><![CDATA[13 Stalls<br>Rate: $1.00 / HR M to F; $1.00 / HR Sat to Sun<br>2 Hours Max<br><br>Hours of Operation<br>08:00 to 21:00 M to Sat<br>10:00 to 17:00 Sun<br><br>How to pay for parking?<br>Scanning QR codes<br>Pay online on the parking webpage:https://hotspotparking.com/users/products/edmontonparking <br>Download Hotspot Parking Transit Taxis app through Google Play or Apple Store. Create an account and pay through the app.<br>Create a HotSpot account online and link a payment card to pay through phone: 1-855-712-5888 ]]></description>
        <styleUrl>#poly-4186F0-605-255</styleUrl>
        <Polygon>
          <outerBoundaryIs>
            <LinearRing>
              <tessellate>1</tessellate>
              <coordinates>
                -113.49471,53.5161122,0
                -113.4974512,53.5161138,0
                -113.4974512,53.5160691,0
                -113.4947019,53.5160739,0
                -113.49471,53.5161122,0
              </coordinates>
            </LinearRing>
          </outerBoundaryIs>
        </Polygon>
      </Placemark>
      <Placemark>
        <name>5070</name>
        <description><![CDATA[7 Stalls<br>Rate: $1.00 / HR M to F; $1.00 / HR Sat to Sun<br>2 Hours Max<br><br>Hours of Operation<br>08:00 to 21:00 M to Sat<br>10:00 to 17:00 Sun<br><br>How to pay for parking?<br>Scanning QR codes<br>Pay online on the parking webpage:https://hotspotparking.com/users/products/edmontonparking <br>Download Hotspot Parking Transit Taxis app through Google Play or Apple Store. Create an account and pay through the app.<br>Create a HotSpot account online and link a payment card to pay through phone: 1-855-712-5888 ]]></description>
        <styleUrl>#poly-4186F0-605-255</styleUrl>
        <Polygon>
          <outerBoundaryIs>
            <LinearRing>
              <tessellate>1</tessellate>
              <coordinates>
                -113.497437,53.5161764,0
                -113.4947199,53.5161796,0
                -113.4947226,53.5162322,0
                -113.497437,53.5162227,0
                -113.497437,53.5161764,0
              </coordinates>
            </LinearRing>
          </outerBoundaryIs>
        </Polygon>
      </Placemark>
      <Placemark>
        <name>5071</name>
        <description><![CDATA[14 Stalls<br>Rate: $1.00 / HR M to F; $1.00 / HR Sat to Sun<br>2 Hours Max<br><br>Hours of Operation<br>08:00 to 21:00 M to Sat<br>10:00 to 17:00 Sun<br><br>How to pay for parking?<br>Scanning QR codes<br>Pay online on the parking webpage:https://hotspotparking.com/users/products/edmontonparking <br>Download Hotspot Parking Transit Taxis app through Google Play or Apple Store. Create an account and pay through the app.<br>Create a HotSpot account online and link a payment card to pay through phone: 1-855-712-5888 ]]></description>
        <styleUrl>#poly-4186F0-605-255</styleUrl>
        <Polygon>
          <outerBoundaryIs>
            <LinearRing>
              <tessellate>1</tessellate>
              <coordinates>
                -113.4948486,53.5170599,0
                -113.4974397,53.5170775,0
                -113.4974423,53.517028,0
                -113.494846,53.5170169,0
                -113.4948486,53.5170599,0
              </coordinates>
            </LinearRing>
          </outerBoundaryIs>
        </Polygon>
      </Placemark>
      <Placemark>
        <name>5072</name>
        <description><![CDATA[35 Stalls - Angle Parking<br>Rate: $1.00 / HR M to F; $1.00 / HR Sat to Sun<br>2 Hours Max<br><br>Hours of Operation<br>08:00 to 21:00 M to Sat<br>10:00 to 17:00 Sun<br><br>How to pay for parking?<br>Scanning QR codes<br>Pay online on the parking webpage:https://hotspotparking.com/users/products/edmontonparking <br>Download Hotspot Parking Transit Taxis app through Google Play or Apple Store. Create an account and pay through the app.<br>Create a HotSpot account online and link a payment card to pay through phone: 1-855-712-5888 ]]></description>
        <styleUrl>#poly-4186F0-605-255</styleUrl>
        <Polygon>
          <outerBoundaryIs>
            <LinearRing>
              <tessellate>1</tessellate>
              <coordinates>
                -113.4974397,53.5171333,0
                -113.494854,53.5171142,0
                -113.4948567,53.5171524,0
                -113.4974477,53.5171795,0
                -113.4974397,53.5171333,0
              </coordinates>
            </LinearRing>
          </outerBoundaryIs>
        </Polygon>
      </Placemark>
      <Placemark>
        <name>5073</name>
        <description><![CDATA[20 Stalls - Parallel Parking<br>Rate: $1.00 / HR M to F; $1.00 / HR Sat to Sun<br>2 Hours Max<br><br>Hours of Operation<br>08:00 to 21:00 M to Sat<br>10:00 to 17:00 Sun<br><br>How to pay for parking?<br>Scanning QR codes<br>Pay online on the parking webpage:https://hotspotparking.com/users/products/edmontonparking <br>Download Hotspot Parking Transit Taxis app through Google Play or Apple Store. Create an account and pay through the app.<br>Create a HotSpot account online and link a payment card to pay through phone: 1-855-712-5888 ]]></description>
        <styleUrl>#poly-4186F0-605-255</styleUrl>
        <Polygon>
          <outerBoundaryIs>
            <LinearRing>
              <tessellate>1</tessellate>
              <coordinates>
                -113.5034535,53.5170839,0
                -113.5034615,53.5170424,0
                -113.5005004,53.5170376,0
                -113.5005004,53.5170823,0
                -113.5034535,53.5170839,0
              </coordinates>
            </LinearRing>
          </outerBoundaryIs>
        </Polygon>
      </Placemark>
      <Placemark>
        <name>5074</name>
        <description><![CDATA[50 Stalls - Angle Parking<br>Rate: $1.00 / HR M to F; $1.00 / HR Sat to Sun<br>2 Hours Max<br><br>Hours of Operation<br>08:00 to 21:00 M to Sat<br>10:00 to 17:00 Sun<br><br>How to pay for parking?<br>Scanning QR codes<br>Pay online on the parking webpage:https://hotspotparking.com/users/products/edmontonparking <br>Download Hotspot Parking Transit Taxis app through Google Play or Apple Store. Create an account and pay through the app.<br>Create a HotSpot account online and link a payment card to pay through phone: 1-855-712-5888 ]]></description>
        <styleUrl>#poly-4186F0-605-255</styleUrl>
        <Polygon>
          <outerBoundaryIs>
            <LinearRing>
              <tessellate>1</tessellate>
              <coordinates>
                -113.5034588,53.5171445,0
                -113.5005084,53.5171381,0
                -113.5005084,53.5171764,0
                -113.5034588,53.5171891,0
                -113.5034588,53.5171445,0
              </coordinates>
            </LinearRing>
          </outerBoundaryIs>
        </Polygon>
      </Placemark>
      <Placemark>
        <name>5075</name>
        <description><![CDATA[8 Stalls<br>Rate: $1.00 / HR M to F; $1.00 / HR Sat to Sun<br>2 Hours Max<br><br>Hours of Operation<br>08:00 to 21:00 M to Sat<br>10:00 to 17:00 Sun<br><br>How to pay for parking?<br>Scanning QR codes<br>Pay online on the parking webpage:https://hotspotparking.com/users/products/edmontonparking <br>Download Hotspot Parking Transit Taxis app through Google Play or Apple Store. Create an account and pay through the app.<br>Create a HotSpot account online and link a payment card to pay through phone: 1-855-712-5888 ]]></description>
        <styleUrl>#poly-4186F0-605-255</styleUrl>
        <Polygon>
          <outerBoundaryIs>
            <LinearRing>
              <tessellate>1</tessellate>
              <coordinates>
                -113.5005138,53.5170264,0
                -113.5005916,53.5170233,0
                -113.5005889,53.5161732,0
                -113.5005165,53.5161716,0
                -113.5005138,53.5170264,0
              </coordinates>
            </LinearRing>
          </outerBoundaryIs>
        </Polygon>
      </Placemark>
      <Placemark>
        <name>5076</name>
        <description><![CDATA[14 Stalls - McIntyre Lot                                          Rate: $2.00 / HR M to F; $1.00 / HR Sat to Sun<br>No Max<br><br>Hours of Operation<br>08:00 to 21:00 M to Sat<br>10:00 to 17:00 Sun<br><br>How to pay for parking?<br>Scanning QR codes<br>Pay online on the parking webpage:https://hotspotparking.com/users/products/edmontonparking <br>Download Hotspot Parking Transit Taxis app through Google Play or Apple Store. Create an account and pay through the app.<br>Create a HotSpot account online and link a payment card to pay through phone: 1-855-712-5888 ]]></description>
        <styleUrl>#poly-4186F0-605-255</styleUrl>
        <Polygon>
          <outerBoundaryIs>
            <LinearRing>
              <tessellate>1</tessellate>
              <coordinates>
                -113.4966087,53.5192728,0
                -113.4966462,53.5191484,0
                -113.4963539,53.5191516,0
                -113.4963566,53.5192744,0
                -113.4966087,53.5192728,0
              </coordinates>
            </LinearRing>
          </outerBoundaryIs>
        </Polygon>
      </Placemark>
      <Placemark>
        <name>6069 ( Permanet Closure- Due LRT Construction)</name>
        <description><![CDATA[9 Stalls<br>Rate: $1.00 / HR M to F; $1.00 / HR Sat to Sun<br>CLOSED DUE LRT CONSTRUCTION<br>Hours of Operation<br>08:00 to 21:00 M to Sat<br>10:00 to 17:00 Sun<br><br>How to pay for parking?<br>Scanning QR codes<br>Pay online on the parking webpage:https://hotspotparking.com/users/products/edmontonparking <br>Download Hotspot Parking Transit Taxis app through Google Play or Apple Store. Create an account and pay through the app.<br>Create a HotSpot account online and link a payment card to pay through phone: 1-855-712-5888]]></description>
        <styleUrl>#poly-4186F0-605-255</styleUrl>
        <Polygon>
          <outerBoundaryIs>
            <LinearRing>
              <tessellate>1</tessellate>
              <coordinates>
                -113.5357664,53.5469389,0
                -113.535694,53.5469214,0
                -113.5356913,53.5477692,0
                -113.5357718,53.5477756,0
                -113.5357664,53.5469389,0
              </coordinates>
            </LinearRing>
          </outerBoundaryIs>
        </Polygon>
      </Placemark>
      <Placemark>
        <name>6058 </name>
        <description><![CDATA[6 more stalls, 1 more machine                            Rate: $2.00 / HR M to F; $1.00 / HR Sat to Sun<br><br>Hours of Operation<br>08:00 to 21:00 M to Sat<br>10:00 to 17:00 Sun<br><br>How to pay for parking?<br>Scanning QR codes<br>Pay online on the parking webpage:https://hotspotparking.com/users/products/edmontonparking <br>Download Hotspot Parking Transit Taxis app through Google Play or Apple Store. Create an account and pay through the app.<br>Create a HotSpot account online and link a payment card to pay through phone: 1-855-712-5888]]></description>
        <styleUrl>#poly-4186F0-605-255</styleUrl>
        <Polygon>
          <outerBoundaryIs>
            <LinearRing>
              <tessellate>1</tessellate>
              <coordinates>
                -113.5340767,53.5476828,0
                -113.5340659,53.5471792,0
                -113.5339855,53.5471792,0
                -113.5339952,53.5476894,0
                -113.5340767,53.5476828,0
              </coordinates>
            </LinearRing>
          </outerBoundaryIs>
        </Polygon>
      </Placemark>
      <Placemark>
        <name>6070 - Temporarily Closed to facilitate construction activities.</name>
        <description><![CDATA[- 10 stalls, 2 machines required                          Rate: $1.00 / HR M to F; $1.00 / HR Sat to Sun<br><br>Hours of Operation<br>08:00 to 21:00 M to Sat<br>10:00 to 17:00 Sun<br><br>How to pay for parking?<br>Scanning QR codes<br>Pay online on the parking webpage:https://hotspotparking.com/users/products/edmontonparking <br>Download Hotspot Parking Transit Taxis app through Google Play or Apple Store. Create an account and pay through the app.<br>Create a HotSpot account online and link a payment card to pay through phone: 1-855-712-5888]]></description>
        <styleUrl>#poly-4186F0-605-255</styleUrl>
        <Polygon>
          <outerBoundaryIs>
            <LinearRing>
              <tessellate>1</tessellate>
              <coordinates>
                -113.5343288,53.5476334,0
                -113.5343127,53.5467633,0
                -113.5342054,53.5467378,0
                -113.5342108,53.5476271,0
                -113.5343288,53.5476334,0
              </coordinates>
            </LinearRing>
          </outerBoundaryIs>
        </Polygon>
      </Placemark>
      <Placemark>
        <name>2001 Expansion</name>
        <description><![CDATA[Rate: $3.50 / HR M to F; $1.00 / HR Sat to Sun<br>2 Hours Max<br><br>Hours of Operation<br>08:00 to 21:00 M to Sat (see exceptions below)<br>10:00 to 17:00 Sun<br><br>Event Rates:<br>Rate $3.50 / HR <br>5 Hours Max<br><br>On Non-event Nights:<br>No Pay 21:00 to 08:00<br><br>How to pay for parking?<br>Scanning QR codes<br>Pay online on the parking: webpage: https://hotspotparking.com/users/products/edmontonparking <br>Download Hotspot Parking Transit Taxis app through Google Play or Apple Store. Create an account and pay through the app.<br>Create a HotSpot account online and link a payment card to pay through phone: 1-855-712-5888 ]]></description>
        <styleUrl>#poly-4186F0-605-255</styleUrl>
        <Polygon>
          <outerBoundaryIs>
            <LinearRing>
              <tessellate>1</tessellate>
              <coordinates>
                -113.497332,53.5419926,0
                -113.4973266,53.5410331,0
                -113.4971925,53.5410362,0
                -113.4971925,53.5419734,0
                -113.497332,53.5419926,0
              </coordinates>
            </LinearRing>
          </outerBoundaryIs>
        </Polygon>
      </Placemark>
      <Placemark>
        <name>4061</name>
        <description><![CDATA[38 Stalls<br>Rate: $1.00 / HR M to F; $1.00 / HR Sat to Sun<br>2 Hours Max<br><br>Hours of Operation<br>08:00 to 21:00 M to Sat<br>10:00 to 17:00 Sun<br><br>How to pay for parking?<br>Scanning QR codes<br>Pay online on the parking webpage: https://hotspotparking.com/users/products/edmontonparking <br>Download Hotspot Parking Transit Taxis app through Google Play or Apple Store. Create an account and pay through the app.<br>Create a HotSpot account online and link a payment card to pay through phone: 1-855-712-5888 ]]></description>
        <styleUrl>#poly-4186F0-605-255</styleUrl>
        <Polygon>
          <outerBoundaryIs>
            <LinearRing>
              <tessellate>1</tessellate>
              <coordinates>
                -113.5076223,53.5738495,0
                -113.5077161,53.5738479,0
                -113.5077027,53.570457,0
                -113.5076115,53.5704602,0
                -113.5076223,53.5738495,0
              </coordinates>
            </LinearRing>
          </outerBoundaryIs>
        </Polygon>
      </Placemark>
      <Placemark>
        <name>2009 </name>
        <description><![CDATA[Rate: $3.50 / HR M to F; $1.00 / HR Sat<br>2 Hours Max<br>Hours of Operation<br>09:00 to 22:00 M to Sat (see exceptions below)<br><br>Event Rates:<br>Rate $3.50 / HR <br>2 Hours Max<br><br>On Non-event Nights:<br>No Pay 18:00 to 09:00<br><br>How to pay for parking?<br>Scanning QR codes<br>Pay online on the parking: webpage:https://hotspotparking.com/users/products/edmontonparking <br>Download Hotspot Parking Transit Taxis app through Google Play or Apple Store. Create an account and pay through the app.<br>Create a HotSpot account online and link a payment card to pay through phone: 1-855-712-5888 ]]></description>
        <styleUrl>#poly-4186F0-605-255</styleUrl>
        <Polygon>
          <outerBoundaryIs>
            <LinearRing>
              <tessellate>1</tessellate>
              <coordinates>
                -113.4984232,53.5447223,0
                -113.4984178,53.5446458,0
                -113.4977258,53.5446441,0
                -113.4977312,53.5447143,0
                -113.4984232,53.5447223,0
              </coordinates>
            </LinearRing>
          </outerBoundaryIs>
        </Polygon>
      </Placemark>
      <Placemark>
        <name>1057 TEMP  ETS STOP _ NO PARKING</name>
        <description><![CDATA[2 Accessible Stalls added<br>Rate: $3.50 / HR M to F; $1.00 / HR Sat to Sun<br>Hours of Operation<br>08:00 to 21:00 M to Sat<br>2 Hours Max<br><br>Event Rates:<br>Rate $3.50 / HR <br>5 Hours Max                                                              On Non-event Nights:<br>No Pay 21:00 to 07:00<br><br>How to pay for parking?<br>Scanning QR codes<br>Pay online on the parking: webpage: https://hotspotparking.com/users/products/edmontonparking <br>Download Hotspot Parking Transit Taxis app through Google Play or Apple Store. Create an account and pay through the app.<br>Create a HotSpot account online and link a payment card to pay through phone: 1-855-712-5888 ]]></description>
        <styleUrl>#poly-4186F0-605-255</styleUrl>
        <Polygon>
          <outerBoundaryIs>
            <LinearRing>
              <tessellate>1</tessellate>
              <coordinates>
                -113.4972829,53.5445589,0
                -113.4973097,53.5445016,0
                -113.4964245,53.5444984,0
                -113.4964192,53.5445494,0
                -113.4972829,53.5445589,0
              </coordinates>
            </LinearRing>
          </outerBoundaryIs>
        </Polygon>
      </Placemark>
      <Placemark>
        <name>Partial 2009 TEMP ETS STOP = NO PARKING</name>
        <styleUrl>#poly-4186F0-605-255-nodesc</styleUrl>
        <Polygon>
          <outerBoundaryIs>
            <LinearRing>
              <tessellate>1</tessellate>
              <coordinates>
                -113.4984472,53.544713,0
                -113.4990775,53.5447114,0
                -113.4990695,53.5446636,0
                -113.4984392,53.5446684,0
                -113.4984472,53.544713,0
              </coordinates>
            </LinearRing>
          </outerBoundaryIs>
        </Polygon>
      </Placemark>
      <Placemark>
        <name>2012 - TEMP ETS STOP NO PARKING</name>
        <description><![CDATA[Rate: $2.00 / HR M to F; $1.00 / HR Sat to Sun<br>2 Hours Max<br><br>Hours of Operation<br>08:00 to 21:00 M to Sat (see exceptions below)<br>10:00 to 17:00 Sun<br><br>Event Rates:<br>Rate $3.50 / HR <br>5 Hours Max<br><br>On Non-event Nights:<br>No Pay 21:00 to 08:00<br><br>How to pay for parking?<br>Scanning QR codes<br>Pay online on the parking: webpage: https://hotspotparking.com/users/products/edmontonparking <br>Download Hotspot Parking Transit Taxis app through Google Play or Apple Store. Create an account and pay through the app.<br>Create a HotSpot account online and link a payment card to pay through phone: 1-855-712-5888 ]]></description>
        <styleUrl>#poly-4186F0-605-255</styleUrl>
        <Polygon>
          <outerBoundaryIs>
            <LinearRing>
              <tessellate>1</tessellate>
              <coordinates>
                -113.5009684,53.5445684,0
                -113.501006,53.5445205,0
                -113.5003569,53.5445078,0
                -113.5003515,53.5445652,0
                -113.5009684,53.5445684,0
              </coordinates>
            </LinearRing>
          </outerBoundaryIs>
        </Polygon>
      </Placemark>
      <Placemark>
        <name>2032- TEMP ETS STOP No Parking</name>
        <description><![CDATA[Rate: $2.00 / HR M to F; $1.00 / HR Sat to Sun<br>2 Hours Max<br><br>Hours of Operation<br>08:00 to 21:00 M to Sat (see exceptions below)<br>10:00 to 17:00 Sun<br><br>Event Rates:<br>Rate $3.50 / HR <br>5 Hours Max<br><br>On Non-event Nights:<br>No Pay 21:00 to 08:00<br><br>How to pay for parking?<br>Scanning QR codes<br>Pay online on the parking: webpage: https://hotspotparking.com/users/products/edmontonparking <br>Download Hotspot Parking Transit Taxis app through Google Play or Apple Store. Create an account and pay through the app.<br>Create a HotSpot account online and link a payment card to pay through phone: 1-855-712-5888 ]]></description>
        <styleUrl>#poly-4186F0-605-255</styleUrl>
        <Polygon>
          <outerBoundaryIs>
            <LinearRing>
              <tessellate>1</tessellate>
              <coordinates>
                -113.504702,53.5445716,0
                -113.5047181,53.5445142,0
                -113.5039027,53.5445174,0
                -113.503892,53.5445684,0
                -113.504702,53.5445716,0
              </coordinates>
            </LinearRing>
          </outerBoundaryIs>
        </Polygon>
      </Placemark>
      <Placemark>
        <name>6028</name>
        <description><![CDATA[5 Stallls<br>Rate: $2.00 / HR M to F; $1.00 / HR Sat to Sun<br>2 Hours Max<br><br>Hours of Operation<br>08:00 to 21:00 M to Sat<br>10:00 to 17:00 Sun<br><br>How to pay for parking?<br>Scanning QR codes<br>Pay online on the parking webpage:https://hotspotparking.com/users/products/edmontonparking <br>Download Hotspot Parking Transit Taxis app through Google Play or Apple Store. Create an account and pay through the app.<br>Create a HotSpot account online and link a payment card to pay through phone: 1-855-712-5888]]></description>
        <styleUrl>#poly-4186F0-605-255</styleUrl>
        <Polygon>
          <outerBoundaryIs>
            <LinearRing>
              <tessellate>1</tessellate>
              <coordinates>
                -113.5140986,53.5407992,0
                -113.5141093,53.5403991,0
                -113.5140289,53.5403991,0
                -113.5140342,53.5408024,0
                -113.5140986,53.5407992,0
              </coordinates>
            </LinearRing>
          </outerBoundaryIs>
        </Polygon>
      </Placemark>
      <Placemark>
        <name>1061 - CLOSED for 10 Months Construction</name>
        <description><![CDATA[4 Stalls<br>Rate: $2.00 / HR M to F; $1.00 / HR Sat to Sun<br>2 Hours Max<br>Tow Away M to F<br>07:00 to 09:00 and 15:30 - 18:00<br><br>How to pay for parking?<br>Scanning QR codes<br>Pay online on the parking: webpage: https://hotspotparking.com/users/products/edmontonparking <br>Download Hotspot Parking Transit Taxis app through Google Play or Apple Store. Create an account and pay through the app.<br>Create a HotSpot account online and link a payment card to pay through phone: 1-855-712-5888]]></description>
        <styleUrl>#poly-4186F0-605-255</styleUrl>
        <Polygon>
          <outerBoundaryIs>
            <LinearRing>
              <tessellate>1</tessellate>
              <coordinates>
                -113.4935513,53.5430107,0
                -113.493554,53.5427222,0
                -113.493672,53.5427154,0
                -113.4936693,53.5430119,0
                -113.4935513,53.5430107,0
              </coordinates>
            </LinearRing>
          </outerBoundaryIs>
        </Polygon>
      </Placemark>
      <Placemark>
        <name>8000</name>
        <description><![CDATA[8000<br>Description<br>38 Stalls<br>Rate: $1.00 / HR M to F; $1.00 / HR Sat to Sun<br>2 Hours Max<br><br>Hours of Operation<br>08:00 to 21:00 M to Sat<br>10:00 to 17:00 Sun<br><br>How to pay for parking?<br>Scanning QR codes<br>Pay online on the parking webpage:https://hotspotparking.com/users/products/edmontonparking <br>Download Hotspot Parking Transit Taxis app through Google Play or Apple Store. Create an account and pay through the app.<br>Create a HotSpot account online and link a payment card to pay through phone: 1-855-712-5888]]></description>
        <styleUrl>#poly-4186F0-605-255</styleUrl>
        <Polygon>
          <outerBoundaryIs>
            <LinearRing>
              <tessellate>1</tessellate>
              <coordinates>
                -113.5196336,53.5496207,0
                -113.5196228,53.5483968,0
                -113.5195692,53.5484159,0
                -113.5195692,53.5496334,0
                -113.5196336,53.5496207,0
              </coordinates>
            </LinearRing>
          </outerBoundaryIs>
        </Polygon>
      </Placemark>
      <Placemark>
        <name>8002</name>
        <description><![CDATA[8002<br>description<br>34 Stalls<br>Rate: $1.00 / HR M to F; $1.00 / HR Sat to Sun<br>2 Hours Max<br><br>Hours of Operation<br>08:00 to 21:00 M to Sat<br>10:00 to 17:00 Sun<br><br>How to pay for parking?<br>Scanning QR codes<br>Pay online on the parking webpage:https://hotspotparking.com/users/products/edmontonparking <br>Download Hotspot Parking Transit Taxis app through Google Play or Apple Store. Create an account and pay through the app.<br>Create a HotSpot account online and link a payment card to pay through phone: 1-855-712-5888]]></description>
        <styleUrl>#poly-4186F0-605-255</styleUrl>
        <Polygon>
          <outerBoundaryIs>
            <LinearRing>
              <tessellate>1</tessellate>
              <coordinates>
                -113.5177694,53.5496485,0
                -113.5177802,53.5484087,0
                -113.5177212,53.5484087,0
                -113.5177158,53.5496645,0
                -113.5177694,53.5496485,0
              </coordinates>
            </LinearRing>
          </outerBoundaryIs>
        </Polygon>
      </Placemark>
      <Placemark>
        <name>8003</name>
        <description><![CDATA[8003<br>Description<br>30 Stalls<br>Rate: $1.00 / HR M to F; $1.00 / HR Sat to Sun<br>2 Hours Max<br><br>Hours of Operation<br>08:00 to 21:00 M to Sat<br>10:00 to 17:00 Sun<br><br>How to pay for parking?<br>Scanning QR codes<br>Pay online on the parking webpage:https://hotspotparking.com/users/products/edmontonparking <br>Download Hotspot Parking Transit Taxis app through Google Play or Apple Store. Create an account and pay through the app.<br>Create a HotSpot account online and link a payment card to pay through phone: 1-855-712-5888]]></description>
        <styleUrl>#poly-4186F0-605-255</styleUrl>
        <Polygon>
          <outerBoundaryIs>
            <LinearRing>
              <tessellate>1</tessellate>
              <coordinates>
                -113.5175924,53.5496318,0
                -113.5175817,53.5484111,0
                -113.517528,53.5484143,0
                -113.5175441,53.5496477,0
                -113.5175924,53.5496318,0
              </coordinates>
            </LinearRing>
          </outerBoundaryIs>
        </Polygon>
      </Placemark>
      <Placemark>
        <name>8004</name>
        <description><![CDATA[8004<br>description<br>38 Stalls<br>Rate: $1.00 / HR M to F; $1.00 / HR Sat to Sun<br>2 Hours Max<br><br>Hours of Operation<br>08:00 to 21:00 M to Sat<br>10:00 to 17:00 Sun<br><br>How to pay for parking?<br>Scanning QR codes<br>Pay online on the parking webpage:https://hotspotparking.com/users/products/edmontonparking <br>Download Hotspot Parking Transit Taxis app through Google Play or Apple Store. Create an account and pay through the app.<br>Create a HotSpot account online and link a payment card to pay through phone: 1-855-712-5888]]></description>
        <styleUrl>#poly-4186F0-605-255</styleUrl>
        <Polygon>
          <outerBoundaryIs>
            <LinearRing>
              <tessellate>1</tessellate>
              <coordinates>
                -113.5122669,53.5494299,0
                -113.5122776,53.548359,0
                -113.5122132,53.5483686,0
                -113.5122132,53.5494459,0
                -113.5122669,53.5494299,0
              </coordinates>
            </LinearRing>
          </outerBoundaryIs>
        </Polygon>
      </Placemark>
      <Placemark>
        <name>8005</name>
        <description><![CDATA[8005<br>description<br>45 Stalls<br>Rate: $1.00 / HR M to F; $1.00 / HR Sat to Sun<br>2 Hours Max<br><br>Hours of Operation<br>08:00 to 21:00 M to Sat<br>10:00 to 17:00 Sun<br><br>How to pay for parking?<br>Scanning QR codes<br>Pay online on the parking webpage:https://hotspotparking.com/users/products/edmontonparking <br>Download Hotspot Parking Transit Taxis app through Google Play or Apple Store. Create an account and pay through the app.<br>Create a HotSpot account online and link a payment card to pay through phone: 1-855-712-5888]]></description>
        <styleUrl>#poly-4186F0-605-255</styleUrl>
        <Polygon>
          <outerBoundaryIs>
            <LinearRing>
              <tessellate>1</tessellate>
              <coordinates>
                -113.5120845,53.5496148,0
                -113.5120577,53.5483973,0
                -113.5120094,53.5484196,0
                -113.5120201,53.549618,0
                -113.5120845,53.5496148,0
              </coordinates>
            </LinearRing>
          </outerBoundaryIs>
        </Polygon>
      </Placemark>
      <Placemark>
        <name>8006</name>
        <description><![CDATA[8006<br>description<br>35 Stalls<br>Rate: $1.00 / HR M to F; $1.00 / HR Sat to Sun<br>2 Hours Max<br><br>Hours of Operation<br>08:00 to 21:00 M to Sat<br>10:00 to 17:00 Sun<br><br>How to pay for parking?<br>Scanning QR codes<br>Pay online on the parking webpage:https://hotspotparking.com/users/products/edmontonparking <br>Download Hotspot Parking Transit Taxis app through Google Play or Apple Store. Create an account and pay through the app.<br>Create a HotSpot account online and link a payment card to pay through phone: 1-855-712-5888]]></description>
        <styleUrl>#poly-4186F0-605-255</styleUrl>
        <Polygon>
          <outerBoundaryIs>
            <LinearRing>
              <tessellate>1</tessellate>
              <coordinates>
                -113.5104162,53.5496307,0
                -113.5104269,53.5485917,0
                -113.5103733,53.5485981,0
                -113.5103679,53.5496562,0
                -113.5104162,53.5496307,0
              </coordinates>
            </LinearRing>
          </outerBoundaryIs>
        </Polygon>
      </Placemark>
      <Placemark>
        <name>8007</name>
        <description><![CDATA[8007<br>description<br>11Stalls<br>Rate: $1.00 / HR M to F; $1.00 / HR Sat to Sun<br>2 Hours Max<br><br>Hours of Operation<br>08:00 to 21:00 M to Sat<br>10:00 to 17:00 Sun<br><br>How to pay for parking?<br>Scanning QR codes<br>Pay online on the parking webpage:https://hotspotparking.com/users/products/edmontonparking <br>Download Hotspot Parking Transit Taxis app through Google Play or Apple Store. Create an account and pay through the app.<br>Create a HotSpot account online and link a payment card to pay through phone: 1-855-712-5888]]></description>
        <styleUrl>#poly-4186F0-605-255</styleUrl>
        <Polygon>
          <outerBoundaryIs>
            <LinearRing>
              <tessellate>1</tessellate>
              <coordinates>
                -113.5101719,53.5488904,0
                -113.5102094,53.5488936,0
                -113.5102094,53.5486004,0
                -113.5101719,53.548594,0
                -113.5101719,53.5488904,0
              </coordinates>
            </LinearRing>
          </outerBoundaryIs>
        </Polygon>
      </Placemark>
      <Placemark>
        <name>8001</name>
        <description><![CDATA[8001<br>Description<br>36 Stalls<br>Rate: $1.00 / HR M to F; $1.00 / HR Sat to Sun<br>2 Hours Max<br><br>Hours of Operation<br>08:00 to 21:00 M to Sat<br>10:00 to 17:00 Sun<br><br>How to pay for parking?<br>Scanning QR codes<br>Pay online on the parking webpage:https://hotspotparking.com/users/products/edmontonparking <br>Download Hotspot Parking Transit Taxis app through Google Play or Apple Store. Create an account and pay through the app.<br>Create a HotSpot account online and link a payment card to pay through phone: 1-855-712-5888]]></description>
        <styleUrl>#poly-4186F0-605-255</styleUrl>
        <Polygon>
          <outerBoundaryIs>
            <LinearRing>
              <tessellate>1</tessellate>
              <coordinates>
                -113.5194431,53.5496286,0
                -113.5194539,53.5484111,0
                -113.5193841,53.5484111,0
                -113.5193788,53.5496318,0
                -113.5194431,53.5496286,0
              </coordinates>
            </LinearRing>
          </outerBoundaryIs>
        </Polygon>
      </Placemark>
      <Placemark>
        <name>7030 - Orange Hub</name>
        <description><![CDATA[180 Stalls                                                                 Days & Hours<br>Hourly Rates<br><br>Monday to Friday 7am - 5pm $2/hr ($10 max)<br>5pm - 12am  $2/hr ($8 max)<br>12am - 7am    CLOSED<br><br>Saturday 8am - 5pm  $2/hr ($10 max)<br>5pm - 11pm   $2/hr ($8 max)<br>11pm - 8am     CLOSED<br><br>Sunday  8am - 8pm  $2/hr ($10 max)<br>Statutory Holidays* (as per Traffic Bylaw 5590)<br>8 am - 8 pm (follows Sunday hours)    Free<br><br>How to pay for parking?<br>Scanning QR codes<br>Pay online on the parking webpage:https://hotspotparking.com/users/products/edmontonparking <br>Download Hotspot Parking Transit Taxis app through Google Play or Apple Store. Create an account and pay through the app.<br>Create a HotSpot account online and link a payment card to pay through phone: 1-855-712-5888]]></description>
        <styleUrl>#poly-4186F0-605-255</styleUrl>
        <Polygon>
          <outerBoundaryIs>
            <LinearRing>
              <tessellate>1</tessellate>
              <coordinates>
                -113.5896272,53.5403634,0
                -113.5896272,53.5399681,0
                -113.5887475,53.5399745,0
                -113.5887367,53.5403475,0
                -113.5896272,53.5403634,0
              </coordinates>
            </LinearRing>
          </outerBoundaryIs>
        </Polygon>
      </Placemark>
      <Placemark>
        <name>2016</name>
        <description><![CDATA[12 Stalls<br>Rate: $2.00 / HR M to F; $1.00 / HR Sat to Sun<br>2 Hours Max<br>Hours of Operation<br>08:00 to 21:00 M to Sat (see exceptions below) <br>10:00 to 17:00 Sun<br><br><br>Event Rates:<br>Rate $3.50 / HR <br>5 Hours Max<br><br>How to pay for parking?<br>Scanning QR codes<br>Pay online on the parking: webpage: https://hotspotparking.com/users/products/edmontonparking <br>Download Hotspot Parking Transit Taxis app through Google Play or Apple Store. Create an account and pay through the app.<br>Create a HotSpot account online and link a payment card to pay through phone: 1-855-712-5888 <br>On Non-event Nights:<br>No Pay 21:00 to 07:00]]></description>
        <styleUrl>#poly-4186F0-605-255</styleUrl>
        <Polygon>
          <outerBoundaryIs>
            <LinearRing>
              <tessellate>1</tessellate>
              <coordinates>
                -113.4989143,53.5430492,0
                -113.4976054,53.543046,0
                -113.4976081,53.5430954,0
                -113.4989224,53.5430986,0
                -113.4989143,53.5430492,0
              </coordinates>
            </LinearRing>
          </outerBoundaryIs>
        </Polygon>
      </Placemark>
      <Placemark>
        <name>2041</name>
        <description><![CDATA[3 Stalls          OPEN                                                            Hours of Operation<br>08:00 to 21:00 M to Sat (see exceptions below)<br>10:00 to 17:00 Sun<br><br>Event Rates:<br>Rate $3.50 / HR <br>5 Hours Max<br><br>On Non-event Nights:<br>No Pay 21:00 to 08:00<br><br>How to pay for parking?<br>Scanning QR codes<br>Pay online on the parking: webpage: https://hotspotparking.com/users/products/edmontonparking <br>Download Hotspot Parking Transit Taxis app through Google Play or Apple Store. Create an account and pay through the app.<br>Create a HotSpot account online and link a payment card to pay through phone: 1-855-712-5888 ]]></description>
        <styleUrl>#poly-4186F0-605-255</styleUrl>
        <Polygon>
          <outerBoundaryIs>
            <LinearRing>
              <tessellate>1</tessellate>
              <coordinates>
                -113.5047228,53.5415022,0
                -113.5047496,53.5412584,0
                -113.5046316,53.5412584,0
                -113.5046262,53.5415054,0
                -113.5047228,53.5415022,0
              </coordinates>
            </LinearRing>
          </outerBoundaryIs>
        </Polygon>
      </Placemark>
      <Placemark>
        <name>1031 </name>
        <description><![CDATA[4 Stalls<br>Rate: $3.50 / HR M to F; $1.00 / HR Sat to Sun<br>2 Hours Max<br><br>Hours of Operation<br>08:00 to 21:00 M to Sat (see exceptions below)<br>10:00 to 17:00 Sun<br>2 Hours Max<br><br>Event Rates:<br>Rate $3.50 / HR <br>5 Hours Max<br><br>On Non-event Nights:<br>No Pay 21:00 to 08:00<br><br>How to pay for parking?<br>Scanning QR codes<br>Pay online on the parking: webpage: https://hotspotparking.com/users/products/edmontonparking <br>Download Hotspot Parking Transit Taxis app through Google Play or Apple Store. Create an account and pay through the app.<br>Create a HotSpot account online and link a payment card to pay through phone: 1-855-712-5888]]></description>
        <styleUrl>#poly-4186F0-605-255</styleUrl>
        <Polygon>
          <outerBoundaryIs>
            <LinearRing>
              <tessellate>1</tessellate>
              <coordinates>
                -113.4882667,53.5424059,0
                -113.4882345,53.5423469,0
                -113.4875801,53.5424442,0
                -113.487623,53.5425016,0
                -113.4882667,53.5424059,0
              </coordinates>
            </LinearRing>
          </outerBoundaryIs>
        </Polygon>
      </Placemark>
      <Placemark>
        <name>9200-OSFM- </name>
        <description><![CDATA[Monday to Sunday<br>6am - 5pm: $2.50 per hour - Daily Rate: $8 Max<br>5pm - 2am: $2.50 per hour - Daily Rate: $6 Max<br>2am - 6am: $2.50 per hour - Daily Rate: $5 Max<br>Statutory Holidays* (as per Traffic Bylaw 5590)<br>Free<br><br>How to pay for parking?<br>Scanning QR codes<br>Pay online on the parking webpage:https://hotspotparking.com/users/products/edmontonparking <br>Download Hotspot Parking Transit Taxis app through Google Play or Apple Store. Create an account and pay through the app.<br>Create a HotSpot account online and link a payment card to pay through phone: 1-855-712-5888 <br><br>Payment options: HotSpot App, Scanning QR code or online@ https://hotspotparking.com/users/products/edmontonparking]]></description>
        <styleUrl>#poly-4186F0-605-255</styleUrl>
        <Polygon>
          <outerBoundaryIs>
            <LinearRing>
              <tessellate>1</tessellate>
              <coordinates>
                -113.4952496,53.5209259,0
                -113.4950887,53.5199915,0
                -113.4945952,53.5191271,0
                -113.4941016,53.5191367,0
                -113.4941566,53.5194019,0
                -113.4942009,53.5196351,0
                -113.494225,53.5199102,0
                -113.4943377,53.5204476,0
                -113.4944396,53.5209244,0
                -113.4947883,53.52091,0
                -113.4952496,53.5209259,0
              </coordinates>
            </LinearRing>
          </outerBoundaryIs>
        </Polygon>
      </Placemark>
      <Placemark>
        <name>9210</name>
        <description>$2.00 / HR M to F; $1.00 / HR Sat to Sun; No Max HRS, 08:00 to 21:00 M to Sat, 10:00 to 17:00 Sun</description>
        <styleUrl>#poly-4186F0-605-255</styleUrl>
        <Polygon>
          <outerBoundaryIs>
            <LinearRing>
              <tessellate>1</tessellate>
              <coordinates>
                -113.4961984,53.5187082,0
                -113.4961984,53.5186863,0
                -113.4961421,53.5186867,0
                -113.4961421,53.5187082,0
                -113.4961984,53.5187082,0
              </coordinates>
            </LinearRing>
          </outerBoundaryIs>
        </Polygon>
      </Placemark>
    </Folder>
    <Folder>
      <name>Parking Regions</name>
      <Placemark>
        <name>Region A $2.00/hr Boyle Street </name>
        <description><![CDATA[Rate: $2.00 / HR M to F; $1.00 / HR Sat<br>Hours of Operation<br>09:00 to 18:00 M to Sat]]></description>
        <styleUrl>#poly-F4EB37-1200-77</styleUrl>
        <Polygon>
          <outerBoundaryIs>
            <LinearRing>
              <tessellate>1</tessellate>
              <coordinates>
                -113.4852514,53.5419992,0
                -113.4788141,53.544715,0
                -113.481389,53.5497127,0
                -113.4880409,53.5484251,0
                -113.4852514,53.5419992,0
              </coordinates>
            </LinearRing>
          </outerBoundaryIs>
        </Polygon>
      </Placemark>
      <Placemark>
        <name>Region B $3.50/hr Central Downtown</name>
        <description><![CDATA[Curbside Rates: $3.50 / HR M to F; <br>                              $1.00 / HR Sat<br>Hours of Operation<br>09:00 to 22:00 M to Sat (see exceptions below)<br><br>On Event Nights: <br>Rate $3.50 / HR 17:00 to 22:00 <br>5 Hours Max<br><br>On Non-event Nights: <br>No Pay 18:00 to 09::00<br><br>NOTE: Curbside rates do not apply to parkades located in this region. Please click on parkades (7000, 7010, 7020) for rates and details]]></description>
        <styleUrl>#poly-009D57-1200-77</styleUrl>
        <Polygon>
          <outerBoundaryIs>
            <LinearRing>
              <tessellate>1</tessellate>
              <coordinates>
                -113.4873643,53.5465945,0
                -113.5007821,53.5461232,0
                -113.5007539,53.5447968,0
                -113.4974494,53.5447841,0
                -113.4974708,53.5443633,0
                -113.5007753,53.5443888,0
                -113.5009323,53.5407743,0
                -113.4971845,53.5407455,0
                -113.4935226,53.5409461,0
                -113.4881584,53.5411819,0
                -113.4854331,53.5420937,0
                -113.4873643,53.5465945,0
              </coordinates>
            </LinearRing>
          </outerBoundaryIs>
        </Polygon>
      </Placemark>
      <Placemark>
        <name>Region C $2.00/hr Downtown West </name>
        <description><![CDATA[Rate: $2.00 / HR M to F; $1.00 / HR Sat<br>Hours of Operation<br>09:00 to 22:00 M to Sat (see exceptions below)<br><br>On Event Nights: <br>Rate $3.50 / HR 17:00 to 22:00<br>5 Hours Max<br><br>On Non-event Nights: <br>No Pay 18:00 to 09::00]]></description>
        <styleUrl>#poly-0BA9CC-1200-77</styleUrl>
        <Polygon>
          <outerBoundaryIs>
            <LinearRing>
              <tessellate>1</tessellate>
              <coordinates>
                -113.5009537,53.5409401,0
                -113.5009073,53.5444115,0
                -113.4974708,53.5443697,0
                -113.4974494,53.5447905,0
                -113.5007539,53.5448032,0
                -113.5007821,53.5461296,0
                -113.5103452,53.5461344,0
                -113.5102711,53.5409197,0
                -113.5009537,53.5409401,0
              </coordinates>
            </LinearRing>
          </outerBoundaryIs>
        </Polygon>
      </Placemark>
      <Placemark>
        <name>Region D $2.50/hr South of Jasper Ave</name>
        <description><![CDATA[Rate: $2.50 / HR M to F; $1.00 / HR Sat<br>Hours of Operation<br>09:00 to 18:00 M to Sat]]></description>
        <styleUrl>#poly-7C3592-1200-77</styleUrl>
        <Polygon>
          <outerBoundaryIs>
            <LinearRing>
              <tessellate>1</tessellate>
              <coordinates>
                -113.5090792,53.540894,0
                -113.5091576,53.535729,0
                -113.4970555,53.5356079,0
                -113.4919908,53.5394018,0
                -113.4920749,53.5408444,0
                -113.5009323,53.5407552,0
                -113.5009537,53.5409146,0
                -113.5090792,53.540894,0
              </coordinates>
            </LinearRing>
          </outerBoundaryIs>
        </Polygon>
      </Placemark>
      <Placemark>
        <name>Region E $1.00/hr McCauley</name>
        <description><![CDATA[Rate: $1.00/ HR M to F; $1.00 / HR Sat<br>Hours of Operation<br>09:00 to 22:00 M to Sat (see exceptions below)<br><br>On Event Nights: <br>Rate $3.50 / HR 17:00 to 22:00<br>5 Hours Max<br><br>On Non-event Nights: <br>No Pay 18:00 to 09::00]]></description>
        <styleUrl>#poly-D698AD-1200-77</styleUrl>
        <Polygon>
          <outerBoundaryIs>
            <LinearRing>
              <tessellate>1</tessellate>
              <coordinates>
                -113.4985063,53.5535591,0
                -113.4985492,53.5484087,0
                -113.4943864,53.5483832,0
                -113.4880563,53.5491609,0
                -113.4901377,53.5543621,0
                -113.4946224,53.5535973,0
                -113.4985063,53.5535591,0
              </coordinates>
            </LinearRing>
          </outerBoundaryIs>
        </Polygon>
      </Placemark>
      <Placemark>
        <name>Region F $2.00/hr Spruce Ave</name>
        <description><![CDATA[Rate: $2.00 / HR M to F; $1.00 / HR Sat<br>Hours of Operation<br>09:00 to 18:00 M to Sat]]></description>
        <styleUrl>#poly-62AF44-1200-77</styleUrl>
        <Polygon>
          <outerBoundaryIs>
            <LinearRing>
              <tessellate>1</tessellate>
              <coordinates>
                -113.507684,53.5706602,0
                -113.5045083,53.5587573,0
                -113.4940799,53.5587318,0
                -113.494037,53.5559532,0
                -113.4925778,53.5559786,0
                -113.4928353,53.5705073,0
                -113.507684,53.5706602,0
              </coordinates>
            </LinearRing>
          </outerBoundaryIs>
        </Polygon>
      </Placemark>
      <Placemark>
        <name>Region G $1.00 - $2.00/hour Central McDougall</name>
        <description><![CDATA[Rate: $1.00 - $2.00 / HR M to F; $1.00 / HR Sat<br>Hours of Operation<br>09:00 to 22:00 M to Sat (see exceptions below)<br><br>On Event Nights: <br>Rate $3.50 / HR 17:00 to 22:00<br>5 Hours Max<br><br>On Non-event Nights: <br>No Pay 18:00 to 09:00]]></description>
        <styleUrl>#poly-DB4436-1200-77</styleUrl>
        <Polygon>
          <outerBoundaryIs>
            <LinearRing>
              <tessellate>1</tessellate>
              <coordinates>
                -113.5085484,53.5498905,0
                -113.5086235,53.5487112,0
                -113.5085914,53.547583,0
                -113.5003087,53.5475192,0
                -113.5003516,53.5497503,0
                -113.5085484,53.5498905,0
              </coordinates>
            </LinearRing>
          </outerBoundaryIs>
        </Polygon>
      </Placemark>
      <Placemark>
        <name>Region H $2.00/hr Strathcona</name>
        <description><![CDATA[Rate: $2.00 / HR M to F; $1.00 / HR Sat<br>Hours of Operation<br>09:00 to 18:00 M to Sat Except Saskatchewan Dr. which operates 24 hours]]></description>
        <styleUrl>#poly-7CCFA9-1200-77</styleUrl>
        <Polygon>
          <outerBoundaryIs>
            <LinearRing>
              <tessellate>1</tessellate>
              <coordinates>
                -113.4811613,53.5122212,0
                -113.4815046,53.5219679,0
                -113.5258903,53.5283187,0
                -113.5253613,53.5117618,0
                -113.4811613,53.5122212,0
              </coordinates>
            </LinearRing>
          </outerBoundaryIs>
        </Polygon>
      </Placemark>
    </Folder>
    <Folder>
      <name>Event Parking Region</name>
      <Placemark>
        <name>Area Event Rate</name>
        <description>$3.50/hour during Rogers Events</description>
        <styleUrl>#poly-93D7E8-1200-76</styleUrl>
        <Polygon>
          <outerBoundaryIs>
            <LinearRing>
              <tessellate>1</tessellate>
              <coordinates>
                -113.494278,53.5514212,0
                -113.5085046,53.5514256,0
                -113.508416,53.5407399,0
                -113.4933044,53.5406535,0
                -113.4878151,53.5410768,0
                -113.4850898,53.5419886,0
                -113.4870414,53.5464064,0
                -113.4944172,53.546174,0
                -113.494278,53.5514212,0
              </coordinates>
            </LinearRing>
          </outerBoundaryIs>
        </Polygon>
      </Placemark>
      <Placemark>
        <name>Rogers Place Arena</name>
        <styleUrl>#poly-7C3592-1200-76-nodesc</styleUrl>
        <Polygon>
          <outerBoundaryIs>
            <LinearRing>
              <tessellate>1</tessellate>
              <coordinates>
                -113.4987742,53.5474093,0
                -113.4989378,53.5473089,0
                -113.4990478,53.5471575,0
                -113.4990961,53.5469567,0
                -113.4990961,53.5465934,0
                -113.4990987,53.5465157,0
                -113.4990746,53.5464523,0
                -113.4990116,53.5464069,0
                -113.4988976,53.5463798,0
                -113.4984791,53.5463734,0
                -113.4979534,53.5463511,0
                -113.4977013,53.5463256,0
                -113.4974464,53.5462858,0
                -113.4973083,53.5461527,0
                -113.4971809,53.5458921,0
                -113.4971135,53.5457632,0
                -113.4970086,53.5457108,0
                -113.4968255,53.5457208,0
                -113.4967491,53.5457662,0
                -113.4966766,53.5459471,0
                -113.4966363,53.5461789,0
                -113.4965881,53.5464467,0
                -113.4965479,53.5466714,0
                -113.4965372,53.5468611,0
                -113.4965533,53.5471575,0
                -113.4966365,53.5473042,0
                -113.4967894,53.5474285,0
                -113.4970549,53.5475209,0
                -113.4973003,53.5475655,0
                -113.4975671,53.5475655,0
                -113.4980285,53.5475687,0
                -113.4984604,53.5475305,0
                -113.498628,53.547489,0
                -113.4987742,53.5474093,0
              </coordinates>
            </LinearRing>
          </outerBoundaryIs>
        </Polygon>
      </Placemark>
    </Folder>
    <Folder>
      <name>Accessible Parking </name>
      <Placemark>
        <name>1041AC</name>
        <description>1 Stall</description>
        <styleUrl>#icon-1735-01579B</styleUrl>
        <Point>
          <coordinates>
            -113.489242,53.54536,0
          </coordinates>
        </Point>
      </Placemark>
      <Placemark>
        <name>1034AC</name>
        <description>2 Hr</description>
        <styleUrl>#icon-1735-01579B</styleUrl>
        <Point>
          <coordinates>
            -113.489064,53.544471,0
          </coordinates>
        </Point>
      </Placemark>
      <Placemark>
        <name>2006AC</name>
        <description>1 Stall, 2 hours max</description>
        <styleUrl>#icon-1735-01579B</styleUrl>
        <Point>
          <coordinates>
            -113.499129,53.541337,0
          </coordinates>
        </Point>
      </Placemark>
      <Placemark>
        <name>3024AC</name>
        <description>1 Stall, 15 minutes</description>
        <styleUrl>#icon-1735-01579B</styleUrl>
        <Point>
          <coordinates>
            -113.502808,53.53946,0
          </coordinates>
        </Point>
      </Placemark>
      <Placemark>
        <name>2016AC</name>
        <description>1 Stall, 2 hours max</description>
        <styleUrl>#icon-1735-01579B</styleUrl>
        <Point>
          <coordinates>
            -113.499139,53.543243,0
          </coordinates>
        </Point>
      </Placemark>
      <Placemark>
        <name>2024AC</name>
        <description>1 Stall,15 min. max</description>
        <styleUrl>#icon-1735-01579B</styleUrl>
        <Point>
          <coordinates>
            -113.501225,53.544113,0
          </coordinates>
        </Point>
      </Placemark>
      <Placemark>
        <name>2005AC</name>
        <description>1 Stall, 2 hours max</description>
        <styleUrl>#icon-1735-01579B</styleUrl>
        <Point>
          <coordinates>
            -113.497385,53.543336,0
          </coordinates>
        </Point>
      </Placemark>
      <Placemark>
        <name>1005AC</name>
        <description>1 Stall, 30 Minutes</description>
        <styleUrl>#icon-1735-01579B</styleUrl>
        <Point>
          <coordinates>
            -113.481366,53.548741,0
          </coordinates>
        </Point>
      </Placemark>
      <Placemark>
        <name>1006AC</name>
        <description>1 Stall</description>
        <styleUrl>#icon-1735-01579B</styleUrl>
        <Point>
          <coordinates>
            -113.481967,53.548588,0
          </coordinates>
        </Point>
      </Placemark>
      <Placemark>
        <name>4002AC</name>
        <description>1 Stall</description>
        <styleUrl>#icon-1735-01579B</styleUrl>
        <Point>
          <coordinates>
            -113.487176,53.551463,0
          </coordinates>
        </Point>
      </Placemark>
      <Placemark>
        <name>3023AC</name>
        <description>30 minutes, 07:00 to 17:00</description>
        <styleUrl>#icon-1735-01579B</styleUrl>
        <Point>
          <coordinates>
            -113.502996,53.535462,0
          </coordinates>
        </Point>
      </Placemark>
      <Placemark>
        <name>6042AC</name>
        <description>30 minutes</description>
        <styleUrl>#icon-1735-01579B</styleUrl>
        <Point>
          <coordinates>
            -113.510442,53.53601,0
          </coordinates>
        </Point>
      </Placemark>
      <Placemark>
        <name>6029AC</name>
        <description>2 Hr (M-F 0800-1800)</description>
        <styleUrl>#icon-1735-01579B</styleUrl>
        <Point>
          <coordinates>
            -113.51571,53.538666,0
          </coordinates>
        </Point>
      </Placemark>
      <Placemark>
        <name>1045AC</name>
        <description>2 stalls, Time Restriction: 5 min. max</description>
        <styleUrl>#icon-1735-01579B</styleUrl>
        <Point>
          <coordinates>
            -113.490599,53.541063,0
          </coordinates>
        </Point>
      </Placemark>
      <Placemark>
        <name>1062AC</name>
        <description>1 Stall, 15 minutes (0900-1530 1800-0900)</description>
        <styleUrl>#icon-1735-01579B</styleUrl>
        <Point>
          <coordinates>
            -113.49339,53.5396,0
          </coordinates>
        </Point>
      </Placemark>
      <Placemark>
        <name>1063AC</name>
        <description>1 Stall, 5 minutes</description>
        <styleUrl>#icon-1735-01579B</styleUrl>
        <Point>
          <coordinates>
            -113.491074,53.539493,0
          </coordinates>
        </Point>
      </Placemark>
      <Placemark>
        <name>6052AC</name>
        <description>1 Stall</description>
        <styleUrl>#icon-1735-01579B</styleUrl>
        <Point>
          <coordinates>
            -113.535708,53.546077,0
          </coordinates>
        </Point>
      </Placemark>
      <Placemark>
        <name>1008AC</name>
        <description>1 Stall</description>
        <styleUrl>#icon-1735-01579B</styleUrl>
        <Point>
          <coordinates>
            -113.475337,53.552942,0
          </coordinates>
        </Point>
      </Placemark>
      <Placemark>
        <name>4003AC</name>
        <description>1 Stall</description>
        <styleUrl>#icon-1735-01579B</styleUrl>
        <Point>
          <coordinates>
            -113.482064,53.558978,0
          </coordinates>
        </Point>
      </Placemark>
      <Placemark>
        <name>6036AC</name>
        <description>1 Stall, 2 Hr</description>
        <styleUrl>#icon-1735-01579B</styleUrl>
        <Point>
          <coordinates>
            -113.530746,53.541136,0
          </coordinates>
        </Point>
      </Placemark>
      <Placemark>
        <name>6012AC</name>
        <description>1 Stall</description>
        <styleUrl>#icon-1735-01579B</styleUrl>
        <Point>
          <coordinates>
            -113.5193798,53.5411382,0
          </coordinates>
        </Point>
      </Placemark>
      <Placemark>
        <name>6006AC</name>
        <description>1 Stall,</description>
        <styleUrl>#icon-1735-01579B</styleUrl>
        <Point>
          <coordinates>
            -113.514036,53.543167,0
          </coordinates>
        </Point>
      </Placemark>
      <Placemark>
        <name>6062AC</name>
        <description>1 Stall</description>
        <styleUrl>#icon-1735-01579B</styleUrl>
        <Point>
          <coordinates>
            -113.53758,53.544391,0
          </coordinates>
        </Point>
      </Placemark>
      <Placemark>
        <name>6009AC</name>
        <description>2 Stalls</description>
        <styleUrl>#icon-1735-01579B</styleUrl>
        <Point>
          <coordinates>
            -113.584964,53.547364,0
          </coordinates>
        </Point>
      </Placemark>
      <Placemark>
        <name>6010AC</name>
        <description>1 Stall</description>
        <styleUrl>#icon-1735-01579B</styleUrl>
        <Point>
          <coordinates>
            -113.58519,53.548193,0
          </coordinates>
        </Point>
      </Placemark>
      <Placemark>
        <name>6011AC</name>
        <description>1 Stall</description>
        <styleUrl>#icon-1735-01579B</styleUrl>
        <Point>
          <coordinates>
            -113.585222,53.549749,0
          </coordinates>
        </Point>
      </Placemark>
      <Placemark>
        <name>6012AC</name>
        <description>1 Stall</description>
        <styleUrl>#icon-1735-01579B</styleUrl>
        <Point>
          <coordinates>
            -113.584996,53.550769,0
          </coordinates>
        </Point>
      </Placemark>
      <Placemark>
        <name>AC6013</name>
        <description>1 Stall</description>
        <styleUrl>#icon-1735-01579B</styleUrl>
        <Point>
          <coordinates>
            -113.578452,53.561176,0
          </coordinates>
        </Point>
      </Placemark>
      <Placemark>
        <name>AC6014</name>
        <description>1 Stall</description>
        <styleUrl>#icon-1735-01579B</styleUrl>
        <Point>
          <coordinates>
            -113.569676,53.552381,0
          </coordinates>
        </Point>
      </Placemark>
      <Placemark>
        <name>AC6015</name>
        <description>1 Stall</description>
        <styleUrl>#icon-1735-E65100</styleUrl>
        <Point>
          <coordinates>
            -113.586724,53.546734,0
          </coordinates>
        </Point>
      </Placemark>
      <Placemark>
        <name>4005AC</name>
        <description>1 Stall</description>
        <styleUrl>#icon-1735-01579B</styleUrl>
        <Point>
          <coordinates>
            -113.483845,53.611136,0
          </coordinates>
        </Point>
      </Placemark>
      <Placemark>
        <name>4006AC</name>
        <description>1 Stall</description>
        <styleUrl>#icon-1735-01579B</styleUrl>
        <Point>
          <coordinates>
            -113.470171,53.564518,0
          </coordinates>
        </Point>
      </Placemark>
      <Placemark>
        <name>4007AC</name>
        <description>1 Stall</description>
        <styleUrl>#icon-1735-01579B</styleUrl>
        <Point>
          <coordinates>
            -113.482772,53.562527,0
          </coordinates>
        </Point>
      </Placemark>
      <Placemark>
        <name>4008AC</name>
        <description>1 Stall</description>
        <styleUrl>#icon-1735-01579B</styleUrl>
        <Point>
          <coordinates>
            -113.446471,53.558924,0
          </coordinates>
        </Point>
      </Placemark>
      <Placemark>
        <name>5001AC</name>
        <description>1 Stall.</description>
        <styleUrl>#icon-1735-01579B</styleUrl>
        <Point>
          <coordinates>
            -113.461778,53.520932,0
          </coordinates>
        </Point>
      </Placemark>
      <Placemark>
        <name>5002AC</name>
        <description>1 Stall</description>
        <styleUrl>#icon-1735-E65100</styleUrl>
        <Point>
          <coordinates>
            -113.460926,53.521238,0
          </coordinates>
        </Point>
      </Placemark>
      <Placemark>
        <name>5003AC</name>
        <description>1 Stall</description>
        <styleUrl>#icon-1735-01579B</styleUrl>
        <Point>
          <coordinates>
            -113.413547,53.447879,0
          </coordinates>
        </Point>
      </Placemark>
      <Placemark>
        <name>5004AC</name>
        <description>1 Stall</description>
        <styleUrl>#icon-1735-01579B</styleUrl>
        <Point>
          <coordinates>
            -113.412648,53.449455,0
          </coordinates>
        </Point>
      </Placemark>
      <Placemark>
        <name>5005AC</name>
        <description>1 Stall, 15 min. max</description>
        <styleUrl>#icon-1735-01579B</styleUrl>
        <Point>
          <coordinates>
            -113.413247,53.446428,0
          </coordinates>
        </Point>
      </Placemark>
      <Placemark>
        <name>5006AC</name>
        <description>1 Stall,15 min. max</description>
        <styleUrl>#icon-1735-01579B</styleUrl>
        <Point>
          <coordinates>
            -113.413378,53.445591,0
          </coordinates>
        </Point>
      </Placemark>
      <Placemark>
        <name>5007AC</name>
        <description>1 Stall</description>
        <styleUrl>#icon-1735-01579B</styleUrl>
        <Point>
          <coordinates>
            -113.414451,53.453214,0
          </coordinates>
        </Point>
      </Placemark>
      <Placemark>
        <name>5008AC</name>
        <description>1 Stall</description>
        <styleUrl>#icon-1735-01579B</styleUrl>
        <Point>
          <coordinates>
            -113.402354,53.456014,0
          </coordinates>
        </Point>
      </Placemark>
      <Placemark>
        <name>5009AC</name>
        <description>1 Stall, 15 min. max</description>
        <styleUrl>#icon-1735-01579B</styleUrl>
        <Point>
          <coordinates>
            -113.414507,53.445575,0
          </coordinates>
        </Point>
      </Placemark>
      <Placemark>
        <name>5010AC</name>
        <description>1 Stall</description>
        <styleUrl>#icon-1735-01579B</styleUrl>
        <Point>
          <coordinates>
            -113.402783,53.455974,0
          </coordinates>
        </Point>
      </Placemark>
      <Placemark>
        <name>5011AC</name>
        <description>1 Stall</description>
        <styleUrl>#icon-1735-01579B</styleUrl>
        <Point>
          <coordinates>
            -113.403357,53.464477,0
          </coordinates>
        </Point>
      </Placemark>
      <Placemark>
        <name>5012AC</name>
        <description>1 Stall</description>
        <styleUrl>#icon-1735-01579B</styleUrl>
        <Point>
          <coordinates>
            -113.397532,53.45835,0
          </coordinates>
        </Point>
      </Placemark>
      <Placemark>
        <name>5013AC</name>
        <description>1 Stall</description>
        <styleUrl>#icon-1735-01579B</styleUrl>
        <Point>
          <coordinates>
            -113.410468,53.468827,0
          </coordinates>
        </Point>
      </Placemark>
      <Placemark>
        <name>5014AC</name>
        <description>1 Stall</description>
        <styleUrl>#icon-1735-01579B</styleUrl>
        <Point>
          <coordinates>
            -113.399184,53.477237,0
          </coordinates>
        </Point>
      </Placemark>
      <Placemark>
        <name>5015AC</name>
        <description>1 Stall</description>
        <styleUrl>#icon-1735-01579B</styleUrl>
        <Point>
          <coordinates>
            -113.39939,53.477353,0
          </coordinates>
        </Point>
      </Placemark>
      <Placemark>
        <name>5016AC</name>
        <description>1 Stall</description>
        <styleUrl>#icon-1735-01579B</styleUrl>
        <Point>
          <coordinates>
            -113.399278,53.477596,0
          </coordinates>
        </Point>
      </Placemark>
      <Placemark>
        <name>AC5017</name>
        <description>1 Stall</description>
        <styleUrl>#icon-1735-01579B</styleUrl>
        <Point>
          <coordinates>
            -113.399232,53.477667,0
          </coordinates>
        </Point>
      </Placemark>
      <Placemark>
        <name>AC5018</name>
        <description>1 Stall</description>
        <styleUrl>#icon-1735-01579B</styleUrl>
        <Point>
          <coordinates>
            -113.398751,53.478262,0
          </coordinates>
        </Point>
      </Placemark>
      <Placemark>
        <name>AC5019</name>
        <description>1 Stall</description>
        <styleUrl>#icon-1735-01579B</styleUrl>
        <Point>
          <coordinates>
            -113.436045,53.462278,0
          </coordinates>
        </Point>
      </Placemark>
      <Placemark>
        <name>AC5020</name>
        <description>1 Stall</description>
        <styleUrl>#icon-1735-01579B</styleUrl>
        <Point>
          <coordinates>
            -113.416218,53.449252,0
          </coordinates>
        </Point>
      </Placemark>
      <Placemark>
        <name>AC5021</name>
        <description>1 Stall</description>
        <styleUrl>#icon-1735-01579B</styleUrl>
        <Point>
          <coordinates>
            -113.4607,53.456657,0
          </coordinates>
        </Point>
      </Placemark>
      <Placemark>
        <name>AC5022</name>
        <description>1 Stall</description>
        <styleUrl>#icon-1735-01579B</styleUrl>
        <Point>
          <coordinates>
            -113.682685,53.496104,0
          </coordinates>
        </Point>
      </Placemark>
      <Placemark>
        <name>AC5023</name>
        <description>1 Stall</description>
        <styleUrl>#icon-1735-01579B</styleUrl>
        <Point>
          <coordinates>
            -113.643093,53.492281,0
          </coordinates>
        </Point>
      </Placemark>
      <Placemark>
        <name>AC5024</name>
        <description>1 Stall</description>
        <styleUrl>#icon-1735-01579B</styleUrl>
        <Point>
          <coordinates>
            -113.523678,53.449725,0
          </coordinates>
        </Point>
      </Placemark>
      <Placemark>
        <name>AC5025</name>
        <description>1 Stall</description>
        <styleUrl>#icon-1735-01579B</styleUrl>
        <Point>
          <coordinates>
            -113.636586,53.533606,0
          </coordinates>
        </Point>
      </Placemark>
      <Placemark>
        <name>AC5026</name>
        <description>1 Stall</description>
        <styleUrl>#icon-1735-01579B</styleUrl>
        <Point>
          <coordinates>
            -113.486938,53.523029,0
          </coordinates>
        </Point>
      </Placemark>
      <Placemark>
        <name>AC5027</name>
        <description>1 Stall</description>
        <styleUrl>#icon-1735-01579B</styleUrl>
        <Point>
          <coordinates>
            -113.486334,53.523029,0
          </coordinates>
        </Point>
      </Placemark>
      <Placemark>
        <name>AC5028</name>
        <description>1 Stall, 1 hour max</description>
        <styleUrl>#icon-1735-01579B</styleUrl>
        <Point>
          <coordinates>
            -113.485712,53.524064,0
          </coordinates>
        </Point>
      </Placemark>
      <Placemark>
        <name>AC5029</name>
        <description>1 Stall</description>
        <styleUrl>#icon-1735-01579B</styleUrl>
        <Point>
          <coordinates>
            -113.510887,53.514661,0
          </coordinates>
        </Point>
      </Placemark>
      <Placemark>
        <name>AC5030</name>
        <description>1 Stall</description>
        <styleUrl>#icon-1735-01579B</styleUrl>
        <Point>
          <coordinates>
            -113.509275,53.516945,0
          </coordinates>
        </Point>
      </Placemark>
      <Placemark>
        <name>AC5031</name>
        <description>1 Stall</description>
        <styleUrl>#icon-1735-01579B</styleUrl>
        <Point>
          <coordinates>
            -113.506231,53.517247,0
          </coordinates>
        </Point>
      </Placemark>
      <Placemark>
        <name>AC5032</name>
        <description>1 Stall</description>
        <styleUrl>#icon-1735-01579B</styleUrl>
        <Point>
          <coordinates>
            -113.503602,53.517298,0
          </coordinates>
        </Point>
      </Placemark>
      <Placemark>
        <name>AC5033</name>
        <description>1 Stall, 2 hours max</description>
        <styleUrl>#icon-1735-01579B</styleUrl>
        <Point>
          <coordinates>
            -113.497742,53.518875,0
          </coordinates>
        </Point>
      </Placemark>
      <Placemark>
        <name>AC5034</name>
        <description>1 Stall</description>
        <styleUrl>#icon-1735-01579B</styleUrl>
        <Point>
          <coordinates>
            -113.511871,53.519368,0
          </coordinates>
        </Point>
      </Placemark>
      <Placemark>
        <name>5035AC</name>
        <description>2 Stalls, 2 hours max</description>
        <styleUrl>#icon-1735-01579B</styleUrl>
        <Point>
          <coordinates>
            -113.500139,53.51908,0
          </coordinates>
        </Point>
      </Placemark>
      <Placemark>
        <name>5028AC</name>
        <description>1 Stall</description>
        <styleUrl>#icon-1735-01579B</styleUrl>
        <Point>
          <coordinates>
            -113.497771,53.516628,0
          </coordinates>
        </Point>
      </Placemark>
      <Placemark>
        <name>1010AC</name>
        <description>2 stalls, 2 hours max</description>
        <styleUrl>#icon-1735-01579B</styleUrl>
        <Point>
          <coordinates>
            -113.485192,53.542367,0
          </coordinates>
        </Point>
      </Placemark>
      <Placemark>
        <name>6031AC</name>
        <description>1 Stall</description>
        <styleUrl>#icon-1735-01579B</styleUrl>
        <Point>
          <coordinates>
            -113.510426,53.541002,0
          </coordinates>
        </Point>
      </Placemark>
      <Placemark>
        <name>6014AC</name>
        <description>1 Stall</description>
        <styleUrl>#icon-1735-01579B</styleUrl>
        <Point>
          <coordinates>
            -113.521053,53.54105,0
          </coordinates>
        </Point>
      </Placemark>
      <Placemark>
        <name>6053AC</name>
        <description>1 stall</description>
        <styleUrl>#icon-1735-01579B</styleUrl>
        <Point>
          <coordinates>
            -113.53574,53.544209,0
          </coordinates>
        </Point>
      </Placemark>
      <Placemark>
        <name>6057AC</name>
        <description>1 Stall</description>
        <styleUrl>#icon-1735-01579B</styleUrl>
        <Point>
          <coordinates>
            -113.536052,53.545624,0
          </coordinates>
        </Point>
      </Placemark>
      <Placemark>
        <name>3021AC</name>
        <description>1 stall</description>
        <styleUrl>#icon-1735-01579B</styleUrl>
        <Point>
          <coordinates>
            -113.504047,53.540881,0
          </coordinates>
        </Point>
      </Placemark>
      <Placemark>
        <name>3007AC</name>
        <description>1 Stall, 30 minutes</description>
        <styleUrl>#icon-1735-01579B</styleUrl>
        <Point>
          <coordinates>
            -113.508366,53.540655,0
          </coordinates>
        </Point>
      </Placemark>
      <Placemark>
        <name>2055AC</name>
        <description>1 Stall</description>
        <styleUrl>#icon-1735-01579B</styleUrl>
        <Point>
          <coordinates>
            -113.508296,53.542717,0
          </coordinates>
        </Point>
      </Placemark>
      <Placemark>
        <name>3020AC</name>
        <description>2 Stalls</description>
        <styleUrl>#icon-1735-01579B</styleUrl>
        <Point>
          <coordinates>
            -113.504962,53.5373,0
          </coordinates>
        </Point>
      </Placemark>
      <Placemark>
        <name>3004AC</name>
        <description>2 Stalls, 9:00 - 15:00 and 18:00 - 7:00</description>
        <styleUrl>#icon-1735-01579B</styleUrl>
        <Point>
          <coordinates>
            -113.507668,53.537304,0
          </coordinates>
        </Point>
      </Placemark>
      <Placemark>
        <name>2065AC</name>
        <description>1 Stall, 30 Minutes</description>
        <styleUrl>#icon-1735-01579B</styleUrl>
        <Point>
          <coordinates>
            -113.509755,53.544604,0
          </coordinates>
        </Point>
      </Placemark>
      <Placemark>
        <name>2066AC</name>
        <description>1 Stall, 30 Minutes</description>
        <styleUrl>#icon-1735-01579B</styleUrl>
        <Point>
          <coordinates>
            -113.508881,53.544563,0
          </coordinates>
        </Point>
      </Placemark>
      <Placemark>
        <name>3040AC</name>
        <description>3 Stalls</description>
        <styleUrl>#icon-1735-01579B</styleUrl>
        <Point>
          <coordinates>
            -113.497342,53.539767,0
          </coordinates>
        </Point>
      </Placemark>
      <Placemark>
        <name>3035AC</name>
        <description>1 Stall, 5 minutes</description>
        <styleUrl>#icon-1735-01579B</styleUrl>
        <Point>
          <coordinates>
            -113.499241,53.538478,0
          </coordinates>
        </Point>
      </Placemark>
      <Placemark>
        <name>2007AC</name>
        <description>1 Stall</description>
        <styleUrl>#icon-1735-01579B</styleUrl>
        <Point>
          <coordinates>
            -113.49915,53.544493,0
          </coordinates>
        </Point>
      </Placemark>
      <Placemark>
        <name>3022AC</name>
        <description>2 Stalls</description>
        <styleUrl>#icon-1735-01579B</styleUrl>
        <Point>
          <coordinates>
            -113.503066,53.539364,0
          </coordinates>
        </Point>
      </Placemark>
      <Placemark>
        <name>3018AC</name>
        <description>09:00 - 15:30 mon-fri</description>
        <styleUrl>#icon-1735-01579B</styleUrl>
        <Point>
          <coordinates>
            -113.5046732,53.5377516,0
          </coordinates>
        </Point>
      </Placemark>
      <Placemark>
        <name>3019AC</name>
        <description>1 Stall, 1 hr, 9::00 - 15:30</description>
        <styleUrl>#icon-1735-01579B</styleUrl>
        <Point>
          <coordinates>
            -113.50467,53.538694,0
          </coordinates>
        </Point>
      </Placemark>
      <Placemark>
        <name>3013AC</name>
        <description>2 Stalls</description>
        <styleUrl>#icon-1735-01579B</styleUrl>
        <Point>
          <coordinates>
            -113.504863,53.539354,0
          </coordinates>
        </Point>
      </Placemark>
      <Placemark>
        <name>3008AC</name>
        <description>2 Stalls</description>
        <styleUrl>#icon-1735-01579B</styleUrl>
        <Point>
          <coordinates>
            -113.506644,53.539555,0
          </coordinates>
        </Point>
      </Placemark>
      <Placemark>
        <name>3009AC</name>
        <description>1 Stall</description>
        <styleUrl>#icon-1735-01579B</styleUrl>
        <Point>
          <coordinates>
            -113.506687,53.538503,0
          </coordinates>
        </Point>
      </Placemark>
      <Placemark>
        <name>4024AC</name>
        <description>1 Stall</description>
        <styleUrl>#icon-1735-01579B</styleUrl>
        <Point>
          <coordinates>
            -113.485841,53.551425,0
          </coordinates>
        </Point>
      </Placemark>
      <Placemark>
        <name>4020AC</name>
        <description>1 Stall</description>
        <styleUrl>#icon-1735-01579B</styleUrl>
        <Point>
          <coordinates>
            -113.487096,53.550546,0
          </coordinates>
        </Point>
      </Placemark>
      <Placemark>
        <name>4027AC</name>
        <description>4 Stalls</description>
        <styleUrl>#icon-1735-01579B</styleUrl>
        <Point>
          <coordinates>
            -113.49613,53.561036,0
          </coordinates>
        </Point>
      </Placemark>
      <Placemark>
        <name>4029AC</name>
        <description>1 Stall, 15 minutes</description>
        <styleUrl>#icon-1735-01579B</styleUrl>
        <Point>
          <coordinates>
            -113.493814,53.559622,0
          </coordinates>
        </Point>
      </Placemark>
      <Placemark>
        <name>4030AC</name>
        <description>1 Stall, 5 minutes</description>
        <styleUrl>#icon-1735-01579B</styleUrl>
        <Point>
          <coordinates>
            -113.493791,53.557416,0
          </coordinates>
        </Point>
      </Placemark>
      <Placemark>
        <name>4031AC</name>
        <description>1 Stall, 5 minutes</description>
        <styleUrl>#icon-1735-01579B</styleUrl>
        <Point>
          <coordinates>
            -113.495496,53.557486,0
          </coordinates>
        </Point>
      </Placemark>
      <Placemark>
        <name>6028AC</name>
        <description>1 Stall, 2 hr</description>
        <styleUrl>#icon-1735-01579B</styleUrl>
        <Point>
          <coordinates>
            -113.5141,53.540148,0
          </coordinates>
        </Point>
      </Placemark>
      <Placemark>
        <name>6030AC</name>
        <description>1 Stall</description>
        <styleUrl>#icon-1735-01579B</styleUrl>
        <Point>
          <coordinates>
            -113.511981,53.540097,0
          </coordinates>
        </Point>
      </Placemark>
      <Placemark>
        <name>4048AC</name>
        <description>4 Stalls Angled, 09:00 - 23:00</description>
        <styleUrl>#icon-1735-01579B</styleUrl>
        <Point>
          <coordinates>
            -113.499284,53.548487,0
          </coordinates>
        </Point>
      </Placemark>
      <Placemark>
        <name>1007AC</name>
        <description>2 Stalls, 2 hr</description>
        <styleUrl>#icon-1735-01579B</styleUrl>
        <Point>
          <coordinates>
            -113.483362,53.54368,0
          </coordinates>
        </Point>
      </Placemark>
      <Placemark>
        <name>1037AC</name>
        <description>2 Stalls</description>
        <styleUrl>#icon-1735-01579B</styleUrl>
        <Point>
          <coordinates>
            -113.487326,53.545838,0
          </coordinates>
        </Point>
      </Placemark>
      <Placemark>
        <name>1043AC</name>
        <description>1 Stall, 30 Minutes</description>
        <styleUrl>#icon-1735-01579B</styleUrl>
        <Point>
          <coordinates>
            -113.491425,53.545481,0
          </coordinates>
        </Point>
      </Placemark>
      <Placemark>
        <name>1042AC</name>
        <description>1 Stall, 30 Minutes</description>
        <styleUrl>#icon-1735-01579B</styleUrl>
        <Point>
          <coordinates>
            -113.491522,53.545589,0
          </coordinates>
        </Point>
      </Placemark>
      <Placemark>
        <name>1047AC</name>
        <description>1 Stall</description>
        <styleUrl>#icon-1735-01579B</styleUrl>
        <Point>
          <coordinates>
            -113.491216,53.54222,0
          </coordinates>
        </Point>
      </Placemark>
      <Placemark>
        <name>1007AC</name>
        <description>2 Stalls</description>
        <styleUrl>#icon-1735-01579B</styleUrl>
        <Point>
          <coordinates>
            -113.479682,53.548952,0
          </coordinates>
        </Point>
      </Placemark>
      <Placemark>
        <name>4001AC</name>
        <description>1 Stall</description>
        <styleUrl>#icon-1735-01579B</styleUrl>
        <Point>
          <coordinates>
            -113.500749,53.561145,0
          </coordinates>
        </Point>
      </Placemark>
      <Placemark>
        <name>4022AC</name>
        <description>1 Stall</description>
        <styleUrl>#icon-1735-01579B</styleUrl>
        <Point>
          <coordinates>
            -113.49079,53.551901,0
          </coordinates>
        </Point>
      </Placemark>
      <Placemark>
        <name>6026AC</name>
        <description>2 Hr</description>
        <styleUrl>#icon-1735-01579B</styleUrl>
        <Point>
          <coordinates>
            -113.515881,53.540728,0
          </coordinates>
        </Point>
      </Placemark>
      <Placemark>
        <name>4002AC</name>
        <description>1 Stall, 15 minutes</description>
        <styleUrl>#icon-1735-01579B</styleUrl>
        <Point>
          <coordinates>
            -113.50291,53.557926,0
          </coordinates>
        </Point>
      </Placemark>
      <Placemark>
        <name>5004AC</name>
        <description>2 Stalls</description>
        <styleUrl>#icon-1735-01579B</styleUrl>
        <Point>
          <coordinates>
            -113.500408,53.519329,0
          </coordinates>
        </Point>
      </Placemark>
      <Placemark>
        <name>5005AC</name>
        <description>2 Stalls</description>
        <styleUrl>#icon-1735-01579B</styleUrl>
        <Point>
          <coordinates>
            -113.500418,53.519905,0
          </coordinates>
        </Point>
      </Placemark>
      <Placemark>
        <name>5038AC</name>
        <description>1 Stall</description>
        <styleUrl>#icon-1735-01579B</styleUrl>
        <Point>
          <coordinates>
            -113.5005716,53.5173766,0
          </coordinates>
        </Point>
      </Placemark>
      <Placemark>
        <name>5036AC</name>
        <description>1 Stall, 2 Hr</description>
        <styleUrl>#icon-1735-01579B</styleUrl>
        <Point>
          <coordinates>
            -113.498935,53.519074,0
          </coordinates>
        </Point>
      </Placemark>
      <Placemark>
        <name>6066AC</name>
        <description>1 Hour Limit</description>
        <styleUrl>#icon-1735-01579B</styleUrl>
        <Point>
          <coordinates>
            -113.53283,53.550928,0
          </coordinates>
        </Point>
      </Placemark>
      <Placemark>
        <name>5025AC</name>
        <description>1 Stall</description>
        <styleUrl>#icon-1735-01579B</styleUrl>
        <Point>
          <coordinates>
            -113.488233,53.517968,0
          </coordinates>
        </Point>
      </Placemark>
      <Placemark>
        <name>4039AC</name>
        <description>No Stopping 15:30 - 18:00 Mon-Fri</description>
        <styleUrl>#icon-1735-01579B</styleUrl>
        <Point>
          <coordinates>
            -113.508216,53.555332,0
          </coordinates>
        </Point>
      </Placemark>
      <Placemark>
        <name>4040AC</name>
        <description>1 Stall</description>
        <styleUrl>#icon-1735-01579B</styleUrl>
        <Point>
          <coordinates>
            -113.504831,53.555552,0
          </coordinates>
        </Point>
      </Placemark>
      <Placemark>
        <name>4041AC</name>
        <description>1 Stall</description>
        <styleUrl>#icon-1735-01579B</styleUrl>
        <Point>
          <coordinates>
            -113.506536,53.557719,0
          </coordinates>
        </Point>
      </Placemark>
      <Placemark>
        <name>4008AC</name>
        <description>1 Stall</description>
        <styleUrl>#icon-1735-01579B</styleUrl>
        <Point>
          <coordinates>
            -113.491838,53.554185,0
          </coordinates>
        </Point>
      </Placemark>
      <Placemark>
        <name>4009AC</name>
        <description>4 Stalls</description>
        <styleUrl>#icon-1735-01579B</styleUrl>
        <Point>
          <coordinates>
            -113.489022,53.557678,0
          </coordinates>
        </Point>
      </Placemark>
      <Placemark>
        <name>4010AC</name>
        <description>2 Stalls. Sundays Only</description>
        <styleUrl>#icon-1735-01579B</styleUrl>
        <Point>
          <coordinates>
            -113.487592,53.555255,0
          </coordinates>
        </Point>
      </Placemark>
      <Placemark>
        <name>4011AC</name>
        <description>3 Stalls, Ramp present.</description>
        <styleUrl>#icon-1735-01579B</styleUrl>
        <Point>
          <coordinates>
            -113.484896,53.55465,0
          </coordinates>
        </Point>
      </Placemark>
      <Placemark>
        <name>4012AC</name>
        <description>2 Stalls</description>
        <styleUrl>#icon-1735-01579B</styleUrl>
        <Point>
          <coordinates>
            -113.484863,53.556066,0
          </coordinates>
        </Point>
      </Placemark>
      <Placemark>
        <name>4013AC</name>
        <description>4 Stalls, 1 Hr, Restricted during stadium events.</description>
        <styleUrl>#icon-1735-01579B</styleUrl>
        <Point>
          <coordinates>
            -113.479741,53.559637,0
          </coordinates>
        </Point>
      </Placemark>
      <Placemark>
        <name>4014AC</name>
        <description>2 Stalls, Ramp present.</description>
        <styleUrl>#icon-1735-01579B</styleUrl>
        <Point>
          <coordinates>
            -113.473009,53.553175,0
          </coordinates>
        </Point>
      </Placemark>
      <Placemark>
        <name>4015AC</name>
        <description>1 Stall</description>
        <styleUrl>#icon-1735-01579B</styleUrl>
        <Point>
          <coordinates>
            -113.496451,53.565841,0
          </coordinates>
        </Point>
      </Placemark>
      <Placemark>
        <name>4016AC</name>
        <description>1 Stall, No idling</description>
        <styleUrl>#icon-1735-01579B</styleUrl>
        <Point>
          <coordinates>
            -113.495647,53.564659,0
          </coordinates>
        </Point>
      </Placemark>
      <Placemark>
        <name>3027AC</name>
        <description>1 Stall, 15 Minutes</description>
        <styleUrl>#icon-1735-01579B</styleUrl>
        <Point>
          <coordinates>
            -113.501204,53.540728,0
          </coordinates>
        </Point>
      </Placemark>
      <Placemark>
        <name>3002AC</name>
        <description>5 Minute Limit</description>
        <styleUrl>#icon-1735-01579B</styleUrl>
        <Point>
          <coordinates>
            -113.510233,53.538629,0
          </coordinates>
        </Point>
      </Placemark>
      <Placemark>
        <name>6018AC</name>
        <description>5 Minutes</description>
        <styleUrl>#icon-1735-01579B</styleUrl>
        <Point>
          <coordinates>
            -113.526884,53.541168,0
          </coordinates>
        </Point>
      </Placemark>
      <Placemark>
        <name>1031AC</name>
        <description>15 Minutes</description>
        <styleUrl>#icon-1735-01579B</styleUrl>
        <Point>
          <coordinates>
            -113.488582,53.542402,0
          </coordinates>
        </Point>
      </Placemark>
      <Placemark>
        <name>4007AC</name>
        <description>15 Minutes</description>
        <styleUrl>#icon-1735-01579B</styleUrl>
        <Point>
          <coordinates>
            -113.495067,53.55307,0
          </coordinates>
        </Point>
      </Placemark>
      <Placemark>
        <name>5006AC</name>
        <description>15 Minute Limit</description>
        <styleUrl>#icon-1735-01579B</styleUrl>
        <Point>
          <coordinates>
            -113.497978,53.519954,0
          </coordinates>
        </Point>
      </Placemark>
      <Placemark>
        <name>4017AC</name>
        <description>2 Stalls, 15 minutes</description>
        <styleUrl>#icon-1735-01579B</styleUrl>
        <Point>
          <coordinates>
            -113.504836,53.557689,0
          </coordinates>
        </Point>
      </Placemark>
      <Placemark>
        <name>1052AC</name>
        <description>1 Stall, 30 Minutes</description>
        <styleUrl>#icon-1735-01579B</styleUrl>
        <Point>
          <coordinates>
            -113.491044,53.544915,0
          </coordinates>
        </Point>
      </Placemark>
    </Folder>
    <Folder>
      <name>Alberta Avenue Expansion</name>
      <Placemark>
        <name>8009 - South of 118 Ave</name>
        <description><![CDATA[Name<br>8009<br>Description<br>10 Stalls<br>Rate: $1.00 / HR M to F; $1.00 / HR Sat to Sun<br>2 Hours Max<br><br>Hours of Operation<br>08:00 to 21:00 M to Sat<br>10:00 to 17:00 Sun]]></description>
        <styleUrl>#poly-0288D1-1200-219</styleUrl>
        <Polygon>
          <outerBoundaryIs>
            <LinearRing>
              <tessellate>1</tessellate>
              <coordinates>
                -113.5007289,53.5703304,0
                -113.5007289,53.5703129,0
                -113.4995219,53.5703065,0
                -113.4995165,53.5703225,0
                -113.5007289,53.5703304,0
              </coordinates>
            </LinearRing>
          </outerBoundaryIs>
        </Polygon>
      </Placemark>
      <Placemark>
        <name>8009 - West of 105 St</name>
        <description><![CDATA[Name<br>8009<br>Description<br>3 Stalls<br>Rate: $1.00 / HR M to F; $1.00 / HR Sat to Sun<br>2 Hours Max<br><br>Hours of Operation<br>08:00 to 21:00 M to Sat<br>10:00 to 17:00 Sun<br><br>How to pay for parking?<br>Scanning QR codes<br>Pay online on the parking webpage: https://hotspotparking.com/users/products/edmontonparking <br>Download Hotspot Parking Transit Taxis app through Google Play or Apple Store. Create an account and pay through the app.<br>Create a HotSpot account online and link a payment card to pay through phone: 1-855-712-5888 ]]></description>
        <styleUrl>#poly-0288D1-1200-219</styleUrl>
        <Polygon>
          <outerBoundaryIs>
            <LinearRing>
              <tessellate>1</tessellate>
              <coordinates>
                -113.5011613,53.5706982,0
                -113.5011667,53.5704744,0
                -113.5011104,53.570476,0
                -113.501101,53.5706998,0
                -113.5011613,53.5706982,0
              </coordinates>
            </LinearRing>
          </outerBoundaryIs>
        </Polygon>
      </Placemark>
      <Placemark>
        <name>8009 - North of 118 Ave</name>
        <description><![CDATA[Name<br>8009<br>Description<br>11Stalls<br>Rate: $1.00 / HR M to F; $1.00 / HR Sat to Sun<br>2 Hours Max<br><br>Hours of Operation<br>08:00 to 21:00 M to Sat<br>10:00 to 17:00 Sun]]></description>
        <styleUrl>#poly-0288D1-1200-219</styleUrl>
        <Polygon>
          <outerBoundaryIs>
            <LinearRing>
              <tessellate>1</tessellate>
              <coordinates>
                -113.5007384,53.5704469,0
                -113.5007438,53.5704215,0
                -113.4994939,53.5704151,0
                -113.4994939,53.5704406,0
                -113.5007384,53.5704469,0
              </coordinates>
            </LinearRing>
          </outerBoundaryIs>
        </Polygon>
      </Placemark>
      <Placemark>
        <name>8011</name>
        <description><![CDATA[Name<br>8011<br>Description<br>5 Stalls<br>Rate: $1.00 / HR M to F; $1.00 / HR Sat to Sun<br>2 Hours Max<br><br>Hours of Operation<br>08:00 to 21:00 M to Sat<br>10:00 to 17:00 Sun<br><br>How to pay for parking?<br>Scanning QR codes<br>Pay online on the parking webpage: https://hotspotparking.com/users/products/edmontonparking <br>Download Hotspot Parking Transit Taxis app through Google Play or Apple Store. Create an account and pay through the app.<br>Create a HotSpot account online and link a payment card to pay through phone: 1-855-712-5888 ]]></description>
        <styleUrl>#poly-0288D1-1200-219</styleUrl>
        <Polygon>
          <outerBoundaryIs>
            <LinearRing>
              <tessellate>1</tessellate>
              <coordinates>
                -113.4993019,53.5704651,0
                -113.4992698,53.5704666,0
                -113.4992698,53.5706928,0
                -113.4993019,53.5706928,0
                -113.4993019,53.5704651,0
              </coordinates>
            </LinearRing>
          </outerBoundaryIs>
        </Polygon>
      </Placemark>
      <Placemark>
        <name>8012</name>
        <description><![CDATA[Name<br>8012<br>Description<br>3 Stalls<br>Rate: $1.00 / HR M to F; $1.00 / HR Sat to Sun<br>2 Hours Max<br><br>Hours of Operation<br>08:00 to 21:00 M to Sat<br>10:00 to 17:00 Sun<br><br>How to pay for parking?<br>Scanning QR codes<br>Pay online on the parking webpage: https://hotspotparking.com/users/products/edmontonparking <br>Download Hotspot Parking Transit Taxis app through Google Play or Apple Store. Create an account and pay through the app.<br>Create a HotSpot account online and link a payment card to pay through phone: 1-855-712-5888 ]]></description>
        <styleUrl>#poly-0288D1-1200-219</styleUrl>
        <Polygon>
          <outerBoundaryIs>
            <LinearRing>
              <tessellate>1</tessellate>
              <coordinates>
                -113.4991531,53.5707577,0
                -113.4991879,53.5707609,0
                -113.4991826,53.5705315,0
                -113.4991504,53.5705284,0
                -113.4991531,53.5707577,0
              </coordinates>
            </LinearRing>
          </outerBoundaryIs>
        </Polygon>
      </Placemark>
    </Folder>
    <Folder>
      <name>Business Improvement Areas (BIAs)</name>
      <Placemark>
        <name>124 Street and Area</name>
        <styleUrl>#poly-F4EB37-2000-76-nodesc</styleUrl>
        <Polygon>
          <outerBoundaryIs>
            <LinearRing>
              <tessellate>1</tessellate>
              <coordinates>
                -113.5387371,53.5439395,0
                -113.5388211,53.5438575,0
                -113.5388951,53.5437735,0
                -113.5389601,53.5436865,0
                -113.5390151,53.5435975,0
                -113.5390601,53.5435055,0
                -113.5390961,53.5434125,0
                -113.5391091,53.5433705,0
                -113.5391191,53.5433275,0
                -113.5391281,53.5432845,0
                -113.5391341,53.5432415,0
                -113.5391391,53.5431985,0
                -113.5391411,53.5431545,0
                -113.5391521,53.5430495,0
                -113.5394251,53.5430495,0
                -113.5394811,53.5427905,0
                -113.5394651,53.5426335,0
                -113.5394141,53.5425145,0
                -113.5393371,53.5423905,0
                -113.5394661,53.5423535,0
                -113.5400881,53.5421785,0
                -113.5400961,53.5421755,0
                -113.5401121,53.5421675,0
                -113.5401191,53.5421635,0
                -113.5401251,53.5421595,0
                -113.5401361,53.5421495,0
                -113.5401401,53.5421445,0
                -113.5401471,53.5421335,0
                -113.5401491,53.5421275,0
                -113.5401511,53.5421155,0
                -113.5401491,53.5421045,0
                -113.5401471,53.5420985,0
                -113.5401411,53.5420875,0
                -113.5401141,53.5420565,0
                -113.5400861,53.5420255,0
                -113.5400721,53.5420095,0
                -113.5400571,53.5419945,0
                -113.5400331,53.5419695,0
                -113.5400081,53.5419445,0
                -113.5399571,53.5418955,0
                -113.5399301,53.5418705,0
                -113.5398761,53.5418225,0
                -113.5398481,53.5417995,0
                -113.5398191,53.5417755,0
                -113.5397611,53.5417295,0
                -113.5397311,53.5417065,0
                -113.5397001,53.5416835,0
                -113.5396381,53.5416395,0
                -113.5395741,53.5415955,0
                -113.5395081,53.5415535,0
                -113.5394401,53.5415115,0
                -113.5393351,53.5414515,0
                -113.5392991,53.5414315,0
                -113.5392631,53.5414125,0
                -113.5391891,53.5413745,0
                -113.5391511,53.5413565,0
                -113.5391131,53.5413375,0
                -113.5390751,53.5413205,0
                -113.5390361,53.5413025,0
                -113.5389581,53.5412685,0
                -113.5389181,53.5412515,0
                -113.5388781,53.5412355,0
                -113.5387541,53.5411845,0
                -113.5387131,53.5411695,0
                -113.5386711,53.5411575,0
                -113.5386261,53.5411465,0
                -113.5385811,53.5411375,0
                -113.5385341,53.5411315,0
                -113.5384871,53.5411275,0
                -113.5384771,53.5411265,0
                -113.5384571,53.5411255,0
                -113.5384271,53.5411255,0
                -113.5383701,53.5411265,0
                -113.5383121,53.5411325,0
                -113.5382561,53.5411405,0
                -113.5382021,53.5411525,0
                -113.5381501,53.5411675,0
                -113.5380511,53.5412025,0
                -113.5379991,53.5412175,0
                -113.5379441,53.5412295,0
                -113.5378881,53.5412385,0
                -113.5378301,53.5412435,0
                -113.5377721,53.5412455,0
                -113.5377721,53.5414795,0
                -113.5374701,53.5413575,0
                -113.5374691,53.5408285,0
                -113.5366871,53.5408285,0
                -113.5356931,53.5408025,0
                -113.5345291,53.5407975,0
                -113.5342221,53.5407735,0
                -113.5339191,53.5407335,0
                -113.5318241,53.5404695,0
                -113.5316501,53.5404485,0
                -113.5316201,53.5404445,0
                -113.5310131,53.5403565,0
                -113.5308241,53.5403285,0
                -113.5307081,53.5404195,0
                -113.5307861,53.5409545,0
                -113.5307841,53.5430515,0
                -113.5322941,53.5430525,0
                -113.5331821,53.5430505,0
                -113.5331881,53.5431565,0
                -113.5331911,53.5445245,0
                -113.5331861,53.5446385,0
                -113.5349611,53.5446385,0
                -113.5349681,53.5462225,0
                -113.5340861,53.5462205,0
                -113.5339261,53.5461425,0
                -113.5331931,53.5461425,0
                -113.5331931,53.5458665,0
                -113.5331471,53.5458655,0
                -113.5324571,53.5458665,0
                -113.5323051,53.5458635,0
                -113.5323061,53.5463215,0
                -113.5323541,53.5464845,0
                -113.5323891,53.5466395,0
                -113.5323881,53.5478245,0
                -113.5307941,53.5478215,0
                -113.5308021,53.5481105,0
                -113.5308721,53.5481995,0
                -113.5308791,53.5494065,0
                -113.5316371,53.5494045,0
                -113.5316341,53.5495155,0
                -113.5316351,53.5497835,0
                -113.5316811,53.5497865,0
                -113.5322421,53.5497865,0
                -113.5323931,53.5497805,0
                -113.5325461,53.5497855,0
                -113.5342351,53.5497845,0
                -113.5349691,53.5497845,0
                -113.5349731,53.5507425,0
                -113.5349281,53.5507435,0
                -113.5342381,53.5507435,0
                -113.5340861,53.5507415,0
                -113.5339341,53.5506055,0
                -113.5332451,53.5506065,0
                -113.5331971,53.5506005,0
                -113.5331971,53.5507415,0
                -113.5331531,53.5507435,0
                -113.5325471,53.5507435,0
                -113.5323881,53.5507445,0
                -113.5323881,53.5506095,0
                -113.5322431,53.5506075,0
                -113.5316821,53.5506075,0
                -113.5316361,53.5506095,0
                -113.5316371,53.5508805,0
                -113.5316381,53.5509905,0
                -113.5288301,53.5509795,0
                -113.5288301,53.5517285,0
                -113.5289731,53.5517295,0
                -113.5307291,53.5517285,0
                -113.5308791,53.5517275,0
                -113.5308721,53.5513785,0
                -113.5310311,53.5513755,0
                -113.5322441,53.5513735,0
                -113.5323891,53.5513715,0
                -113.5325471,53.5513735,0
                -113.5331541,53.5513725,0
                -113.5339351,53.5513725,0
                -113.5340891,53.5513445,0
                -113.5342401,53.5513455,0
                -113.5349741,53.5513455,0
                -113.5349761,53.5524675,0
                -113.5349721,53.5526865,0
                -113.5349771,53.5538835,0
                -113.5349791,53.5541065,0
                -113.5349811,53.5553835,0
                -113.5349821,53.5558615,0
                -113.5349861,53.5572295,0
                -113.5349831,53.5574495,0
                -113.5349861,53.5588105,0
                -113.5349871,53.5589245,0
                -113.5367661,53.5589265,0
                -113.5367621,53.5588165,0
                -113.5367591,53.5574495,0
                -113.5367601,53.5569725,0
                -113.5367541,53.5556395,0
                -113.5367521,53.5541085,0
                -113.5367511,53.5538845,0
                -113.5367491,53.5526875,0
                -113.5367491,53.5508775,0
                -113.5367441,53.5495105,0
                -113.5367431,53.5479215,0
                -113.5367421,53.5476995,0
                -113.5367421,53.5471315,0
                -113.5367401,53.5470305,0
                -113.5376181,53.5471535,0
                -113.5376221,53.5462215,0
                -113.5367391,53.5462255,0
                -113.5367401,53.5459775,0
                -113.5367401,53.5447445,0
                -113.5367371,53.5434165,0
                -113.5374741,53.5434155,0
                -113.5376191,53.5434175,0
                -113.5376191,53.5432915,0
                -113.5377761,53.5432935,0
                -113.5384651,53.5432925,0
                -113.5385121,53.5432925,0
                -113.5385111,53.5441845,0
                -113.5385571,53.5441045,0
                -113.5387371,53.5439395,0
              </coordinates>
            </LinearRing>
          </outerBoundaryIs>
        </Polygon>
      </Placemark>
      <Placemark>
        <name>French Quarter and Area</name>
        <styleUrl>#poly-F8971B-2000-76-nodesc</styleUrl>
        <Polygon>
          <outerBoundaryIs>
            <LinearRing>
              <tessellate>1</tessellate>
              <coordinates>
                -113.47973,53.517522,0
                -113.475619,53.517513,0
                -113.475602,53.517896,0
                -113.475455,53.517896,0
                -113.474786,53.517894,0
                -113.474767,53.517874,0
                -113.470303,53.517881,0
                -113.470151,53.51788,0
                -113.470149,53.517498,0
                -113.467429,53.517501,0
                -113.466207,53.517503,0
                -113.465298,53.517503,0
                -113.461355,53.517507,0
                -113.460597,53.517506,0
                -113.458315,53.51751,0
                -113.455112,53.517515,0
                -113.455137,53.519027,0
                -113.455161,53.520032,0
                -113.455171,53.521228,0
                -113.454821,53.521522,0
                -113.454176,53.522057,0
                -113.454082,53.522136,0
                -113.454139,53.522149,0
                -113.455178,53.522145,0
                -113.455176,53.522574,0
                -113.455264,53.522859,0
                -113.455484,53.523153,0
                -113.45747,53.525256,0
                -113.459175,53.523472,0
                -113.459275,53.523002,0
                -113.459282,53.521525,0
                -113.459146,53.521323,0
                -113.45846,53.520741,0
                -113.458331,53.520524,0
                -113.458336,53.520055,0
                -113.458324,53.519026,0
                -113.458316,53.518549,0
                -113.45848,53.518548,0
                -113.461212,53.518547,0
                -113.461516,53.518544,0
                -113.464392,53.518544,0
                -113.464547,53.518545,0
                -113.465908,53.518542,0
                -113.465909,53.518926,0
                -113.465909,53.519016,0
                -113.466668,53.519014,0
                -113.466668,53.519106,0
                -113.46667,53.519534,0
                -113.46667,53.519593,0
                -113.466672,53.519955,0
                -113.46667,53.520046,0
                -113.465629,53.520046,0
                -113.464427,53.520029,0
                -113.464415,53.520991,0
                -113.465632,53.520996,0
                -113.465664,53.520996,0
                -113.465658,53.52147,0
                -113.465666,53.521828,0
                -113.465672,53.52295,0
                -113.466558,53.522949,0
                -113.466559,53.523385,0
                -113.466557,53.52348,0
                -113.466876,53.523481,0
                -113.466877,53.523909,0
                -113.467583,53.52391,0
                -113.467586,53.524055,0
                -113.467582,53.52533,0
                -113.469079,53.525337,0
                -113.469072,53.523851,0
                -113.469072,53.523481,0
                -113.470168,53.523485,0
                -113.470172,53.522886,0
                -113.470168,53.521938,0
                -113.472493,53.521935,0
                -113.472495,53.521844,0
                -113.472486,53.520127,0
                -113.472485,53.520046,0
                -113.471828,53.520043,0
                -113.471673,53.520038,0
                -113.471363,53.520042,0
                -113.468187,53.520044,0
                -113.468189,53.519952,0
                -113.468188,53.519573,0
                -113.46815,53.519523,0
                -113.468147,53.519144,0
                -113.468179,53.51902,0
                -113.468261,53.518963,0
                -113.468259,53.518584,0
                -113.46826,53.518559,0
                -113.470154,53.518557,0
                -113.470307,53.518541,0
                -113.470531,53.51854,0
                -113.470958,53.51854,0
                -113.471142,53.518581,0
                -113.472425,53.518578,0
                -113.47214,53.518487,0
                -113.471765,53.518197,0
                -113.473031,53.518192,0
                -113.475038,53.518188,0
                -113.475122,53.518327,0
                -113.475553,53.518269,0
                -113.475692,53.518248,0
                -113.475739,53.518555,0
                -113.479714,53.518569,0
                -113.47973,53.517522,0
              </coordinates>
            </LinearRing>
          </outerBoundaryIs>
        </Polygon>
      </Placemark>
      <Placemark>
        <name>Chinatown and Area</name>
        <styleUrl>#poly-F8971B-2000-76-nodesc</styleUrl>
        <Polygon>
          <outerBoundaryIs>
            <LinearRing>
              <tessellate>1</tessellate>
              <coordinates>
                -113.494149,53.547766,0
                -113.49372,53.547767,0
                -113.493719,53.548128,0
                -113.491771,53.548252,0
                -113.491631,53.548313,0
                -113.490477,53.548388,0
                -113.490256,53.548441,0
                -113.488124,53.548764,0
                -113.487925,53.548263,0
                -113.486616,53.54849,0
                -113.485222,53.548834,0
                -113.485459,53.549301,0
                -113.485642,53.549678,0
                -113.485681,53.549765,0
                -113.487724,53.549417,0
                -113.487758,53.549508,0
                -113.487905,53.54986,0
                -113.488045,53.550208,0
                -113.488125,53.550391,0
                -113.48827,53.55074,0
                -113.488414,53.551091,0
                -113.488494,53.55127,0
                -113.488635,53.551618,0
                -113.488091,53.551711,0
                -113.488103,53.551737,0
                -113.488258,53.552059,0
                -113.488296,53.552144,0
                -113.488013,53.552192,0
                -113.488051,53.552282,0
                -113.488205,53.552604,0
                -113.488219,53.55263,0
                -113.487149,53.552812,0
                -113.487317,53.55316,0
                -113.487402,53.553334,0
                -113.489175,53.553031,0
                -113.489217,53.553025,0
                -113.489366,53.553374,0
                -113.489511,53.553718,0
                -113.489587,53.553901,0
                -113.489879,53.554603,0
                -113.489895,53.554635,0
                -113.489958,53.554789,0
                -113.490098,53.555129,0
                -113.490237,53.555472,0
                -113.490322,53.55566,0
                -113.490464,53.556006,0
                -113.490607,53.556355,0
                -113.49068,53.556533,0
                -113.49083,53.556884,0
                -113.490977,53.557232,0
                -113.491049,53.557412,0
                -113.491196,53.557762,0
                -113.491345,53.558111,0
                -113.491373,53.558204,0
                -113.491981,53.558101,0
                -113.493294,53.557902,0
                -113.493709,53.557838,0
                -113.493714,53.557085,0
                -113.495555,53.557085,0
                -113.495561,53.555357,0
                -113.493721,53.554575,0
                -113.493709,53.553056,0
                -113.493987,53.552998,0
                -113.494641,53.552998,0
                -113.494639,53.55289,0
                -113.494637,53.551523,0
                -113.494637,53.551299,0
                -113.494638,53.549935,0
                -113.494639,53.548316,0
                -113.494148,53.548317,0
                -113.494149,53.548289,0
                -113.494148,53.547878,0
                -113.494149,53.547766,0
              </coordinates>
            </LinearRing>
          </outerBoundaryIs>
        </Polygon>
      </Placemark>
      <Placemark>
        <name>Beverly</name>
        <styleUrl>#poly-F8971B-2000-76-nodesc</styleUrl>
        <Polygon>
          <outerBoundaryIs>
            <LinearRing>
              <tessellate>1</tessellate>
              <coordinates>
                -113.39702,53.571912,0
                -113.397631,53.571922,0
                -113.397646,53.570886,0
                -113.39771,53.570837,0
                -113.401322,53.570832,0
                -113.402862,53.570831,0
                -113.404393,53.570833,0
                -113.405318,53.570835,0
                -113.405318,53.571131,0
                -113.405363,53.571131,0
                -113.405933,53.571131,0
                -113.406075,53.571131,0
                -113.40608,53.570829,0
                -113.406242,53.57083,0
                -113.407485,53.570826,0
                -113.409329,53.570822,0
                -113.410864,53.570822,0
                -113.4124,53.570819,0
                -113.413642,53.57082,0
                -113.414558,53.570824,0
                -113.414551,53.57167,0
                -113.414597,53.571669,0
                -113.415167,53.571669,0
                -113.415322,53.571669,0
                -113.415332,53.570816,0
                -113.415472,53.570816,0
                -113.416705,53.570818,0
                -113.418243,53.570815,0
                -113.418584,53.570798,0
                -113.418915,53.5708,0
                -113.418915,53.5705,0
                -113.419051,53.570264,0
                -113.419051,53.569908,0
                -113.419053,53.56988,0
                -113.418546,53.569879,0
                -113.418237,53.569907,0
                -113.415477,53.569912,0
                -113.415172,53.569913,0
                -113.412096,53.56991,0
                -113.409327,53.569917,0
                -113.409017,53.569916,0
                -113.406249,53.569918,0
                -113.403166,53.569921,0
                -113.400127,53.569927,0
                -113.396429,53.569926,0
                -113.396435,53.569548,0
                -113.396307,53.569382,0
                -113.396311,53.569063,0
                -113.396176,53.569064,0
                -113.395163,53.568916,0
                -113.393935,53.568917,0
                -113.39371,53.569032,0
                -113.393697,53.569589,0
                -113.39351,53.569588,0
                -113.391413,53.569591,0
                -113.391411,53.570215,0
                -113.391407,53.570383,0
                -113.389125,53.570372,0
                -113.388354,53.57044,0
                -113.388004,53.570511,0
                -113.387765,53.570598,0
                -113.387571,53.570722,0
                -113.387481,53.570863,0
                -113.3874,53.571147,0
                -113.387579,53.571383,0
                -113.387931,53.571929,0
                -113.388206,53.572201,0
                -113.388478,53.572493,0
                -113.388717,53.572424,0
                -113.389703,53.572214,0
                -113.390432,53.572079,0
                -113.391093,53.571997,0
                -113.391817,53.571934,0
                -113.392429,53.571906,0
                -113.394087,53.571914,0
                -113.39702,53.571912,0
              </coordinates>
            </LinearRing>
          </outerBoundaryIs>
        </Polygon>
      </Placemark>
      <Placemark>
        <name>Old Strathcona</name>
        <styleUrl>#poly-F8971B-2000-76-nodesc</styleUrl>
        <Polygon>
          <outerBoundaryIs>
            <LinearRing>
              <tessellate>1</tessellate>
              <coordinates>
                -113.495103,53.5201791,0
                -113.495269,53.5202421,0
                -113.495468,53.5214691,0
                -113.495618,53.5214731,0
                -113.496563,53.5214731,0
                -113.496609,53.5214731,0
                -113.496611,53.5211561,0
                -113.496612,53.5210651,0
                -113.49756,53.5210651,0
                -113.497562,53.5208051,0
                -113.497566,53.5195521,0
                -113.497796,53.5195511,0
                -113.498403,53.5195531,0
                -113.498439,53.5195521,0
                -113.498438,53.5192651,0
                -113.498443,53.5191751,0
                -113.499842,53.5191771,0
                -113.499844,53.5192671,0
                -113.499843,53.5196501,0
                -113.500448,53.5196511,0
                -113.500449,53.5191781,0
                -113.50105,53.5191791,0
                -113.501055,53.5190891,0
                -113.501056,53.5187271,0
                -113.501056,53.5187041,0
                -113.503329,53.5187111,0
                -113.503635,53.5187131,0
                -113.506157,53.5187181,0
                -113.506459,53.5187171,0
                -113.509192,53.5187181,0
                -113.509343,53.5187151,0
                -113.509495,53.5187161,0
                -113.511465,53.5187241,0
                -113.511465,53.5187451,0
                -113.511464,53.5191091,0
                -113.511468,53.5191961,0
                -113.512047,53.5191971,0
                -113.5140331,53.5192001,0
                -113.5140341,53.5191081,0
                -113.5140331,53.5187261,0
                -113.5140471,53.5187041,0
                -113.5140471,53.5183421,0
                -113.5140511,53.5182061,0
                -113.512723,53.5182041,0
                -113.512727,53.5180661,0
                -113.512727,53.5177051,0
                -113.512726,53.5176841,0
                -113.512274,53.5176831,0
                -113.512044,53.5176821,0
                -113.511812,53.5176781,0
                -113.509498,53.5176791,0
                -113.509344,53.5176771,0
                -113.50935,53.5171961,0
                -113.503488,53.5171911,0
                -113.503489,53.5167171,0
                -113.50334,53.5167161,0
                -113.50083,53.5167131,0
                -113.500821,53.5166911,0
                -113.500822,53.5163301,0
                -113.500824,53.5162381,0
                -113.500457,53.5162371,0
                -113.500459,53.5152771,0
                -113.50046,53.5148091,0
                -113.500307,53.5148141,0
                -113.498458,53.5148151,0
                -113.498457,53.5144321,0
                -113.498456,53.5142471,0
                -113.49846,53.5138671,0
                -113.498464,53.5134861,0
                -113.498423,53.5133021,0
                -113.498424,53.5129401,0
                -113.498406,53.5128901,0
                -113.498408,53.5125331,0
                -113.498535,53.5124391,0
                -113.49854,53.5123521,0
                -113.498539,53.5120071,0
                -113.498529,53.5119071,0
                -113.497664,53.5117641,0
                -113.494431,53.5112141,0
                -113.494288,53.5111821,0
                -113.494275,53.5111031,0
                -113.490084,53.5103951,0
                -113.49009,53.5099101,0
                -113.488911,53.5099091,0
                -113.48875,53.5099061,0
                -113.488752,53.5114691,0
                -113.48874,53.5133661,0
                -113.488729,53.5143161,0
                -113.488716,53.5152641,0
                -113.48872,53.5162151,0
                -113.488717,53.5166911,0
                -113.488562,53.5166871,0
                -113.486313,53.5166841,0
                -113.48608,53.5166831,0
                -113.486078,53.5170121,0
                -113.486128,53.5171541,0
                -113.485535,53.5171541,0
                -113.485535,53.5172501,0
                -113.485531,53.5176121,0
                -113.485529,53.5176341,0
                -113.485149,53.5176341,0
                -113.485151,53.5176561,0
                -113.485147,53.5180181,0
                -113.485225,53.5181561,0
                -113.48522,53.5182921,0
                -113.485219,53.5186481,0
                -113.485218,53.5186741,0
                -113.485978,53.5186751,0
                -113.486344,53.5186751,0
                -113.488554,53.5186851,0
                -113.488857,53.5186831,0
                -113.491132,53.5186901,0
                -113.491446,53.5186881,0
                -113.493749,53.5186931,0
                -113.493903,53.5186911,0
                -113.493981,53.5191661,0
                -113.494431,53.5191651,0
                -113.494455,53.5192591,0
                -113.494509,53.5194241,0
                -113.494585,53.5195861,0
                -113.494684,53.5197431,0
                -113.494803,53.5198951,0
                -113.494943,53.5200401,0
                -113.495103,53.5201791,0
              </coordinates>
            </LinearRing>
          </outerBoundaryIs>
        </Polygon>
      </Placemark>
      <Placemark>
        <name>Downtown</name>
        <styleUrl>#poly-F8971B-2000-76-nodesc</styleUrl>
        <Polygon>
          <outerBoundaryIs>
            <LinearRing>
              <tessellate>1</tessellate>
              <coordinates>
                -113.503023,53.530615,0
                -113.502946,53.530623,0
                -113.502938,53.530805,0
                -113.502856,53.532592,0
                -113.502852,53.534122,0
                -113.500992,53.534115,0
                -113.499169,53.534101,0
                -113.498775,53.53411,0
                -113.497941,53.534744,0
                -113.497318,53.535129,0
                -113.496901,53.535529,0
                -113.496406,53.535895,0
                -113.495631,53.536388,0
                -113.495522,53.536617,0
                -113.495504,53.537347,0
                -113.494556,53.537357,0
                -113.494263,53.537372,0
                -113.493418,53.537562,0
                -113.493159,53.53768,0
                -113.492537,53.537979,0
                -113.492065,53.538175,0
                -113.4912,53.538471,0
                -113.490433,53.538646,0
                -113.48951,53.538745,0
                -113.48865,53.538629,0
                -113.487716,53.538357,0
                -113.486437,53.539321,0
                -113.485097,53.539886,0
                -113.483763,53.540209,0
                -113.481303,53.540533,0
                -113.4785319,53.540733,0
                -113.4776389,53.540821,0
                -113.4762809,53.540946,0
                -113.4764859,53.541316,0
                -113.4769519,53.542162,0
                -113.4769679,53.542197,0
                -113.4773929,53.542912,0
                -113.4776539,53.543353,0
                -113.4779209,53.543911,0
                -113.4782059,53.544426,0
                -113.4782769,53.544551,0
                -113.4787299,53.545352,0
                -113.4792409,53.546271,0
                -113.4797309,53.547129,0
                -113.4801829,53.547992,0
                -113.480666,53.548842,0
                -113.481138,53.549702,0
                -113.481591,53.550516,0
                -113.482901,53.549702,0
                -113.48336,53.549513,0
                -113.483899,53.549324,0
                -113.484575,53.549093,0
                -113.486552,53.548605,0
                -113.487861,53.548378,0
                -113.48806,53.548879,0
                -113.490192,53.548556,0
                -113.490413,53.548503,0
                -113.491567,53.548428,0
                -113.491707,53.548367,0
                -113.493655,53.548243,0
                -113.493656,53.547882,0
                -113.495476,53.547879,0
                -113.497326,53.54788,0
                -113.499171,53.547878,0
                -113.501034,53.547882,0
                -113.502849,53.54788,0
                -113.50469,53.547884,0
                -113.50631,53.547893,0
                -113.507231,53.548327,0
                -113.507399,53.548363,0
                -113.508355,53.548376,0
                -113.51205,53.548376,0
                -113.512037,53.541621,0
                -113.510343,53.541614,0
                -113.510327,53.541344,0
                -113.510196,53.541339,0
                -113.5102,53.541052,0
                -113.509778,53.541052,0
                -113.509777,53.540913,0
                -113.509778,53.540495,0
                -113.509771,53.540495,0
                -113.509771,53.54044,0
                -113.50974,53.540372,0
                -113.50972,53.540326,0
                -113.5097,53.54028,0
                -113.509672,53.540212,0
                -113.509653,53.540166,0
                -113.509644,53.540144,0
                -113.509626,53.540098,0
                -113.509609,53.540053,0
                -113.509586,53.539987,0
                -113.509563,53.539923,0
                -113.509546,53.53987,0
                -113.509531,53.539825,0
                -113.50951,53.539756,0
                -113.509499,53.539722,0
                -113.509486,53.539676,0
                -113.50947,53.53962,0
                -113.509453,53.539551,0
                -113.509442,53.539505,0
                -113.509426,53.539437,0
                -113.509411,53.539368,0
                -113.509397,53.5393,0
                -113.509388,53.539254,0
                -113.50938,53.539209,0
                -113.509329,53.539209,0
                -113.509329,53.539072,0
                -113.509284,53.538857,0
                -113.509286,53.537864,0
                -113.50924,53.537837,0
                -113.50924,53.53748,0
                -113.509286,53.53726,0
                -113.50929,53.535888,0
                -113.509291,53.535668,0
                -113.50929,53.535026,0
                -113.509296,53.534971,0
                -113.509255,53.534971,0
                -113.509256,53.534587,0
                -113.509337,53.534326,0
                -113.509382,53.534299,0
                -113.50944,53.534184,0
                -113.509612,53.533504,0
                -113.509812,53.532891,0
                -113.510128,53.53234,0
                -113.508361,53.531632,0
                -113.508128,53.531542,0
                -113.50789,53.531456,0
                -113.507649,53.531374,0
                -113.507403,53.531297,0
                -113.507153,53.531225,0
                -113.506899,53.531157,0
                -113.506287,53.531,0
                -113.505468,53.530821,0
                -113.505424,53.530812,0
                -113.50538,53.530803,0
                -113.505336,53.530794,0
                -113.505291,53.530785,0
                -113.505247,53.530776,0
                -113.505066,53.530743,0
                -113.504883,53.530713,0
                -113.504698,53.530686,0
                -113.504513,53.530662,0
                -113.504326,53.530641,0
                -113.504139,53.530623,0
                -113.5041,53.53062,0
                -113.504022,53.530613,0
                -113.503943,53.530608,0
                -113.503904,53.530605,0
                -113.503906,53.530595,0
                -113.503759,53.530588,0
                -113.503611,53.530585,0
                -113.503463,53.530587,0
                -113.503316,53.530592,0
                -113.503169,53.530601,0
                -113.503023,53.530615,0
              </coordinates>
            </LinearRing>
          </outerBoundaryIs>
        </Polygon>
      </Placemark>
      <Placemark>
        <name>Kingsway</name>
        <styleUrl>#poly-F8971B-2000-76-nodesc</styleUrl>
        <Polygon>
          <outerBoundaryIs>
            <LinearRing>
              <tessellate>1</tessellate>
              <coordinates>
                -113.493709,53.557838,0
                -113.493752,53.561023,0
                -113.503026,53.561028,0
                -113.503086,53.562702,0
                -113.503073,53.56423,0
                -113.503047,53.566393,0
                -113.502896,53.567062,0
                -113.502923,53.57036,0
                -113.502949,53.570832,0
                -113.503107,53.571954,0
                -113.503133,53.573541,0
                -113.503266,53.573789,0
                -113.503453,53.573993,0
                -113.503876,53.574321,0
                -113.504501,53.574749,0
                -113.504842,53.575129,0
                -113.504897,53.575383,0
                -113.504916,53.575629,0
                -113.504906,53.576712,0
                -113.504905,53.578295,0
                -113.504894,53.579441,0
                -113.505107,53.581386,0
                -113.50756,53.581337,0
                -113.508579,53.581378,0
                -113.509472,53.581487,0
                -113.515263,53.581485,0
                -113.516285,53.581212,0
                -113.517457,53.580985,0
                -113.518707,53.580848,0
                -113.519876,53.580793,0
                -113.525518,53.580746,0
                -113.528825,53.580719,0
                -113.530519,53.581003,0
                -113.530865,53.580981,0
                -113.530963,53.577809,0
                -113.530749,53.57765,0
                -113.530706,53.572106,0
                -113.530954,53.571941,0
                -113.530948,53.570314,0
                -113.530911,53.569516,0
                -113.530883,53.557389,0
                -113.530701,53.557386,0
                -113.52902,53.557387,0
                -113.52902,53.557522,0
                -113.528717,53.557523,0
                -113.526849,53.557523,0
                -113.526844,53.558894,0
                -113.525322,53.558888,0
                -113.525316,53.559098,0
                -113.525317,53.559482,0
                -113.525959,53.559866,0
                -113.526625,53.559674,0
                -113.526858,53.559618,0
                -113.526938,53.564233,0
                -113.526089,53.564233,0
                -113.523255,53.564225,0
                -113.518397,53.564225,0
                -113.517894,53.564133,0
                -113.517797,53.564006,0
                -113.515791,53.563154,0
                -113.515804,53.560278,0
                -113.515821,53.558214,0
                -113.510232,53.558215,0
                -113.510231,53.558317,0
                -113.506599,53.558328,0
                -113.504755,53.55832,0
                -113.504194,53.558312,0
                -113.502916,53.557775,0
                -113.502929,53.556711,0
                -113.50077,53.556702,0
                -113.500749,53.557532,0
                -113.495561,53.555357,0
                -113.495555,53.557085,0
                -113.493714,53.557085,0
                -113.493709,53.557838,0
              </coordinates>
            </LinearRing>
          </outerBoundaryIs>
        </Polygon>
      </Placemark>
      <Placemark>
        <name>Northwest Industrial</name>
        <styleUrl>#poly-F8971B-2000-76-nodesc</styleUrl>
        <Polygon>
          <outerBoundaryIs>
            <LinearRing>
              <tessellate>1</tessellate>
              <coordinates>
                -113.661562,53.573657,0
                -113.661596,53.569381,0
                -113.659172,53.557599,0
                -113.659093,53.555766,0
                -113.658134,53.555871,0
                -113.653095,53.555882,0
                -113.651966,53.555883,0
                -113.643907,53.555897,0
                -113.63991,53.555904,0
                -113.639363,53.555904,0
                -113.633529,53.555894,0
                -113.633393,53.555812,0
                -113.633128,53.555962,0
                -113.627334,53.555944,0
                -113.627147,53.555883,0
                -113.623055,53.555877,0
                -113.622712,53.555971,0
                -113.61527,53.555947,0
                -113.615186,53.572875,0
                -113.617869,53.572772,0
                -113.625261,53.571476,0
                -113.630318,53.57182,0
                -113.631448,53.572004,0
                -113.639914,53.573118,0
                -113.65176,53.573611,0
                -113.661562,53.573657,0
              </coordinates>
            </LinearRing>
          </outerBoundaryIs>
        </Polygon>
      </Placemark>
      <Placemark>
        <name>Alberta Avenue</name>
        <styleUrl>#poly-F8971B-2000-76-nodesc</styleUrl>
        <Polygon>
          <outerBoundaryIs>
            <LinearRing>
              <tessellate>1</tessellate>
              <coordinates>
                -113.494678,53.570615,0
                -113.495321,53.570615,0
                -113.495736,53.570888,0
                -113.496425,53.570888,0
                -113.496517,53.570751,0
                -113.497207,53.57075,0
                -113.497386,53.570749,0
                -113.497372,53.57195,0
                -113.49922,53.571957,0
                -113.499224,53.570716,0
                -113.501098,53.570722,0
                -113.501093,53.570358,0
                -113.495578,53.570335,0
                -113.495107,53.569825,0
                -113.496225,53.569285,0
                -113.495692,53.568825,0
                -113.493671,53.568807,0
                -113.493657,53.569928,0
                -113.493533,53.56993,0
                -113.49289,53.569932,0
                -113.492798,53.569962,0
                -113.491021,53.569959,0
                -113.490929,53.56994,0
                -113.490377,53.569942,0
                -113.490069,53.569964,0
                -113.48952,53.569963,0
                -113.48943,53.570037,0
                -113.488878,53.570037,0
                -113.488571,53.56997,0
                -113.487976,53.569974,0
                -113.487962,53.568505,0
                -113.487916,53.568505,0
                -113.487387,53.568507,0
                -113.487215,53.568509,0
                -113.487234,53.569501,0
                -113.48707,53.569502,0
                -113.486518,53.569503,0
                -113.486475,53.569503,0
                -113.48648,53.569974,0
                -113.48588,53.569977,0
                -113.485582,53.56999,0
                -113.484074,53.570002,0
                -113.482879,53.57,0
                -113.481381,53.570004,0
                -113.48107,53.570003,0
                -113.479876,53.570005,0
                -113.479576,53.56998,0
                -113.479024,53.569981,0
                -113.479024,53.570072,0
                -113.478932,53.570071,0
                -113.477525,53.570078,0
                -113.477428,53.570004,0
                -113.476879,53.570007,0
                -113.476578,53.569998,0
                -113.474956,53.569994,0
                -113.474654,53.569966,0
                -113.474102,53.569966,0
                -113.47401,53.569967,0
                -113.473458,53.569967,0
                -113.473159,53.569998,0
                -113.472604,53.569998,0
                -113.471956,53.569996,0
                -113.471105,53.569996,0
                -113.471012,53.570064,0
                -113.470459,53.570063,0
                -113.470155,53.570061,0
                -113.469603,53.570062,0
                -113.46951,53.57006,0
                -113.468959,53.570062,0
                -113.468655,53.569882,0
                -113.468103,53.569882,0
                -113.46806,53.569878,0
                -113.468051,53.568887,0
                -113.467459,53.568885,0
                -113.466431,53.568885,0
                -113.466423,53.569907,0
                -113.465687,53.569906,0
                -113.46538,53.569998,0
                -113.464187,53.569993,0
                -113.463881,53.570002,0
                -113.462735,53.57,0
                -113.462513,53.569999,0
                -113.462518,53.568894,0
                -113.461136,53.568888,0
                -113.460774,53.568994,0
                -113.459356,53.570234,0
                -113.459398,53.570341,0
                -113.461027,53.57034,0
                -113.46103,53.570854,0
                -113.463283,53.570864,0
                -113.463284,53.571073,0
                -113.46333,53.571073,0
                -113.463882,53.571074,0
                -113.464005,53.571074,0
                -113.463994,53.571936,0
                -113.467234,53.57195,0
                -113.467248,53.570761,0
                -113.468242,53.570758,0
                -113.468933,53.570758,0
                -113.469235,53.570755,0
                -113.469925,53.570757,0
                -113.470017,53.570757,0
                -113.470706,53.570757,0
                -113.471663,53.570757,0
                -113.471756,53.570795,0
                -113.472481,53.570798,0
                -113.472782,53.570825,0
                -113.474254,53.570827,0
                -113.475413,53.57082,0
                -113.475447,53.570798,0
                -113.476036,53.570798,0
                -113.476336,53.570823,0
                -113.477078,53.570825,0
                -113.477072,53.570944,0
                -113.477119,53.570943,0
                -113.477807,53.570943,0
                -113.477952,53.570944,0
                -113.477948,53.571255,0
                -113.478112,53.571256,0
                -113.479721,53.571258,0
                -113.479727,53.570753,0
                -113.479884,53.570754,0
                -113.481062,53.570754,0
                -113.481196,53.570755,0
                -113.481195,53.57081,0
                -113.482538,53.570815,0
                -113.482841,53.570807,0
                -113.484084,53.57081,0
                -113.48415,53.57083,0
                -113.485626,53.57083,0
                -113.485933,53.570812,0
                -113.487318,53.570812,0
                -113.487319,53.570728,0
                -113.4881,53.570732,0
                -113.488099,53.570849,0
                -113.488145,53.570849,0
                -113.488719,53.570849,0
                -113.489023,53.570848,0
                -113.489688,53.570848,0
                -113.490566,53.570856,0
                -113.49114,53.570855,0
                -113.491189,53.570856,0
                -113.491188,53.571036,0
                -113.491233,53.571036,0
                -113.491807,53.571036,0
                -113.492354,53.57104,0
                -113.492352,53.57067,0
                -113.492884,53.570673,0
                -113.493528,53.570672,0
                -113.493896,53.570752,0
                -113.494585,53.570752,0
                -113.494678,53.570615,0
              </coordinates>
            </LinearRing>
          </outerBoundaryIs>
        </Polygon>
      </Placemark>
      <Placemark>
        <name>Fort Road and Area</name>
        <styleUrl>#poly-F8971B-2000-76-nodesc</styleUrl>
        <Polygon>
          <outerBoundaryIs>
            <LinearRing>
              <tessellate>1</tessellate>
              <coordinates>
                -113.438857,53.585012,0
                -113.437118,53.58607,0
                -113.436269,53.586636,0
                -113.434514,53.587724,0
                -113.430323,53.59034,0
                -113.425363,53.593386,0
                -113.41869,53.597593,0
                -113.42012,53.598291,0
                -113.422313,53.599001,0
                -113.423543,53.599249,0
                -113.424876,53.599376,0
                -113.428852,53.599403,0
                -113.428844,53.59919,0
                -113.428844,53.599127,0
                -113.428817,53.599127,0
                -113.428818,53.598913,0
                -113.428845,53.598913,0
                -113.428848,53.598368,0
                -113.42885,53.59783,0
                -113.428852,53.597556,0
                -113.428891,53.597556,0
                -113.429047,53.597405,0
                -113.429026,53.596376,0
                -113.428922,53.596296,0
                -113.428019,53.595836,0
                -113.428945,53.595122,0
                -113.428382,53.594848,0
                -113.429908,53.593733,0
                -113.430169,53.593845,0
                -113.430382,53.593898,0
                -113.430563,53.593924,0
                -113.431424,53.593928,0
                -113.431443,53.59225,0
                -113.432177,53.592254,0
                -113.432183,53.591828,0
                -113.432942,53.591832,0
                -113.432936,53.591471,0
                -113.433362,53.59116,0
                -113.433871,53.591019,0
                -113.434488,53.591021,0
                -113.43449,53.590993,0
                -113.434492,53.590637,0
                -113.434445,53.590457,0
                -113.434509,53.590369,0
                -113.435947,53.589331,0
                -113.435954,53.58878,0
                -113.436083,53.588722,0
                -113.436651,53.588712,0
                -113.43667,53.588384,0
                -113.437553,53.588372,0
                -113.437602,53.588196,0
                -113.438199,53.588194,0
                -113.438233,53.587623,0
                -113.442903,53.587645,0
                -113.442909,53.5872,0
                -113.442895,53.586086,0
                -113.444475,53.586102,0
                -113.444475,53.585032,0
                -113.446085,53.585039,0
                -113.446099,53.583977,0
                -113.445854,53.583872,0
                -113.447014,53.583345,0
                -113.447267,53.583331,0
                -113.449107,53.583332,0
                -113.449106,53.583469,0
                -113.449908,53.583466,0
                -113.450766,53.583466,0
                -113.450602,53.583417,0
                -113.450602,53.583041,0
                -113.449866,53.583034,0
                -113.449869,53.582589,0
                -113.450625,53.582243,0
                -113.450658,53.582181,0
                -113.450706,53.582137,0
                -113.450766,53.582103,0
                -113.451373,53.581825,0
                -113.4517,53.581676,0
                -113.451794,53.581637,0
                -113.451893,53.581604,0
                -113.451996,53.581576,0
                -113.452104,53.581555,0
                -113.452357,53.581524,0
                -113.452636,53.581525,0
                -113.452958,53.581573,0
                -113.453165,53.581612,0
                -113.453325,53.581645,0
                -113.453805,53.581341,0
                -113.453291,53.580934,0
                -113.452474,53.580285,0
                -113.451924,53.579865,0
                -113.450958,53.579252,0
                -113.450268,53.578915,0
                -113.449861,53.578736,0
                -113.44943,53.578601,0
                -113.449252,53.578557,0
                -113.449201,53.578548,0
                -113.448985,53.578683,0
                -113.445333,53.580964,0
                -113.44279,53.582552,0
                -113.440676,53.583872,0
                -113.438857,53.585012,0
              </coordinates>
            </LinearRing>
          </outerBoundaryIs>
        </Polygon>
      </Placemark>
      <Placemark>
        <name>The Crossroads</name>
        <styleUrl>#poly-F8971B-2000-76-nodesc</styleUrl>
        <Polygon>
          <outerBoundaryIs>
            <LinearRing>
              <tessellate>1</tessellate>
              <coordinates>
                -113.547688,53.568434,0
                -113.547693,53.569233,0
                -113.547636,53.569322,0
                -113.547499,53.569348,0
                -113.546231,53.569352,0
                -113.546226,53.569794,0
                -113.544512,53.56979,0
                -113.537864,53.569798,0
                -113.537562,53.569771,0
                -113.536872,53.569771,0
                -113.53682,53.569772,0
                -113.536809,53.558901,0
                -113.53503,53.558899,0
                -113.535057,53.569804,0
                -113.531718,53.569798,0
                -113.531705,53.570816,0
                -113.531759,53.570819,0
                -113.53232,53.570819,0
                -113.532424,53.570819,0
                -113.532424,53.570864,0
                -113.532624,53.570872,0
                -113.533272,53.570872,0
                -113.533313,53.570872,0
                -113.533319,53.571419,0
                -113.533366,53.571419,0
                -113.534014,53.571419,0
                -113.534136,53.57142,0
                -113.534136,53.571249,0
                -113.5359,53.571256,0
                -113.535903,53.571145,0
                -113.536093,53.571144,0
                -113.536783,53.571143,0
                -113.536828,53.571145,0
                -113.536831,53.570852,0
                -113.541225,53.570842,0
                -113.541225,53.571001,0
                -113.541483,53.571003,0
                -113.54197,53.571003,0
                -113.542092,53.57104,0
                -113.548332,53.571033,0
                -113.548849,53.571659,0
                -113.549368,53.571499,0
                -113.549711,53.571392,0
                -113.549911,53.571773,0
                -113.550076,53.571963,0
                -113.551028,53.571662,0
                -113.550827,53.571409,0
                -113.551403,53.570828,0
                -113.553081,53.570836,0
                -113.553072,53.570304,0
                -113.551279,53.570295,0
                -113.551279,53.570161,0
                -113.551276,53.569598,0
                -113.551126,53.569598,0
                -113.550435,53.569597,0
                -113.550435,53.567268,0
                -113.550537,53.567268,0
                -113.550537,53.567241,0
                -113.550308,53.566912,0
                -113.550231,53.566822,0
                -113.550231,53.566389,0
                -113.550227,53.566362,0
                -113.550435,53.566362,0
                -113.550435,53.566137,0
                -113.550808,53.565677,0
                -113.55296,53.565678,0
                -113.552962,53.565214,0
                -113.553316,53.565214,0
                -113.553316,53.565127,0
                -113.553318,53.564355,0
                -113.553318,53.564338,0
                -113.554029,53.564338,0
                -113.554197,53.563876,0
                -113.554231,53.563786,0
                -113.554433,53.563806,0
                -113.554591,53.56382,0
                -113.554783,53.56383,0
                -113.554946,53.563836,0
                -113.555483,53.563836,0
                -113.555492,53.561593,0
                -113.555497,53.560529,0
                -113.555537,53.558874,0
                -113.55545,53.558811,0
                -113.553701,53.558795,0
                -113.552009,53.558838,0
                -113.551743,53.558707,0
                -113.551426,53.558555,0
                -113.551007,53.557801,0
                -113.550451,53.557797,0
                -113.550437,53.558845,0
                -113.550434,53.559121,0
                -113.550436,53.560391,0
                -113.550437,53.560487,0
                -113.550436,53.560601,0
                -113.550436,53.562159,0
                -113.550435,53.563138,0
                -113.550436,53.563236,0
                -113.550148,53.563235,0
                -113.550129,53.563599,0
                -113.549999,53.563842,0
                -113.548693,53.565305,0
                -113.54837,53.565816,0
                -113.548262,53.566076,0
                -113.548167,53.566554,0
                -113.548158,53.567382,0
                -113.546952,53.567382,0
                -113.547688,53.568434,0
              </coordinates>
            </LinearRing>
          </outerBoundaryIs>
        </Polygon>
      </Placemark>
      <Placemark>
        <name>North Edge</name>
        <styleUrl>#poly-F8971B-2000-76-nodesc</styleUrl>
        <Polygon>
          <outerBoundaryIs>
            <LinearRing>
              <tessellate>1</tessellate>
              <coordinates>
                -113.494685,53.551932,0
                -113.495375,53.551932,0
                -113.495552,53.551932,0
                -113.495743,53.551931,0
                -113.496433,53.551931,0
                -113.496481,53.551931,0
                -113.496481,53.551885,0
                -113.496525,53.551885,0
                -113.497215,53.551885,0
                -113.497397,53.551886,0
                -113.497397,53.551929,0
                -113.497582,53.551931,0
                -113.499055,53.551931,0
                -113.499236,53.551933,0
                -113.499423,53.551931,0
                -113.500894,53.551931,0
                -113.501075,53.551932,0
                -113.501262,53.551931,0
                -113.502733,53.551931,0
                -113.502913,53.551931,0
                -113.503101,53.551931,0
                -113.503883,53.551931,0
                -113.504568,53.55193,0
                -113.504752,53.55193,0
                -113.504936,53.55193,0
                -113.505719,53.55193,0
                -113.50641,53.551932,0
                -113.506592,53.551931,0
                -113.506777,53.551931,0
                -113.50819,53.551931,0
                -113.50842,53.551929,0
                -113.508664,53.55193,0
                -113.510089,53.55193,0
                -113.510272,53.551931,0
                -113.510457,53.551931,0
                -113.511929,53.55193,0
                -113.512297,53.55193,0
                -113.512987,53.55193,0
                -113.513028,53.551931,0
                -113.513029,53.551793,0
                -113.513079,53.551793,0
                -113.513769,53.551793,0
                -113.51395,53.551794,0
                -113.51395,53.551776,0
                -113.514869,53.551778,0
                -113.514868,53.551794,0
                -113.514917,53.551794,0
                -113.515606,53.551794,0
                -113.515779,53.551795,0
                -113.51578,53.551897,0
                -113.517637,53.551901,0
                -113.517639,53.552996,0
                -113.519469,53.552995,0
                -113.519472,53.551929,0
                -113.519654,53.55193,0
                -113.520388,53.551929,0
                -113.520389,53.551792,0
                -113.521125,53.551792,0
                -113.52131,53.551791,0
                -113.521493,53.551792,0
                -113.522183,53.551792,0
                -113.52223,53.551792,0
                -113.522227,53.552066,0
                -113.522275,53.552066,0
                -113.522964,53.552065,0
                -113.523146,53.552064,0
                -113.52314,53.55141,0
                -113.523145,53.548272,0
                -113.526794,53.548283,0
                -113.52699,53.548288,0
                -113.526986,53.547827,0
                -113.527412,53.547826,0
                -113.527199,53.54778,0
                -113.521491,53.547781,0
                -113.521122,53.54778,0
                -113.515974,53.547781,0
                -113.512113,53.547781,0
                -113.512114,53.548261,0
                -113.508419,53.548261,0
                -113.507463,53.548248,0
                -113.507295,53.548212,0
                -113.506374,53.547778,0
                -113.504754,53.547769,0
                -113.502913,53.547765,0
                -113.501098,53.547767,0
                -113.499235,53.547763,0
                -113.49739,53.547765,0
                -113.49554,53.547764,0
                -113.494149,53.547766,0
                -113.494148,53.547878,0
                -113.494149,53.548289,0
                -113.494148,53.548317,0
                -113.494639,53.548316,0
                -113.494638,53.549822,0
                -113.494637,53.551411,0
                -113.494638,53.551932,0
                -113.494685,53.551932,0
              </coordinates>
            </LinearRing>
          </outerBoundaryIs>
        </Polygon>
      </Placemark>
      <Placemark>
        <name>Stony Plain Road and Area</name>
        <styleUrl>#poly-F8971B-2000-76-nodesc</styleUrl>
        <Polygon>
          <outerBoundaryIs>
            <LinearRing>
              <tessellate>1</tessellate>
              <coordinates>
                -113.615858,53.545243,0
                -113.616105,53.544769,0
                -113.616091,53.544361,0
                -113.616008,53.544075,0
                -113.615431,53.543537,0
                -113.616383,53.542672,0
                -113.61673,53.542342,0
                -113.616922,53.542026,0
                -113.616973,53.541786,0
                -113.616982,53.541516,0
                -113.616882,53.541275,0
                -113.616916,53.539263,0
                -113.616929,53.53905,0
                -113.616882,53.538881,0
                -113.616784,53.538698,0
                -113.616562,53.538412,0
                -113.615744,53.53783,0
                -113.615248,53.537558,0
                -113.615246,53.537402,0
                -113.614755,53.5374,0
                -113.614543,53.5375,0
                -113.613594,53.537513,0
                -113.613597,53.538635,0
                -113.613022,53.538635,0
                -113.613024,53.539174,0
                -113.613022,53.539282,0
                -113.612874,53.539281,0
                -113.611113,53.53929,0
                -113.610221,53.539284,0
                -113.609333,53.539283,0
                -113.608446,53.539284,0
                -113.607563,53.539291,0
                -113.605933,53.539288,0
                -113.605938,53.538865,0
                -113.603682,53.538849,0
                -113.603676,53.539221,0
                -113.602687,53.539219,0
                -113.600854,53.539217,0
                -113.597344,53.539226,0
                -113.59381,53.539214,0
                -113.590288,53.539209,0
                -113.588558,53.539205,0
                -113.586801,53.539206,0
                -113.585051,53.539201,0
                -113.58329,53.539198,0
                -113.581541,53.539205,0
                -113.578214,53.539189,0
                -113.57803,53.539259,0
                -113.578044,53.541245,0
                -113.578033,53.541734,0
                -113.576746,53.542054,0
                -113.575972,53.542125,0
                -113.575554,53.542139,0
                -113.575197,53.542134,0
                -113.574272,53.542104,0
                -113.574263,53.542019,0
                -113.574255,53.541368,0
                -113.573843,53.541367,0
                -113.57376,53.541309,0
                -113.572658,53.541307,0
                -113.572549,53.541262,0
                -113.570832,53.541259,0
                -113.570842,53.541748,0
                -113.570041,53.541747,0
                -113.569124,53.542024,0
                -113.568249,53.542287,0
                -113.56588,53.542418,0
                -113.565503,53.542491,0
                -113.562105,53.542488,0
                -113.562101,53.542836,0
                -113.562674,53.54302,0
                -113.563046,53.543304,0
                -113.563052,53.543737,0
                -113.563893,53.543737,0
                -113.56484,53.543743,0
                -113.564842,53.544599,0
                -113.565731,53.544596,0
                -113.565732,53.544026,0
                -113.567458,53.54401,0
                -113.567441,53.543266,0
                -113.568299,53.54322,0
                -113.568698,53.5432,0
                -113.569139,53.543065,0
                -113.570002,53.542805,0
                -113.570856,53.542549,0
                -113.570851,53.542393,0
                -113.571705,53.542392,0
                -113.57256,53.542393,0
                -113.572562,53.542521,0
                -113.574275,53.542522,0
                -113.575121,53.542525,0
                -113.577001,53.542525,0
                -113.578045,53.542525,0
                -113.578057,53.543289,0
                -113.581547,53.543303,0
                -113.585057,53.543293,0
                -113.590314,53.543304,0
                -113.592083,53.543321,0
                -113.593861,53.543311,0
                -113.595635,53.543308,0
                -113.597399,53.543316,0
                -113.599204,53.543318,0
                -113.600955,53.54331,0
                -113.602606,53.543313,0
                -113.602611,53.544858,0
                -113.602615,53.54502,0
                -113.60278,53.54502,0
                -113.605296,53.54502,0
                -113.605296,53.545046,0
                -113.605334,53.545047,0
                -113.608736,53.545046,0
                -113.608734,53.545019,0
                -113.608728,53.544202,0
                -113.608866,53.544202,0
                -113.608863,53.543936,0
                -113.610889,53.543935,0
                -113.6109,53.546177,0
                -113.612289,53.546177,0
                -113.612667,53.546321,0
                -113.615537,53.546316,0
                -113.615858,53.545243,0
              </coordinates>
            </LinearRing>
          </outerBoundaryIs>
        </Polygon>
      </Placemark>
    </Folder>
  </Document>
</kml>
